draw_index	key	batch	fold	class	query	support	photo_group	native_I	native_U	rcg_I	rcg_U	native_iou	delta_iou	ceiling_headroom	quality_bin
0	public0:0_0_72	official0	0	72	val2014/COCO_val2014_000000507081.jpg	val2014/COCO_val2014_000000486122.jpg	0	0	256592	0	265060	0.0	0.0	1.0	[0,.25)
1	public0:0_1_44	official0	0	44	val2014/COCO_val2014_000000504005.jpg	val2014/COCO_val2014_000000570465.jpg	1	103928	123743	107372	115916	0.8398697300049296	0.08642172242614121	0.1601302699950704	[.75,.9)
2	public0:0_2_32	official0	0	32	val2014/COCO_val2014_000000074951.jpg	val2014/COCO_val2014_000000041212.jpg	2	10937	11509	11474	12850	0.9502997654009905	-0.05738147746324729	0.04970023459900952	[.9,1]
3	public0:0_3_36	official0	0	36	val2014/COCO_val2014_000000057286.jpg	val2014/COCO_val2014_000000332987.jpg	3	14991	111850	14797	113759	0.13402771569065713	-0.003954490715050801	0.8659722843093429	[0,.25)
4	public0:0_4_72	official0	0	72	val2014/COCO_val2014_000000131416.jpg	val2014/COCO_val2014_000000117899.jpg	4	42280	58064	43323	58216	0.7281620281069165	0.016014830488658593	0.27183797189308345	[.5,.75)
5	public0:0_5_72	official0	0	72	val2014/COCO_val2014_000000267942.jpg	val2014/COCO_val2014_000000346702.jpg	5	394852	534534	386294	534405	0.7386845364373454	-0.015835760696100487	0.26131546356265456	[.5,.75)
6	public0:0_6_60	official0	0	60	val2014/COCO_val2014_000000353982.jpg	val2014/COCO_val2014_000000276413.jpg	6	6215	194639	8930	168398	0.03193090798863537	0.02109822537399364	0.9680690920113646	[0,.25)
7	public0:0_7_56	official0	0	56	val2014/COCO_val2014_000000345595.jpg	val2014/COCO_val2014_000000393814.jpg	7	11549	21923	10898	20929	0.526798339643297	-0.006085453217763104	0.47320166035670297	[.5,.75)
8	public0:0_8_20	official0	0	20	val2014/COCO_val2014_000000359135.jpg	val2014/COCO_val2014_000000170739.jpg	8	646975	779196	663895	784891	0.830310987222727	0.015532575768822166	0.169689012777273	[.75,.9)
9	public0:0_9_8	official0	0	8	val2014/COCO_val2014_000000128669.jpg	val2014/COCO_val2014_000000013420.jpg	9	181775	239019	184835	240727	0.7605043950480924	0.007315583599919684	0.23949560495190758	[.75,.9)
10	public0:0_10_32	official0	0	32	val2014/COCO_val2014_000000188862.jpg	val2014/COCO_val2014_000000225405.jpg	10	7829	14004	9606	14068	0.5590545558411882	0.12377171655005426	0.44094544415881176	[.5,.75)
11	public0:0_11_0	official0	0	0	val2014/COCO_val2014_000000166948.jpg	val2014/COCO_val2014_000000415183.jpg	11	472980	533010	486937	532729	0.8873754713795239	0.026667128141057872	0.11262452862047612	[.75,.9)
12	public0:0_12_20	official0	0	20	val2014/COCO_val2014_000000501047.jpg	val2014/COCO_val2014_000000510154.jpg	12	63793	75906	62851	75720	0.8404210470845519	-0.010376144813025179	0.1595789529154481	[.75,.9)
13	public0:0_13_60	official0	0	60	val2014/COCO_val2014_000000480212.jpg	val2014/COCO_val2014_000000434511.jpg	13	518191	596572	527953	659504	0.8686143499862548	-0.06808395138366852	0.13138565001374525	[.75,.9)
14	public0:0_14_64	official0	0	64	val2014/COCO_val2014_000000050942.jpg	val2014/COCO_val2014_000000108026.jpg	14	74689	95222	74689	87571	0.7843670580328076	0.06852944880164669	0.2156329419671924	[.75,.9)
15	public0:0_15_60	official0	0	60	val2014/COCO_val2014_000000399570.jpg	val2014/COCO_val2014_000000115776.jpg	15	6044	312933	3593	266243	0.019314038468298326	-0.00581884798441706	0.9806859615317016	[0,.25)
16	public0:0_16_64	official0	0	64	val2014/COCO_val2014_000000468773.jpg	val2014/COCO_val2014_000000290532.jpg	16	30264	35091	30546	32856	0.8624433615456955	0.06724984517453825	0.13755663845430455	[.75,.9)
17	public0:0_17_68	official0	0	68	val2014/COCO_val2014_000000313130.jpg	val2014/COCO_val2014_000000105177.jpg	17	36893	38930	37616	39985	0.9476753146673517	-0.006922532373991652	0.052324685332648335	[.9,1]
18	public0:0_18_52	official0	0	52	val2014/COCO_val2014_000000311950.jpg	val2014/COCO_val2014_000000557926.jpg	18	71164	127168	77181	127013	0.5596061902365375	0.04805601756896272	0.44039380976346254	[.5,.75)
19	public0:0_19_64	official0	0	64	val2014/COCO_val2014_000000430640.jpg	val2014/COCO_val2014_000000068646.jpg	19	29478	50660	30118	49222	0.5818791946308725	0.030001671648433592	0.41812080536912755	[.5,.75)
20	public0:0_20_8	official0	0	8	val2014/COCO_val2014_000000428856.jpg	val2014/COCO_val2014_000000172850.jpg	20	168377	195056	171192	197370	0.8632238946764006	0.004141966396710828	0.1367761053235994	[.75,.9)
21	public0:0_21_68	official0	0	68	val2014/COCO_val2014_000000321865.jpg	val2014/COCO_val2014_000000157866.jpg	21	11073	14733	11415	15723	0.7515780900020362	-0.025571602690454442	0.24842190999796376	[.75,.9)
22	public0:0_22_20	official0	0	20	val2014/COCO_val2014_000000451872.jpg	val2014/COCO_val2014_000000028449.jpg	22	197554	220051	201687	222141	0.8977646091133419	0.010158736869614882	0.10223539088665812	[.75,.9)
23	public0:0_23_32	official0	0	32	val2014/COCO_val2014_000000090374.jpg	val2014/COCO_val2014_000000487898.jpg	23	3033	24608	3284	23223	0.12325260078023408	0.01815893089095398	0.876747399219766	[0,.25)
24	public0:0_24_68	official0	0	68	val2014/COCO_val2014_000000355256.jpg	val2014/COCO_val2014_000000334291.jpg	24	22940	34972	22181	35398	0.6559533340958481	-0.02933601108324857	0.3440466659041519	[.5,.75)
25	public0:0_25_68	official0	0	68	val2014/COCO_val2014_000000124594.jpg	val2014/COCO_val2014_000000571808.jpg	25	75939	82314	75831	81535	0.9225526641883519	0.007489648928714399	0.07744733581164809	[.9,1]
26	public0:0_26_40	official0	0	40	val2014/COCO_val2014_000000138517.jpg	val2014/COCO_val2014_000000100231.jpg	26	22268	33594	21351	30922	0.6628564624635351	0.027622807958817885	0.33714353753646487	[.5,.75)
27	public0:0_27_48	official0	0	48	val2014/COCO_val2014_000000363666.jpg	val2014/COCO_val2014_000000575020.jpg	27	8382	44814	8538	48898	0.187039764359352	-0.012431395918924976	0.812960235640648	[0,.25)
28	public0:0_28_52	official0	0	52	val2014/COCO_val2014_000000420610.jpg	val2014/COCO_val2014_000000324979.jpg	28	15698	31222	15594	20000	0.5027864967010441	0.2769135032989558	0.49721350329895586	[.5,.75)
29	public0:0_29_0	official0	0	0	val2014/COCO_val2014_000000527038.jpg	val2014/COCO_val2014_000000006417.jpg	29	64059	89991	63056	86814	0.7118378504517119	0.014496611731806941	0.2881621495482881	[.5,.75)
30	public0:0_30_48	official0	0	48	val2014/COCO_val2014_000000494810.jpg	val2014/COCO_val2014_000000051174.jpg	30	110546	263231	109559	248517	0.419958135629922	0.020892993266692694	0.580041864370078	[.25,.5)
31	public0:0_31_56	official0	0	56	val2014/COCO_val2014_000000358389.jpg	val2014/COCO_val2014_000000065883.jpg	31	161712	323508	167421	250372	0.49987017322600985	0.168818817555707	0.5001298267739902	[.25,.5)
32	public0:0_32_32	official0	0	32	val2014/COCO_val2014_000000063617.jpg	val2014/COCO_val2014_000000029719.jpg	32	8369	9300	8995	11257	0.8998924731182796	-0.10083410943346127	0.10010752688172042	[.75,.9)
33	public0:0_33_12	official0	0	12	val2014/COCO_val2014_000000073731.jpg	val2014/COCO_val2014_000000240764.jpg	33	47104	334597	52354	331807	0.14077830942895483	0.017006185774582155	0.8592216905710451	[0,.25)
34	public0:0_34_76	official0	0	76	val2014/COCO_val2014_000000550322.jpg	val2014/COCO_val2014_000000353982.jpg	6	70639	83295	73744	85910	0.8480581067290954	0.010328577009701023	0.15194189327090457	[.75,.9)
35	public0:0_35_36	official0	0	36	val2014/COCO_val2014_000000102848.jpg	val2014/COCO_val2014_000000218721.jpg	34	52406	68218	44241	61946	0.7682136679468762	-0.054027118371439475	0.23178633205312382	[.75,.9)
36	public0:0_36_8	official0	0	8	val2014/COCO_val2014_000000117704.jpg	val2014/COCO_val2014_000000442822.jpg	35	144408	178335	147540	182033	0.8097569181596433	0.0007554614638315416	0.19024308184035665	[.75,.9)
37	public0:0_37_12	official0	0	12	val2014/COCO_val2014_000000107004.jpg	val2014/COCO_val2014_000000414882.jpg	36	34797	99771	35016	88385	0.34876868027783625	0.04740714141136443	0.6512313197221637	[.25,.5)
38	public0:0_38_44	official0	0	44	val2014/COCO_val2014_000000134574.jpg	val2014/COCO_val2014_000000140545.jpg	37	13743	21627	11377	21384	0.6354556803995006	-0.10342238447731578	0.3645443196004994	[.5,.75)
39	public0:0_39_64	official0	0	64	val2014/COCO_val2014_000000035498.jpg	val2014/COCO_val2014_000000255573.jpg	38	240539	257958	242082	256929	0.9324735034385443	0.009740104211818257	0.0675264965614557	[.9,1]
40	public0:0_40_60	official0	0	60	val2014/COCO_val2014_000000202225.jpg	val2014/COCO_val2014_000000174336.jpg	39	43790	191126	43352	110516	0.22911587120538285	0.16315312151965244	0.7708841287946171	[0,.25)
41	public0:0_41_60	official0	0	60	val2014/COCO_val2014_000000529762.jpg	val2014/COCO_val2014_000000388988.jpg	40	142323	255568	159283	252216	0.5568889688849934	0.0746451130130622	0.4431110311150066	[.5,.75)
42	public0:0_42_44	official0	0	44	val2014/COCO_val2014_000000191359.jpg	val2014/COCO_val2014_000000381382.jpg	41	3803	16415	3338	16217	0.23167834297898263	-0.025844958259244072	0.7683216570210174	[0,.25)
43	public0:0_43_36	official0	0	36	val2014/COCO_val2014_000000514550.jpg	val2014/COCO_val2014_000000429726.jpg	42	10754	24940	10606	29034	0.43119486768243787	-0.06589900765626167	0.5688051323175621	[.25,.5)
44	public0:0_44_76	official0	0	76	val2014/COCO_val2014_000000423058.jpg	val2014/COCO_val2014_000000179850.jpg	43	13341	16866	12883	17253	0.7909996442547136	-0.04428892727795597	0.20900035574528641	[.75,.9)
45	public0:0_45_28	official0	0	28	val2014/COCO_val2014_000000101491.jpg	val2014/COCO_val2014_000000210388.jpg	44	62477	76303	63097	76559	0.8188013577447807	0.005360399853933995	0.1811986422552193	[.75,.9)
46	public0:0_46_28	official0	0	28	val2014/COCO_val2014_000000463360.jpg	val2014/COCO_val2014_000000456638.jpg	45	53762	105676	52905	101077	0.5087437071804384	0.014669136493196566	0.4912562928195616	[.5,.75)
47	public0:0_47_4	official0	0	4	val2014/COCO_val2014_000000300066.jpg	val2014/COCO_val2014_000000268944.jpg	46	61129	74933	67955	82006	0.8157820986748162	0.012876779943821415	0.18421790132518379	[.75,.9)
48	public0:0_48_28	official0	0	28	val2014/COCO_val2014_000000053677.jpg	val2014/COCO_val2014_000000164325.jpg	47	13308	17024	13357	16671	0.7817199248120301	0.019491760149879744	0.21828007518796988	[.75,.9)
49	public0:0_49_48	official0	0	48	val2014/COCO_val2014_000000346788.jpg	val2014/COCO_val2014_000000087383.jpg	48	62806	70684	63325	70552	0.8885462056476713	0.009018711009546099	0.11145379435232872	[.75,.9)
50	public0:0_50_8	official0	0	8	val2014/COCO_val2014_000000104629.jpg	val2014/COCO_val2014_000000219848.jpg	49	31160	41686	28167	41321	0.7474931631722881	-0.06583008628644316	0.2525068368277119	[.5,.75)
51	public0:0_51_0	official0	0	0	val2014/COCO_val2014_000000252135.jpg	val2014/COCO_val2014_000000337305.jpg	50	577552	681933	606143	683117	0.8469336430411786	0.04038580589655827	0.15306635695882143	[.75,.9)
52	public0:0_52_8	official0	0	8	val2014/COCO_val2014_000000111867.jpg	val2014/COCO_val2014_000000120860.jpg	51	12525	524560	8846	437010	0.023877154186365716	-0.0036350544632472517	0.9761228458136343	[0,.25)
53	public0:0_53_4	official0	0	4	val2014/COCO_val2014_000000295765.jpg	val2014/COCO_val2014_000000579158.jpg	52	44888	166872	32216	167070	0.26899659619348965	-0.07616724322766694	0.7310034038065103	[.25,.5)
54	public0:0_54_32	official0	0	32	val2014/COCO_val2014_000000049648.jpg	val2014/COCO_val2014_000000246782.jpg	53	11827	12920	12537	13821	0.9154024767801857	-0.008304582271828842	0.08459752321981429	[.9,1]
55	public0:0_55_28	official0	0	28	val2014/COCO_val2014_000000135975.jpg	val2014/COCO_val2014_000000004980.jpg	54	505245	613162	521218	619405	0.8239992041255003	0.017482540451957074	0.17600079587449968	[.75,.9)
56	public0:0_56_56	official0	0	56	val2014/COCO_val2014_000000351577.jpg	val2014/COCO_val2014_000000418761.jpg	55	41935	97412	40094	89337	0.43049110992485523	0.018303902220168644	0.5695088900751448	[.25,.5)
57	public0:0_57_36	official0	0	36	val2014/COCO_val2014_000000431848.jpg	val2014/COCO_val2014_000000028174.jpg	56	25187	28950	25373	29295	0.8700172711571675	-0.0038967727786046735	0.12998272884283246	[.75,.9)
58	public0:0_58_16	official0	0	16	val2014/COCO_val2014_000000150558.jpg	val2014/COCO_val2014_000000499397.jpg	57	27930	38002	29309	41501	0.7349613178253777	-0.028737371414447765	0.26503868217462234	[.5,.75)
59	public0:0_59_40	official0	0	40	val2014/COCO_val2014_000000570381.jpg	val2014/COCO_val2014_000000217561.jpg	58	25875	38555	22733	32271	0.6711191803916483	0.033321338960091595	0.3288808196083517	[.5,.75)
60	public0:0_60_40	official0	0	40	val2014/COCO_val2014_000000245664.jpg	val2014/COCO_val2014_000000494433.jpg	59	13963	15300	13786	15764	0.9126143790849673	-0.03809014665664967	0.08738562091503266	[.9,1]
61	public0:0_61_52	official0	0	52	val2014/COCO_val2014_000000215303.jpg	val2014/COCO_val2014_000000124759.jpg	60	14707	25107	15126	22078	0.5857728920221452	0.09934351344936487	0.4142271079778548	[.5,.75)
62	public0:0_62_60	official0	0	60	val2014/COCO_val2014_000000062244.jpg	val2014/COCO_val2014_000000250790.jpg	61	98066	216266	99116	289219	0.45345084294341226	-0.11074860000639913	0.5465491570565877	[.25,.5)
63	public0:0_63_0	official0	0	0	val2014/COCO_val2014_000000221669.jpg	val2014/COCO_val2014_000000373571.jpg	62	124262	347045	93481	347223	0.3580573124522756	-0.08883263551555198	0.6419426875477243	[.25,.5)
64	public0:0_64_60	official0	0	60	val2014/COCO_val2014_000000360721.jpg	val2014/COCO_val2014_000000264155.jpg	63	1912	359576	1594	502209	0.005317373795803947	-0.002143396427815719	0.994682626204196	[0,.25)
65	public0:0_65_68	official0	0	68	val2014/COCO_val2014_000000130555.jpg	val2014/COCO_val2014_000000094052.jpg	64	12097	15233	11021	13674	0.7941311626074968	0.011850993308840763	0.20586883739250317	[.75,.9)
66	public0:0_66_4	official0	0	4	val2014/COCO_val2014_000000237060.jpg	val2014/COCO_val2014_000000056736.jpg	65	208719	223381	211851	225867	0.9343632627663051	0.0035825194860823473	0.0656367372336949	[.9,1]
67	public0:0_67_68	official0	0	68	val2014/COCO_val2014_000000320703.jpg	val2014/COCO_val2014_000000138806.jpg	66	11519	67785	11589	72039	0.16993435125765288	-0.009063156488153035	0.8300656487423471	[0,.25)
68	public0:0_68_20	official0	0	20	val2014/COCO_val2014_000000394288.jpg	val2014/COCO_val2014_000000348931.jpg	67	805283	984529	816631	984884	0.8179373080935147	0.011227344799617844	0.18206269190648527	[.75,.9)
69	public0:0_69_44	official0	0	44	val2014/COCO_val2014_000000391132.jpg	val2014/COCO_val2014_000000242060.jpg	68	11694	25820	10605	27967	0.45290472501936485	-0.0737078143746765	0.5470952749806351	[.25,.5)
70	public0:0_70_48	official0	0	48	val2014/COCO_val2014_000000097264.jpg	val2014/COCO_val2014_000000416885.jpg	69	72895	104645	73359	102287	0.6965932438243585	0.0205946686180829	0.3034067561756415	[.5,.75)
71	public0:0_71_44	official0	0	44	val2014/COCO_val2014_000000274109.jpg	val2014/COCO_val2014_000000497593.jpg	70	5489	70381	774	69273	0.07798979838308634	-0.06681661402554444	0.9220102016169136	[0,.25)
72	public0:0_72_56	official0	0	56	val2014/COCO_val2014_000000471023.jpg	val2014/COCO_val2014_000000117563.jpg	71	0	36946	23971	59275	0.0	0.404403205398566	1.0	[0,.25)
73	public0:0_73_28	official0	0	28	val2014/COCO_val2014_000000128291.jpg	val2014/COCO_val2014_000000124803.jpg	72	96924	105623	98771	107918	0.9176410440907757	-0.0023998424376687755	0.08235895590922426	[.9,1]
74	public0:0_74_28	official0	0	28	val2014/COCO_val2014_000000006397.jpg	val2014/COCO_val2014_000000543315.jpg	73	214850	253451	214175	255217	0.8476983716773656	-0.008510543280354388	0.15230162832263439	[.75,.9)
75	public0:0_75_0	official0	0	0	val2014/COCO_val2014_000000239351.jpg	val2014/COCO_val2014_000000081248.jpg	74	135704	201800	132486	202880	0.6724677898909812	-0.01944137033262161	0.3275322101090188	[.5,.75)
76	public0:0_76_44	official0	0	44	val2014/COCO_val2014_000000463961.jpg	val2014/COCO_val2014_000000038190.jpg	75	40904	50203	38509	50721	0.8147720255761608	-0.055540149233028746	0.1852279744238392	[.75,.9)
77	public0:0_77_32	official0	0	32	val2014/COCO_val2014_000000183988.jpg	val2014/COCO_val2014_000000367673.jpg	76	110010	134895	110633	140523	0.8155231846992105	-0.028228578122351133	0.18447681530078952	[.75,.9)
78	public0:0_78_0	official0	0	0	val2014/COCO_val2014_000000037209.jpg	val2014/COCO_val2014_000000114453.jpg	77	39502	57191	37369	57103	0.690703082652865	-0.03628912892013636	0.30929691734713505	[.5,.75)
79	public0:0_79_28	official0	0	28	val2014/COCO_val2014_000000008676.jpg	val2014/COCO_val2014_000000066271.jpg	78	9959	11249	9956	11437	0.8853231398346519	-0.014815139484909867	0.11467686016534806	[.75,.9)
80	public0:0_80_12	official0	0	12	val2014/COCO_val2014_000000214648.jpg	val2014/COCO_val2014_000000277048.jpg	79	89712	92290	89499	93887	0.972066312709936	-0.018803347656201286	0.027933687290063958	[.9,1]
81	public0:0_81_24	official0	0	24	val2014/COCO_val2014_000000153205.jpg	val2014/COCO_val2014_000000204051.jpg	80	40962	71778	39904	70468	0.5706762517763103	-0.00440503647291024	0.4293237482236897	[.5,.75)
82	public0:0_82_60	official0	0	60	val2014/COCO_val2014_000000342958.jpg	val2014/COCO_val2014_000000290076.jpg	81	6488	10179	6336	10071	0.6373907063562236	-0.008257551753900083	0.36260929364377636	[.5,.75)
83	public0:0_83_52	official0	0	52	val2014/COCO_val2014_000000242855.jpg	val2014/COCO_val2014_000000364853.jpg	82	33975	38185	34461	39036	0.8897472829645149	-0.006946791110841399	0.11025271703548511	[.75,.9)
84	public0:0_84_20	official0	0	20	val2014/COCO_val2014_000000574834.jpg	val2014/COCO_val2014_000000238272.jpg	83	106335	215896	105315	212676	0.4925288101678586	0.002661056107602644	0.5074711898321413	[.25,.5)
85	public0:0_85_12	official0	0	12	val2014/COCO_val2014_000000271780.jpg	val2014/COCO_val2014_000000128829.jpg	84	375846	384880	378187	388754	0.9765277489087508	-0.0037094627946530068	0.023472251091249174	[.9,1]
86	public0:0_86_48	official0	0	48	val2014/COCO_val2014_000000496618.jpg	val2014/COCO_val2014_000000258905.jpg	85	490571	516578	490130	516916	0.9496552311557983	-0.0014740953426294334	0.05034476884420169	[.9,1]
87	public0:0_87_52	official0	0	52	val2014/COCO_val2014_000000557780.jpg	val2014/COCO_val2014_000000091779.jpg	86	17038	94208	17377	94869	0.18085512907608695	0.0023132399380272617	0.8191448709239131	[0,.25)
88	public0:0_88_20	official0	0	20	val2014/COCO_val2014_000000346905.jpg	val2014/COCO_val2014_000000067551.jpg	87	555814	604365	567697	612415	0.9196660958195793	0.007314791323942749	0.08033390418042075	[.9,1]
89	public0:0_89_12	official0	0	12	val2014/COCO_val2014_000000475484.jpg	val2014/COCO_val2014_000000114348.jpg	88	89424	95494	91375	95688	0.9364357970134249	0.018490630542799424	0.06356420298657506	[.9,1]
90	public0:0_90_4	official0	0	4	val2014/COCO_val2014_000000246425.jpg	val2014/COCO_val2014_000000545913.jpg	89	14736	84610	8989	86357	0.17416381042429974	-0.07007265394595982	0.8258361895757003	[0,.25)
91	public0:0_91_56	official0	0	56	val2014/COCO_val2014_000000159458.jpg	val2014/COCO_val2014_000000136355.jpg	90	320	239782	55	211270	0.0013345455455371963	-0.0010742151626148694	0.9986654544544628	[0,.25)
92	public0:0_92_24	official0	0	24	val2014/COCO_val2014_000000409914.jpg	val2014/COCO_val2014_000000576886.jpg	91	43368	61013	44609	70589	0.7107993378460328	-0.07884535068089371	0.2892006621539672	[.5,.75)
93	public0:0_93_0	official0	0	0	val2014/COCO_val2014_000000156236.jpg	val2014/COCO_val2014_000000157581.jpg	92	120776	151369	120842	151685	0.7978912458957911	-0.0012271063961701856	0.20210875410420892	[.75,.9)
94	public0:0_94_8	official0	0	8	val2014/COCO_val2014_000000440486.jpg	val2014/COCO_val2014_000000571970.jpg	93	46203	177633	52673	174663	0.2601036969482022	0.0414656108044415	0.7398963030517978	[.25,.5)
95	public0:0_95_48	official0	0	48	val2014/COCO_val2014_000000140263.jpg	val2014/COCO_val2014_000000030273.jpg	94	12054	18132	136	24283	0.6647915287888815	-0.6591909028365691	0.3352084712111185	[.5,.75)
96	public0:0_96_60	official0	0	60	val2014/COCO_val2014_000000356248.jpg	val2014/COCO_val2014_000000011742.jpg	95	4366	224946	566	140878	0.01940910262907542	-0.015391441958140285	0.9805908973709245	[0,.25)
97	public0:0_97_72	official0	0	72	val2014/COCO_val2014_000000281711.jpg	val2014/COCO_val2014_000000180751.jpg	96	63435	85512	67658	80665	0.741825708672467	0.09692715812230146	0.258174291327533	[.5,.75)
98	public0:0_98_8	official0	0	8	val2014/COCO_val2014_000000506004.jpg	val2014/COCO_val2014_000000475244.jpg	97	9121	18987	9503	19088	0.4803813135303102	0.01747074011595967	0.5196186864696898	[.25,.5)
99	public0:0_99_52	official0	0	52	val2014/COCO_val2014_000000224557.jpg	val2014/COCO_val2014_000000506873.jpg	98	83924	159619	90960	165469	0.5257770064967203	0.023933211127124654	0.4742229935032797	[.5,.75)
100	public0:0_100_40	official0	0	40	val2014/COCO_val2014_000000445233.jpg	val2014/COCO_val2014_000000334746.jpg	99	6559	47639	4178	47780	0.13768131153046873	-0.05023886699300535	0.8623186884695313	[0,.25)
101	public0:0_101_4	official0	0	4	val2014/COCO_val2014_000000323709.jpg	val2014/COCO_val2014_000000255096.jpg	100	83904	100684	84516	101548	0.8333399547097851	-0.0010635927922681976	0.16666004529021494	[.75,.9)
102	public0:0_102_32	official0	0	32	val2014/COCO_val2014_000000556537.jpg	val2014/COCO_val2014_000000366611.jpg	101	10054	11070	10371	11488	0.9082204155374887	-0.0054523096879064425	0.09177958446251133	[.9,1]
103	public0:0_103_4	official0	0	4	val2014/COCO_val2014_000000565230.jpg	val2014/COCO_val2014_000000371330.jpg	102	39423	72332	38038	73870	0.5450284797876459	-0.030096843128650352	0.4549715202123541	[.5,.75)
104	public0:0_104_52	official0	0	52	val2014/COCO_val2014_000000385861.jpg	val2014/COCO_val2014_000000569001.jpg	103	18694	23265	20423	28668	0.803524607779927	-0.09112750997052277	0.19647539222007304	[.75,.9)
105	public0:0_105_48	official0	0	48	val2014/COCO_val2014_000000316917.jpg	val2014/COCO_val2014_000000255578.jpg	104	204973	364493	222333	367013	0.5623509916514172	0.04343953892924346	0.4376490083485828	[.5,.75)
106	public0:0_106_44	official0	0	44	val2014/COCO_val2014_000000519460.jpg	val2014/COCO_val2014_000000202944.jpg	105	17353	39691	14795	29320	0.4372023884507823	0.06740197716995444	0.5627976115492177	[.25,.5)
107	public0:0_107_32	official0	0	32	val2014/COCO_val2014_000000029719.jpg	val2014/COCO_val2014_000000371552.jpg	32	28617	30083	29522	31599	0.9512681580959346	-0.016998086258218192	0.04873184190406543	[.9,1]
108	public0:0_108_16	official0	0	16	val2014/COCO_val2014_000000316553.jpg	val2014/COCO_val2014_000000090003.jpg	106	114334	124546	116686	125513	0.9180061985129992	0.011666425039939532	0.08199380148700075	[.9,1]
109	public0:0_109_28	official0	0	28	val2014/COCO_val2014_000000198079.jpg	val2014/COCO_val2014_000000312421.jpg	107	15860	23310	15310	23193	0.6803946803946804	-0.02028171527589462	0.31960531960531957	[.5,.75)
110	public0:0_110_0	official0	0	0	val2014/COCO_val2014_000000457334.jpg	val2014/COCO_val2014_000000124614.jpg	108	65263	254987	28472	232671	0.2559463815802374	-0.13357616784496312	0.7440536184197626	[.25,.5)
111	public0:0_111_20	official0	0	20	val2014/COCO_val2014_000000442175.jpg	val2014/COCO_val2014_000000066800.jpg	109	464349	528809	466855	527333	0.8781034362123187	0.007210018473809421	0.12189656378768132	[.75,.9)
112	public0:0_112_48	official0	0	48	val2014/COCO_val2014_000000533206.jpg	val2014/COCO_val2014_000000061596.jpg	110	167041	182069	169917	183284	0.91745986411745	0.009609601847937133	0.08254013588255005	[.9,1]
113	public0:0_113_24	official0	0	24	val2014/COCO_val2014_000000019592.jpg	val2014/COCO_val2014_000000056752.jpg	111	67683	93730	67320	94044	0.7221060492905154	-0.006270908292684507	0.27789395070948464	[.5,.75)
114	public0:0_114_12	official0	0	12	val2014/COCO_val2014_000000057006.jpg	val2014/COCO_val2014_000000135410.jpg	112	724705	825639	777535	823212	0.8777504454125835	0.06676324000502454	0.12224955458741649	[.75,.9)
115	public0:0_115_12	official0	0	12	val2014/COCO_val2014_000000013414.jpg	val2014/COCO_val2014_000000333956.jpg	113	278651	323569	279454	303669	0.8611795320318077	0.05907903897807476	0.13882046796819225	[.75,.9)
116	public0:0_116_40	official0	0	40	val2014/COCO_val2014_000000269450.jpg	val2014/COCO_val2014_000000526536.jpg	114	17186	20094	18399	21389	0.8552801831392456	0.004928335258061467	0.1447198168607544	[.75,.9)
117	public0:0_117_8	official0	0	8	val2014/COCO_val2014_000000190140.jpg	val2014/COCO_val2014_000000424284.jpg	115	308433	568651	267348	640015	0.5423941925715421	-0.1246727329182527	0.4576058074284579	[.5,.75)
118	public0:0_118_20	official0	0	20	val2014/COCO_val2014_000000109005.jpg	val2014/COCO_val2014_000000477389.jpg	116	24468	36587	26138	37804	0.6687621286249215	0.022646187955334574	0.33123787137507854	[.5,.75)
119	public0:0_119_44	official0	0	44	val2014/COCO_val2014_000000243204.jpg	val2014/COCO_val2014_000000512929.jpg	117	25448	28830	25647	30282	0.8826916406520985	-0.03575286514189435	0.11730835934790151	[.75,.9)
120	public0:0_120_32	official0	0	32	val2014/COCO_val2014_000000571219.jpg	val2014/COCO_val2014_000000190423.jpg	118	31013	33117	30499	33261	0.9364676752121267	-0.01950787244011143	0.0635323247878733	[.9,1]
121	public0:0_121_44	official0	0	44	val2014/COCO_val2014_000000377595.jpg	val2014/COCO_val2014_000000546932.jpg	119	7335	78179	7352	51514	0.09382314943910769	0.04889533485642361	0.9061768505608923	[0,.25)
122	public0:0_122_8	official0	0	8	val2014/COCO_val2014_000000002923.jpg	val2014/COCO_val2014_000000075146.jpg	120	9329	35225	3701	23449	0.2648403122782115	-0.10700842179247647	0.7351596877217885	[.25,.5)
123	public0:0_123_72	official0	0	72	val2014/COCO_val2014_000000488075.jpg	val2014/COCO_val2014_000000110027.jpg	121	16433	19065	16495	21373	0.8619459742984527	-0.09017785564407566	0.13805402570154734	[.75,.9)
124	public0:0_124_44	official0	0	44	val2014/COCO_val2014_000000015254.jpg	val2014/COCO_val2014_000000531327.jpg	122	28287	47937	26831	44079	0.5900869891732899	0.01861556759977656	0.40991301082671006	[.5,.75)
125	public0:0_125_40	official0	0	40	val2014/COCO_val2014_000000505862.jpg	val2014/COCO_val2014_000000084463.jpg	123	17697	25843	18815	26455	0.684788917695314	0.026418793512397176	0.315211082304686	[.5,.75)
126	public0:0_126_20	official0	0	20	val2014/COCO_val2014_000000497076.jpg	val2014/COCO_val2014_000000043448.jpg	124	89925	161852	92802	162832	0.5556001779403406	0.01432465255980686	0.44439982205965944	[.5,.75)
127	public0:0_127_64	official0	0	64	val2014/COCO_val2014_000000315742.jpg	val2014/COCO_val2014_000000095908.jpg	125	7424	8403	7580	8922	0.8834939902415804	-0.033908695464624494	0.11650600975841963	[.75,.9)
128	public0:0_128_48	official0	0	48	val2014/COCO_val2014_000000206751.jpg	val2014/COCO_val2014_000000523316.jpg	126	6168	33063	6340	36308	0.18655294437891298	-0.011935780117593164	0.813447055621087	[0,.25)
129	public0:0_129_8	official0	0	8	val2014/COCO_val2014_000000014845.jpg	val2014/COCO_val2014_000000205401.jpg	127	25955	63573	25997	51555	0.40827080678904565	0.0959867821935943	0.5917291932109543	[.25,.5)
130	public0:0_130_24	official0	0	24	val2014/COCO_val2014_000000452179.jpg	val2014/COCO_val2014_000000178175.jpg	128	13229	16288	12813	14618	0.8121930255402751	0.0643290705056957	0.18780697445972494	[.75,.9)
131	public0:0_131_4	official0	0	4	val2014/COCO_val2014_000000084752.jpg	val2014/COCO_val2014_000000204611.jpg	129	121852	175685	118205	174580	0.6935822637106185	-0.0165001237174921	0.3064177362893815	[.5,.75)
132	public0:0_132_48	official0	0	48	val2014/COCO_val2014_000000400453.jpg	val2014/COCO_val2014_000000071171.jpg	130	30754	32579	29941	32169	0.9439823198993217	-0.013241544618772139	0.05601768010067831	[.9,1]
133	public0:0_133_0	official0	0	0	val2014/COCO_val2014_000000111683.jpg	val2014/COCO_val2014_000000528720.jpg	131	567309	631198	562583	631763	0.898781364959965	-0.008284453934786273	0.10121863504003503	[.75,.9)
134	public0:0_134_24	official0	0	24	val2014/COCO_val2014_000000518163.jpg	val2014/COCO_val2014_000000302219.jpg	132	46589	140866	47235	143925	0.3307327531128874	-0.002540986567811876	0.6692672468871126	[.25,.5)
135	public0:0_135_8	official0	0	8	val2014/COCO_val2014_000000379468.jpg	val2014/COCO_val2014_000000500940.jpg	133	24545	33448	21952	33026	0.7338256397990911	-0.06913721249938787	0.2661743602009089	[.5,.75)
136	public0:0_136_56	official0	0	56	val2014/COCO_val2014_000000227042.jpg	val2014/COCO_val2014_000000560756.jpg	134	0	199213	0	201385	0.0	0.0	1.0	[0,.25)
137	public0:0_137_40	official0	0	40	val2014/COCO_val2014_000000412464.jpg	val2014/COCO_val2014_000000472034.jpg	135	41163	86878	42355	89593	0.4738023435161951	-0.0010533564301504206	0.5261976564838049	[.25,.5)
138	public0:0_138_20	official0	0	20	val2014/COCO_val2014_000000540483.jpg	val2014/COCO_val2014_000000002985.jpg	136	71095	85325	72122	87075	0.8332259009668913	-0.004951424940477289	0.1667740990331087	[.75,.9)
139	public0:0_139_20	official0	0	20	val2014/COCO_val2014_000000501790.jpg	val2014/COCO_val2014_000000263860.jpg	137	58898	70273	59858	71011	0.8381312879768902	0.004808538247215943	0.16186871202310982	[.75,.9)
140	public0:0_140_44	official0	0	44	val2014/COCO_val2014_000000423576.jpg	val2014/COCO_val2014_000000357418.jpg	138	13180	33524	13350	22069	0.3931511752774132	0.21176975453363395	0.6068488247225867	[.25,.5)
141	public0:0_141_8	official0	0	8	val2014/COCO_val2014_000000389123.jpg	val2014/COCO_val2014_000000379468.jpg	133	17948	25891	19070	26341	0.6932138580974083	0.030752582052927635	0.3067861419025917	[.5,.75)
142	public0:0_142_12	official0	0	12	val2014/COCO_val2014_000000030828.jpg	val2014/COCO_val2014_000000170393.jpg	139	15557	19461	16001	20501	0.799393659113098	-0.01889514684540372	0.200606340886902	[.75,.9)
143	public0:0_143_36	official0	0	36	val2014/COCO_val2014_000000495989.jpg	val2014/COCO_val2014_000000376545.jpg	57	6040	96805	6181	83522	0.06239347141160064	0.011610982504732782	0.9376065285883993	[0,.25)
144	public0:0_144_68	official0	0	68	val2014/COCO_val2014_000000174887.jpg	val2014/COCO_val2014_000000026348.jpg	140	146157	194683	146163	198166	0.7507435163830432	-0.013164920660265311	0.24925648361695685	[.75,.9)
145	public0:0_145_76	official0	0	76	val2014/COCO_val2014_000000430762.jpg	val2014/COCO_val2014_000000013783.jpg	141	90617	124530	100621	125176	0.7276720468963302	0.07616415173599544	0.27232795310366975	[.5,.75)
146	public0:0_146_60	official0	0	60	val2014/COCO_val2014_000000021198.jpg	val2014/COCO_val2014_000000476172.jpg	142	15111	276249	661	347666	0.05470065050009231	-0.052799400449756645	0.9452993494999077	[0,.25)
147	public0:0_147_36	official0	0	36	val2014/COCO_val2014_000000116202.jpg	val2014/COCO_val2014_000000336166.jpg	3	17683	62300	18008	39690	0.2838362760834671	0.16988002525188184	0.7161637239165328	[.25,.5)
148	public0:0_148_72	official0	0	72	val2014/COCO_val2014_000000295105.jpg	val2014/COCO_val2014_000000010114.jpg	143	129797	149565	128559	149858	0.8678300404506402	-0.009957921511377643	0.13216995954935984	[.75,.9)
149	public0:0_149_16	official0	0	16	val2014/COCO_val2014_000000435134.jpg	val2014/COCO_val2014_000000028874.jpg	144	23844	27082	26449	30641	0.8804371907540064	-0.017247347080497022	0.1195628092459936	[.75,.9)
150	public0:1_0_73	official0	1	73	val2014/COCO_val2014_000000154095.jpg	val2014/COCO_val2014_000000476810.jpg	145	32958	96852	32909	108414	0.34029240490645524	-0.03674304781235299	0.6597075950935447	[.25,.5)
151	public0:1_1_77	official0	1	77	val2014/COCO_val2014_000000197792.jpg	val2014/COCO_val2014_000000387369.jpg	146	219182	234352	218657	237511	0.9352683143305797	-0.0146499008676243	0.06473168566942034	[.9,1]
152	public0:1_2_21	official0	1	21	val2014/COCO_val2014_000000453981.jpg	val2014/COCO_val2014_000000387355.jpg	147	344055	362009	346566	363916	0.9504045479532277	0.0019196147656415086	0.04959545204677229	[.9,1]
153	public0:1_3_69	official0	1	69	val2014/COCO_val2014_000000261679.jpg	val2014/COCO_val2014_000000039770.jpg	148	39222	252269	39423	249330	0.1554768917306526	0.0026388584799117154	0.8445231082693474	[0,.25)
154	public0:1_4_57	official0	1	57	val2014/COCO_val2014_000000227428.jpg	val2014/COCO_val2014_000000471287.jpg	149	638603	726221	645487	727140	0.8793507761411471	0.00835585531909444	0.1206492238588529	[.75,.9)
155	public0:1_5_1	official0	1	1	val2014/COCO_val2014_000000122302.jpg	val2014/COCO_val2014_000000258860.jpg	150	181246	326447	183486	327703	0.5552080429595003	0.004707490313005547	0.4447919570404997	[.5,.75)
156	public0:1_6_13	official0	1	13	val2014/COCO_val2014_000000521133.jpg	val2014/COCO_val2014_000000443299.jpg	151	171158	582649	183527	622715	0.29375833477788516	0.0009623640972021841	0.7062416652221148	[.25,.5)
157	public0:1_7_5	official0	1	5	val2014/COCO_val2014_000000218208.jpg	val2014/COCO_val2014_000000051167.jpg	152	81365	222675	81964	111185	0.36539800157179747	0.37178776989018036	0.6346019984282025	[.25,.5)
158	public0:1_8_25	official0	1	25	val2014/COCO_val2014_000000465272.jpg	val2014/COCO_val2014_000000571931.jpg	153	51849	61952	52597	62477	0.8369221332644629	0.004939671879830243	0.16307786673553715	[.75,.9)
159	public0:1_9_21	official0	1	21	val2014/COCO_val2014_000000296511.jpg	val2014/COCO_val2014_000000085926.jpg	154	244720	266720	248394	268679	0.9175164967006598	0.0069844877454635634	0.08248350329934018	[.9,1]
160	public0:1_10_73	official0	1	73	val2014/COCO_val2014_000000514826.jpg	val2014/COCO_val2014_000000458549.jpg	155	0	107308	0	92045	0.0	0.0	1.0	[0,.25)
161	public0:1_11_21	official0	1	21	val2014/COCO_val2014_000000304220.jpg	val2014/COCO_val2014_000000255067.jpg	156	84449	105032	86048	105541	0.8040311524106939	0.011272852667901123	0.1959688475893061	[.75,.9)
162	public0:1_12_1	official0	1	1	val2014/COCO_val2014_000000072852.jpg	val2014/COCO_val2014_000000377832.jpg	157	23687	32188	25264	32622	0.7358953647321983	0.03855132768396252	0.2641046352678017	[.5,.75)
163	public0:1_13_45	official0	1	45	val2014/COCO_val2014_000000212587.jpg	val2014/COCO_val2014_000000367007.jpg	158	95075	214412	95371	227090	0.443422009962129	-0.023451954037165323	0.556577990037871	[.25,.5)
164	public0:1_14_69	official0	1	69	val2014/COCO_val2014_000000294350.jpg	val2014/COCO_val2014_000000498319.jpg	159	12452	41133	12251	47537	0.30272530571560546	-0.045010262696483505	0.6972746942843946	[.25,.5)
165	public0:1_15_1	official0	1	1	val2014/COCO_val2014_000000237428.jpg	val2014/COCO_val2014_000000061897.jpg	160	111398	179071	113241	181556	0.6220884453652462	0.001636465956880273	0.3779115546347538	[.5,.75)
166	public0:1_16_25	official0	1	25	val2014/COCO_val2014_000000203345.jpg	val2014/COCO_val2014_000000351887.jpg	161	88105	94906	89204	96333	0.928339620255832	-0.002343336531666962	0.07166037974416795	[.9,1]
167	public0:1_17_9	official0	1	9	val2014/COCO_val2014_000000309802.jpg	val2014/COCO_val2014_000000089459.jpg	162	13037	30905	10942	27671	0.4218411260313865	-0.026409085266687005	0.5781588739686134	[.25,.5)
168	public0:1_18_1	official0	1	1	val2014/COCO_val2014_000000451559.jpg	val2014/COCO_val2014_000000193926.jpg	163	21185	52677	21500	50132	0.4021679290772064	0.02669985995973606	0.5978320709227936	[.25,.5)
169	public0:1_19_1	official0	1	1	val2014/COCO_val2014_000000008899.jpg	val2014/COCO_val2014_000000476704.jpg	164	5840	10247	4105	7262	0.5699229042646629	-0.00465162913384487	0.43007709573533714	[.5,.75)
170	public0:1_20_25	official0	1	25	val2014/COCO_val2014_000000248364.jpg	val2014/COCO_val2014_000000020254.jpg	165	20390	37340	20229	23173	0.5460632029994644	0.32689239187387953	0.4539367970005356	[.5,.75)
171	public0:1_21_65	official0	1	65	val2014/COCO_val2014_000000379842.jpg	val2014/COCO_val2014_000000122467.jpg	166	125288	137991	125799	139526	0.9079432716626447	-0.006326368719823949	0.09205672833735534	[.9,1]
172	public0:1_22_29	official0	1	29	val2014/COCO_val2014_000000461821.jpg	val2014/COCO_val2014_000000574208.jpg	167	6831	7739	7225	8531	0.8826721798682	-0.035760915069231514	0.11732782013179999	[.75,.9)
173	public0:1_23_45	official0	1	45	val2014/COCO_val2014_000000245874.jpg	val2014/COCO_val2014_000000498537.jpg	168	6597	53094	0	40746	0.12425132783365352	-0.12425132783365352	0.8757486721663464	[0,.25)
174	public0:1_24_29	official0	1	29	val2014/COCO_val2014_000000017029.jpg	val2014/COCO_val2014_000000236189.jpg	169	8508	9961	8352	9490	0.8541311113342034	0.025953187928178023	0.14586888866579661	[.75,.9)
175	public0:1_25_29	official0	1	29	val2014/COCO_val2014_000000450055.jpg	val2014/COCO_val2014_000000401244.jpg	170	10881	12302	11674	12687	0.8844903267761339	0.03566416207071721	0.11550967322386607	[.75,.9)
176	public0:1_26_5	official0	1	5	val2014/COCO_val2014_000000248488.jpg	val2014/COCO_val2014_000000003134.jpg	171	63371	278781	65037	287469	0.22731463048055642	-0.001074583727689149	0.7726853695194436	[0,.25)
177	public0:1_27_41	official0	1	41	val2014/COCO_val2014_000000254745.jpg	val2014/COCO_val2014_000000037688.jpg	172	9394	66383	8961	28626	0.14151213413072625	0.17152496500991513	0.8584878658692737	[0,.25)
178	public0:1_28_77	official0	1	77	val2014/COCO_val2014_000000199047.jpg	val2014/COCO_val2014_000000311759.jpg	173	118076	131751	119383	132927	0.896205721398699	0.0019037672680127793	0.10379427860130097	[.75,.9)
179	public0:1_29_77	official0	1	77	val2014/COCO_val2014_000000175443.jpg	val2014/COCO_val2014_000000142182.jpg	174	157328	168942	157757	169676	0.9312545133832913	-0.001500158023664766	0.06874548661670865	[.9,1]
180	public0:1_30_13	official0	1	13	val2014/COCO_val2014_000000515226.jpg	val2014/COCO_val2014_000000353505.jpg	175	375475	536462	401970	535640	0.6999097792574311	0.05053828287385109	0.30009022074256886	[.5,.75)
181	public0:1_31_41	official0	1	41	val2014/COCO_val2014_000000221067.jpg	val2014/COCO_val2014_000000473869.jpg	176	27797	49378	29427	45203	0.562943011057556	0.08805360421134212	0.43705698894244405	[.5,.75)
182	public0:1_32_21	official0	1	21	val2014/COCO_val2014_000000028957.jpg	val2014/COCO_val2014_000000145439.jpg	177	169345	180361	170339	181302	0.9389224943308143	0.0006093365370194448	0.06107750566918568	[.9,1]
183	public0:1_33_77	official0	1	77	val2014/COCO_val2014_000000011390.jpg	val2014/COCO_val2014_000000508115.jpg	178	289203	355090	292567	358570	0.814449857782534	0.001477297305733316	0.18555014221746602	[.75,.9)
184	public0:1_34_57	official0	1	57	val2014/COCO_val2014_000000395550.jpg	val2014/COCO_val2014_000000159030.jpg	179	176465	534257	192892	536959	0.3302998369698478	0.02893056982098724	0.6697001630301522	[.25,.5)
185	public0:1_35_65	official0	1	65	val2014/COCO_val2014_000000259567.jpg	val2014/COCO_val2014_000000168425.jpg	180	13016	113769	13016	126296	0.11440726384164403	-0.011347784523217469	0.885592736158356	[0,.25)
186	public0:1_36_49	official0	1	49	val2014/COCO_val2014_000000320972.jpg	val2014/COCO_val2014_000000110999.jpg	181	196813	206438	197725	206947	0.9533758319689204	0.002062033764818172	0.046624168031079605	[.9,1]
187	public0:1_37_1	official0	1	1	val2014/COCO_val2014_000000255232.jpg	val2014/COCO_val2014_000000551383.jpg	182	163037	307040	160149	307729	0.5309959614382491	-0.01057377178436536	0.4690040385617509	[.5,.75)
188	public0:1_38_5	official0	1	5	val2014/COCO_val2014_000000069944.jpg	val2014/COCO_val2014_000000052007.jpg	183	247034	276029	246272	275723	0.8949566893333671	-0.0017704118012061842	0.10504331066663286	[.75,.9)
189	public0:1_39_77	official0	1	77	val2014/COCO_val2014_000000522638.jpg	val2014/COCO_val2014_000000044068.jpg	184	556604	723786	561156	718749	0.7690173614853009	0.011722507370168889	0.23098263851469913	[.75,.9)
190	public0:1_40_25	official0	1	25	val2014/COCO_val2014_000000088682.jpg	val2014/COCO_val2014_000000483867.jpg	185	8749	10716	8515	10450	0.8164427025009332	-0.0016101666157657402	0.1835572974990668	[.75,.9)
191	public0:1_41_13	official0	1	13	val2014/COCO_val2014_000000574392.jpg	val2014/COCO_val2014_000000324139.jpg	186	59020	63321	59748	64232	0.9320762464269358	-0.0018856872041185246	0.06792375357306424	[.9,1]
192	public0:1_42_33	official0	1	33	val2014/COCO_val2014_000000235093.jpg	val2014/COCO_val2014_000000130586.jpg	187	5954	9741	7574	11972	0.6112308797864696	0.021411953491178193	0.3887691202135304	[.5,.75)
193	public0:1_43_17	official0	1	17	val2014/COCO_val2014_000000549338.jpg	val2014/COCO_val2014_000000364586.jpg	188	16601	21566	17940	23643	0.7697765000463693	-0.010989544076314806	0.23022349995363067	[.75,.9)
194	public0:1_44_37	official0	1	37	val2014/COCO_val2014_000000339468.jpg	val2014/COCO_val2014_000000215897.jpg	189	9940	14709	10832	17483	0.6757767353321096	-0.05620343555518337	0.3242232646678904	[.5,.75)
195	public0:1_45_61	official0	1	61	val2014/COCO_val2014_000000156533.jpg	val2014/COCO_val2014_000000441473.jpg	190	153851	161600	154914	162235	0.9520482673267326	0.0028258350556139566	0.047951732673267355	[.9,1]
196	public0:1_46_69	official0	1	69	val2014/COCO_val2014_000000163518.jpg	val2014/COCO_val2014_000000407614.jpg	191	19291	243680	19662	265369	0.07916529875246224	-0.005072243421960179	0.9208347012475377	[0,.25)
197	public0:1_47_13	official0	1	13	val2014/COCO_val2014_000000461007.jpg	val2014/COCO_val2014_000000506127.jpg	192	85681	117904	88137	123714	0.7267013841769575	-0.014275951323763802	0.2732986158230425	[.5,.75)
198	public0:1_48_29	official0	1	29	val2014/COCO_val2014_000000128654.jpg	val2014/COCO_val2014_000000498657.jpg	169	11807	13147	12039	13401	0.8980756066022667	0.0002901869952259828	0.10192439339773329	[.75,.9)
199	public0:1_49_53	official0	1	53	val2014/COCO_val2014_000000468613.jpg	val2014/COCO_val2014_000000113369.jpg	193	43283	50751	42152	52602	0.8528501901440366	-0.05151183799012615	0.14714980985596338	[.75,.9)
200	public0:1_50_13	official0	1	13	val2014/COCO_val2014_000000073201.jpg	val2014/COCO_val2014_000000260099.jpg	194	7790	40499	0	18131	0.19235042840563965	-0.19235042840563965	0.8076495715943603	[0,.25)
201	public0:1_51_53	official0	1	53	val2014/COCO_val2014_000000470924.jpg	val2014/COCO_val2014_000000089273.jpg	195	29117	54878	36662	59087	0.5305769160683699	0.08989797688608714	0.4694230839316301	[.5,.75)
202	public0:1_52_37	official0	1	37	val2014/COCO_val2014_000000250301.jpg	val2014/COCO_val2014_000000273232.jpg	196	21855	27770	21618	27701	0.7870003601008282	-0.0065953205715693075	0.2129996398991718	[.75,.9)
203	public0:1_53_77	official0	1	77	val2014/COCO_val2014_000000525184.jpg	val2014/COCO_val2014_000000119802.jpg	197	208502	228265	211115	231350	0.91342080476639	-0.0008856848182594579	0.08657919523361002	[.9,1]
204	public0:1_54_41	official0	1	41	val2014/COCO_val2014_000000549230.jpg	val2014/COCO_val2014_000000054133.jpg	198	5346	7770	5561	7973	0.6880308880308881	0.009448103565750543	0.3119691119691119	[.5,.75)
205	public0:1_55_33	official0	1	33	val2014/COCO_val2014_000000260465.jpg	val2014/COCO_val2014_000000552237.jpg	199	7023	19846	8873	24025	0.3538748362390406	0.015448784988847053	0.6461251637609594	[.25,.5)
206	public0:1_56_53	official0	1	53	val2014/COCO_val2014_000000315631.jpg	val2014/COCO_val2014_000000292971.jpg	200	107529	111100	106507	111196	0.9678577857785778	-0.010026568828327864	0.03214221422142216	[.9,1]
207	public0:1_57_17	official0	1	17	val2014/COCO_val2014_000000327961.jpg	val2014/COCO_val2014_000000422328.jpg	201	77714	105557	77837	102752	0.7362278200403574	0.02129514788240816	0.26377217995964264	[.5,.75)
208	public0:1_58_69	official0	1	69	val2014/COCO_val2014_000000149184.jpg	val2014/COCO_val2014_000000199634.jpg	202	67084	99278	70481	99860	0.6757186889341043	0.030079428430205835	0.32428131106589575	[.5,.75)
209	public0:1_59_53	official0	1	53	val2014/COCO_val2014_000000434463.jpg	val2014/COCO_val2014_000000092861.jpg	203	536816	749064	559550	753755	0.7166490446744204	0.025700923153322064	0.28335095532557963	[.5,.75)
210	public0:1_60_21	official0	1	21	val2014/COCO_val2014_000000482071.jpg	val2014/COCO_val2014_000000193481.jpg	204	39533	49771	31981	51784	0.7942978843101405	-0.17671330219983616	0.20570211568985952	[.75,.9)
211	public0:1_61_61	official0	1	61	val2014/COCO_val2014_000000061422.jpg	val2014/COCO_val2014_000000397327.jpg	205	57133	120591	57266	124636	0.47377499150019486	-0.014309026610435871	0.5262250084998051	[.25,.5)
212	public0:1_62_57	official0	1	57	val2014/COCO_val2014_000000010707.jpg	val2014/COCO_val2014_000000115846.jpg	206	122640	199536	118568	182828	0.6146259321626173	0.0338961760483788	0.3853740678373827	[.5,.75)
213	public0:1_63_17	official0	1	17	val2014/COCO_val2014_000000399349.jpg	val2014/COCO_val2014_000000337446.jpg	207	144970	202732	150711	209090	0.7150819801511354	0.005712892870051611	0.28491801984886456	[.5,.75)
214	public0:1_64_49	official0	1	49	val2014/COCO_val2014_000000247599.jpg	val2014/COCO_val2014_000000199669.jpg	208	633491	1021846	633251	1026367	0.6199476242016899	-0.0029646152000365467	0.3800523757983101	[.5,.75)
215	public0:1_65_69	official0	1	69	val2014/COCO_val2014_000000485731.jpg	val2014/COCO_val2014_000000404652.jpg	209	24993	40626	25069	30878	0.6151971643774923	0.19667536622682147	0.3848028356225077	[.5,.75)
216	public0:1_66_49	official0	1	49	val2014/COCO_val2014_000000333565.jpg	val2014/COCO_val2014_000000172137.jpg	210	37644	40571	37430	40440	0.9278548717063912	-0.002286127888389222	0.07214512829360875	[.9,1]
217	public0:1_67_57	official0	1	57	val2014/COCO_val2014_000000209071.jpg	val2014/COCO_val2014_000000183199.jpg	211	291224	449971	288949	430985	0.647206153285434	0.023232493071167815	0.35279384671456604	[.5,.75)
218	public0:1_68_17	official0	1	17	val2014/COCO_val2014_000000266124.jpg	val2014/COCO_val2014_000000104691.jpg	212	188232	220347	189322	220362	0.8542526106550123	0.004888257552754904	0.14574738934498765	[.75,.9)
219	public0:1_69_9	official0	1	9	val2014/COCO_val2014_000000292997.jpg	val2014/COCO_val2014_000000260232.jpg	213	5587	10046	4465	8745	0.5561417479593869	-0.045564275117763064	0.44385825204061313	[.5,.75)
220	public0:1_70_53	official0	1	53	val2014/COCO_val2014_000000489879.jpg	val2014/COCO_val2014_000000329373.jpg	214	126169	138187	122042	136763	0.9130308929204628	-0.02066965486631067	0.0869691070795372	[.9,1]
221	public0:1_71_25	official0	1	25	val2014/COCO_val2014_000000449903.jpg	val2014/COCO_val2014_000000065661.jpg	215	51854	75944	43752	65173	0.68279258400927	-0.011471638218835345	0.31720741599073	[.5,.75)
222	public0:1_72_1	official0	1	1	val2014/COCO_val2014_000000062109.jpg	val2014/COCO_val2014_000000275219.jpg	216	20443	38449	21256	32525	0.5316913313740279	0.1218367239680167	0.4683086686259721	[.5,.75)
223	public0:1_73_41	official0	1	41	val2014/COCO_val2014_000000280230.jpg	val2014/COCO_val2014_000000121210.jpg	217	51561	77407	50618	76668	0.6661025488650897	-0.005879248400749937	0.3338974511349103	[.5,.75)
224	public0:1_74_57	official0	1	57	val2014/COCO_val2014_000000056108.jpg	val2014/COCO_val2014_000000166913.jpg	218	79220	93474	78554	93788	0.8475083980572138	-0.009938559698361882	0.15249160194278621	[.75,.9)
225	public0:1_75_45	official0	1	45	val2014/COCO_val2014_000000091326.jpg	val2014/COCO_val2014_000000298138.jpg	219	0	122257	0	133569	0.0	0.0	1.0	[0,.25)
226	public0:1_76_69	official0	1	69	val2014/COCO_val2014_000000358302.jpg	val2014/COCO_val2014_000000451324.jpg	220	25160	35862	24618	28479	0.7015782722659082	0.16284814720106744	0.2984217277340918	[.5,.75)
227	public0:1_77_33	official0	1	33	val2014/COCO_val2014_000000484060.jpg	val2014/COCO_val2014_000000039152.jpg	221	7046	20529	7169	10210	0.34322178381801355	0.3589329664268444	0.6567782161819864	[.25,.5)
228	public0:1_78_69	official0	1	69	val2014/COCO_val2014_000000544432.jpg	val2014/COCO_val2014_000000170425.jpg	222	19965	55376	20175	49998	0.36053524992776653	0.042980890717859266	0.6394647500722335	[.25,.5)
229	public0:1_79_1	official0	1	1	val2014/COCO_val2014_000000182784.jpg	val2014/COCO_val2014_000000210883.jpg	223	16446	50335	16440	45288	0.32673090295023344	0.036279165942188385	0.6732690970497666	[.25,.5)
230	public0:1_80_69	official0	1	69	val2014/COCO_val2014_000000254644.jpg	val2014/COCO_val2014_000000051355.jpg	224	32061	59645	31962	45121	0.5375303881297678	0.170831571933174	0.46246961187023217	[.5,.75)
231	public0:1_81_77	official0	1	77	val2014/COCO_val2014_000000236914.jpg	val2014/COCO_val2014_000000275898.jpg	225	403136	430595	408709	437084	0.9362301002101743	-0.001148971639922336	0.06376989978982572	[.9,1]
232	public0:1_82_13	official0	1	13	val2014/COCO_val2014_000000521133.jpg	val2014/COCO_val2014_000000182179.jpg	151	185010	655999	182057	671719	0.28202786894492216	-0.010996381075738748	0.7179721310550778	[.25,.5)
233	public0:1_83_41	official0	1	41	val2014/COCO_val2014_000000174336.jpg	val2014/COCO_val2014_000000107340.jpg	39	13798	15755	13588	15979	0.8757854649317677	-0.025419359418281218	0.12421453506823232	[.75,.9)
234	public0:1_84_61	official0	1	61	val2014/COCO_val2014_000000494629.jpg	val2014/COCO_val2014_000000555012.jpg	226	87851	94738	88865	95313	0.9273047773860542	0.005044429962366204	0.07269522261394579	[.9,1]
235	public0:1_85_37	official0	1	37	val2014/COCO_val2014_000000031717.jpg	val2014/COCO_val2014_000000180739.jpg	227	83147	86921	84587	89104	0.9565812634461177	-0.007274835002950231	0.04341873655388229	[.9,1]
236	public0:1_86_21	official0	1	21	val2014/COCO_val2014_000000238258.jpg	val2014/COCO_val2014_000000111180.jpg	228	35377	38413	36088	42150	0.920964256892198	-0.06478394846989666	0.07903574310780204	[.9,1]
237	public0:1_87_17	official0	1	17	val2014/COCO_val2014_000000565248.jpg	val2014/COCO_val2014_000000274091.jpg	229	130007	155620	131721	154849	0.8354131859658142	0.015228406811665818	0.16458681403418585	[.75,.9)
238	public0:1_88_29	official0	1	29	val2014/COCO_val2014_000000562261.jpg	val2014/COCO_val2014_000000303320.jpg	230	26144	29808	26059	29467	0.8770799785292539	0.007265221185681403	0.1229200214707461	[.75,.9)
239	public0:1_89_17	official0	1	17	val2014/COCO_val2014_000000186095.jpg	val2014/COCO_val2014_000000185366.jpg	231	235339	293871	235449	283656	0.8008241711499263	0.02922701761392854	0.19917582885007368	[.75,.9)
240	public0:1_90_73	official0	1	73	val2014/COCO_val2014_000000035768.jpg	val2014/COCO_val2014_000000194724.jpg	232	30743	253277	18208	207430	0.1213809386560959	-0.033601928869661915	0.8786190613439041	[0,.25)
241	public0:1_91_37	official0	1	37	val2014/COCO_val2014_000000408288.jpg	val2014/COCO_val2014_000000488377.jpg	233	84358	94905	84759	95746	0.8888678151836047	-0.003619345273634611	0.11113218481639531	[.75,.9)
242	public0:1_92_21	official0	1	21	val2014/COCO_val2014_000000499104.jpg	val2014/COCO_val2014_000000044250.jpg	234	858465	939724	894852	941900	0.9135288659223346	0.036521033217701504	0.08647113407766538	[.9,1]
243	public0:1_93_25	official0	1	25	val2014/COCO_val2014_000000373988.jpg	val2014/COCO_val2014_000000136633.jpg	235	16736	18344	16995	19263	0.9123419101613607	-0.030080580150459002	0.08765808983863932	[.9,1]
244	public0:1_94_9	official0	1	9	val2014/COCO_val2014_000000453841.jpg	val2014/COCO_val2014_000000499983.jpg	236	18055	29775	16344	22982	0.6063811922753988	0.10478406749311575	0.3936188077246012	[.5,.75)
245	public0:1_95_69	official0	1	69	val2014/COCO_val2014_000000086408.jpg	val2014/COCO_val2014_000000465129.jpg	237	87934	131444	87424	132820	0.6689845105139831	-0.010770386135124488	0.3310154894860169	[.5,.75)
246	public0:1_96_57	official0	1	57	val2014/COCO_val2014_000000017655.jpg	val2014/COCO_val2014_000000489264.jpg	238	659163	788137	731349	788248	0.8363558619884613	0.09146000306923618	0.16364413801153865	[.75,.9)
247	public0:1_97_77	official0	1	77	val2014/COCO_val2014_000000547081.jpg	val2014/COCO_val2014_000000169181.jpg	239	52337	58598	52982	59720	0.8931533499436841	-0.005979873721313034	0.10684665005631588	[.75,.9)
248	public0:1_98_77	official0	1	77	val2014/COCO_val2014_000000215396.jpg	val2014/COCO_val2014_000000277543.jpg	240	495043	565270	496458	573458	0.8757637942929928	-0.010036923275411724	0.12423620570700722	[.75,.9)
249	public0:1_99_1	official0	1	1	val2014/COCO_val2014_000000246074.jpg	val2014/COCO_val2014_000000061507.jpg	241	19871	49058	14240	32474	0.4050511639284113	0.03345348594533387	0.5949488360715887	[.25,.5)
250	public0:1_100_25	official0	1	25	val2014/COCO_val2014_000000534270.jpg	val2014/COCO_val2014_000000563261.jpg	242	26211	35743	27078	36539	0.7333184119967546	0.007752772217372694	0.2666815880032454	[.5,.75)
251	public0:1_101_77	official0	1	77	val2014/COCO_val2014_000000423173.jpg	val2014/COCO_val2014_000000188053.jpg	243	140719	154867	139351	156974	0.9086441914675173	-0.020911191098029303	0.09135580853248271	[.9,1]
252	public0:1_102_65	official0	1	65	val2014/COCO_val2014_000000245460.jpg	val2014/COCO_val2014_000000521306.jpg	244	15710	22045	17835	23227	0.7126332501701066	0.05522312387733819	0.2873667498298934	[.5,.75)
253	public0:1_103_49	official0	1	49	val2014/COCO_val2014_000000493761.jpg	val2014/COCO_val2014_000000383979.jpg	245	63439	97280	63415	102221	0.6521278782894737	-0.03175633036879211	0.3478721217105263	[.5,.75)
254	public0:1_104_45	official0	1	45	val2014/COCO_val2014_000000547041.jpg	val2014/COCO_val2014_000000047149.jpg	246	435545	690271	450616	691226	0.6309768192492514	0.020931529105700508	0.3690231807507486	[.5,.75)
255	public0:1_105_1	official0	1	1	val2014/COCO_val2014_000000112915.jpg	val2014/COCO_val2014_000000011340.jpg	247	7057	9827	7322	10545	0.7181235371934467	-0.023766021783299673	0.2818764628065533	[.5,.75)
256	public0:1_106_9	official0	1	9	val2014/COCO_val2014_000000460229.jpg	val2014/COCO_val2014_000000090616.jpg	248	8067	10699	7982	10644	0.7539957005327601	-0.004089650175751469	0.2460042994672399	[.75,.9)
257	public0:1_107_49	official0	1	49	val2014/COCO_val2014_000000248980.jpg	val2014/COCO_val2014_000000036460.jpg	249	24063	40337	25018	40363	0.5965490740511193	0.023276013281338548	0.40345092594888066	[.5,.75)
258	public0:1_108_37	official0	1	37	val2014/COCO_val2014_000000330387.jpg	val2014/COCO_val2014_000000187362.jpg	250	244897	386790	334454	384300	0.6331523565759197	0.2371416845377935	0.36684764342408027	[.5,.75)
259	public0:1_109_17	official0	1	17	val2014/COCO_val2014_000000330109.jpg	val2014/COCO_val2014_000000100510.jpg	251	54495	62834	55171	62806	0.8672852277429417	0.01114995360915838	0.1327147722570583	[.75,.9)
260	public0:1_110_65	official0	1	65	val2014/COCO_val2014_000000459034.jpg	val2014/COCO_val2014_000000322119.jpg	252	7607	10719	7467	9419	0.709674409926299	0.08308490634931409	0.29032559007370096	[.5,.75)
261	public0:1_111_37	official0	1	37	val2014/COCO_val2014_000000042944.jpg	val2014/COCO_val2014_000000049502.jpg	253	13247	14592	13920	15944	0.9078262061403509	-0.03477051120808805	0.09217379385964908	[.9,1]
262	public0:1_112_41	official0	1	41	val2014/COCO_val2014_000000520871.jpg	val2014/COCO_val2014_000000085556.jpg	254	23559	80930	24513	76538	0.2911034227109848	0.02916886033795818	0.7088965772890152	[.25,.5)
263	public0:1_113_9	official0	1	9	val2014/COCO_val2014_000000155216.jpg	val2014/COCO_val2014_000000367205.jpg	255	26832	29112	26553	28308	0.921681780708986	0.016321610558500232	0.07831821929101401	[.9,1]
264	public0:1_114_5	official0	1	5	val2014/COCO_val2014_000000241517.jpg	val2014/COCO_val2014_000000051167.jpg	152	282740	303079	283754	305372	0.9328920842420623	-0.0036844293162668906	0.06710791575793773	[.9,1]
265	public0:1_115_41	official0	1	41	val2014/COCO_val2014_000000532610.jpg	val2014/COCO_val2014_000000465877.jpg	256	11618	138968	11896	125403	0.08360198031201428	0.01126018407001804	0.9163980196879857	[0,.25)
266	public0:1_116_61	official0	1	61	val2014/COCO_val2014_000000543961.jpg	val2014/COCO_val2014_000000403385.jpg	257	32273	36330	32530	37041	0.8883292045141756	-0.010113173629480277	0.11167079548582437	[.75,.9)
267	public0:1_117_9	official0	1	9	val2014/COCO_val2014_000000046805.jpg	val2014/COCO_val2014_000000525058.jpg	258	16563	28367	15480	23193	0.5838826805795466	0.08356008232305334	0.4161173194204534	[.5,.75)
268	public0:1_118_1	official0	1	1	val2014/COCO_val2014_000000450263.jpg	val2014/COCO_val2014_000000476704.jpg	164	17073	47412	22011	45410	0.36009870918754744	0.12461831349468117	0.6399012908124526	[.25,.5)
269	public0:1_119_1	official0	1	1	val2014/COCO_val2014_000000237428.jpg	val2014/COCO_val2014_000000114855.jpg	160	121647	183274	118538	183544	0.6637439025721051	-0.017915109476171698	0.33625609742789486	[.5,.75)
270	public0:1_120_21	official0	1	21	val2014/COCO_val2014_000000533013.jpg	val2014/COCO_val2014_000000077187.jpg	259	505322	535505	505536	537316	0.9436363806126927	-0.002782209138178615	0.05636361938730727	[.9,1]
271	public0:1_121_65	official0	1	65	val2014/COCO_val2014_000000173532.jpg	val2014/COCO_val2014_000000354425.jpg	260	24237	26472	24304	28959	0.9155711695376246	-0.07631567038364828	0.08442883046237537	[.9,1]
272	public0:1_122_33	official0	1	33	val2014/COCO_val2014_000000134322.jpg	val2014/COCO_val2014_000000024027.jpg	261	11641	54961	12007	60484	0.21180473426611598	-0.013289424432110286	0.788195265733884	[0,.25)
273	public0:1_123_29	official0	1	29	val2014/COCO_val2014_000000088485.jpg	val2014/COCO_val2014_000000349964.jpg	262	26508	28179	26171	28424	0.9407005216650697	-0.019964523916688015	0.05929947833493032	[.9,1]
274	public0:1_124_61	official0	1	61	val2014/COCO_val2014_000000005314.jpg	val2014/COCO_val2014_000000376442.jpg	263	20771	26386	20914	23276	0.7871977563859622	0.11132432644613954	0.21280224361403777	[.75,.9)
275	public0:1_125_77	official0	1	77	val2014/COCO_val2014_000000141509.jpg	val2014/COCO_val2014_000000508115.jpg	178	18677	23283	18591	21895	0.8021732594596916	0.04692470811281346	0.19782674054030835	[.75,.9)
276	public0:1_126_9	official0	1	9	val2014/COCO_val2014_000000438017.jpg	val2014/COCO_val2014_000000058174.jpg	264	4070	13084	295	12825	0.3110669520024457	-0.2880650026847069	0.6889330479975543	[.25,.5)
277	public0:1_127_65	official0	1	65	val2014/COCO_val2014_000000229111.jpg	val2014/COCO_val2014_000000053404.jpg	265	151648	158078	152435	159838	0.9593238780855021	-0.0056395226756496	0.040676121914497876	[.9,1]
278	public0:1_128_45	official0	1	45	val2014/COCO_val2014_000000554037.jpg	val2014/COCO_val2014_000000290081.jpg	48	51474	175150	54024	128704	0.29388524122180987	0.12586861258226772	0.7061147587781902	[.25,.5)
279	public0:1_129_49	official0	1	49	val2014/COCO_val2014_000000060855.jpg	val2014/COCO_val2014_000000192871.jpg	266	349314	371001	352954	372950	0.9415446319551699	0.00483960185633292	0.05845536804483009	[.9,1]
280	public0:1_130_37	official0	1	37	val2014/COCO_val2014_000000273079.jpg	val2014/COCO_val2014_000000006783.jpg	267	6001	10677	6163	10806	0.5620492647747495	0.008282032652605742	0.4379507352252505	[.5,.75)
281	public0:1_131_13	official0	1	13	val2014/COCO_val2014_000000154607.jpg	val2014/COCO_val2014_000000558229.jpg	268	42606	61198	45335	65629	0.6961992221968039	-0.00542227907714643	0.30380077780319614	[.5,.75)
282	public0:1_132_49	official0	1	49	val2014/COCO_val2014_000000513342.jpg	val2014/COCO_val2014_000000167572.jpg	269	46130	50597	46074	50043	0.9117141332490069	0.008974074891991868	0.08828586675099315	[.9,1]
283	public0:1_133_9	official0	1	9	val2014/COCO_val2014_000000272857.jpg	val2014/COCO_val2014_000000148353.jpg	270	25899	31571	26207	31166	0.820341452598904	0.020542844391405968	0.179658547401096	[.75,.9)
284	public0:1_134_69	official0	1	69	val2014/COCO_val2014_000000384952.jpg	val2014/COCO_val2014_000000212646.jpg	271	177842	184974	179952	183588	0.9614432298593316	0.018751554113477065	0.038556770140668384	[.9,1]
285	public0:1_135_69	official0	1	69	val2014/COCO_val2014_000000327514.jpg	val2014/COCO_val2014_000000470780.jpg	272	123601	175824	119977	178886	0.7029813904813905	-0.032291677479814096	0.2970186095186095	[.5,.75)
286	public0:1_136_53	official0	1	53	val2014/COCO_val2014_000000426897.jpg	val2014/COCO_val2014_000000051920.jpg	273	86150	99537	85703	100139	0.8655072987934135	-0.009666916924211622	0.13449270120658652	[.75,.9)
287	public0:1_137_5	official0	1	5	val2014/COCO_val2014_000000252280.jpg	val2014/COCO_val2014_000000365611.jpg	274	37134	48057	42158	49871	0.7727074099506835	0.07263356977701396	0.22729259004931646	[.75,.9)
288	public0:1_138_73	official0	1	73	val2014/COCO_val2014_000000563697.jpg	val2014/COCO_val2014_000000233521.jpg	275	28760	36513	27761	36404	0.7876646673787419	-0.025083632327648542	0.21233533262125814	[.75,.9)
289	public0:1_139_49	official0	1	49	val2014/COCO_val2014_000000374087.jpg	val2014/COCO_val2014_000000386092.jpg	276	16728	20261	17135	19277	0.825625586101377	0.06325753886620089	0.17437441389862296	[.75,.9)
290	public0:1_140_13	official0	1	13	val2014/COCO_val2014_000000216761.jpg	val2014/COCO_val2014_000000386279.jpg	277	1205	258210	92	218879	0.004666744123000659	-0.004246420565235867	0.9953332558769994	[0,.25)
291	public0:1_141_1	official0	1	1	val2014/COCO_val2014_000000508672.jpg	val2014/COCO_val2014_000000343561.jpg	278	88077	199987	39067	199927	0.4404136268857476	-0.24500730357774017	0.5595863731142524	[.25,.5)
292	public0:1_142_65	official0	1	65	val2014/COCO_val2014_000000413235.jpg	val2014/COCO_val2014_000000521306.jpg	244	56796	69753	57112	71428	0.8142445486215647	-0.014670152026391992	0.1857554513784353	[.75,.9)
293	public0:1_143_5	official0	1	5	val2014/COCO_val2014_000000185941.jpg	val2014/COCO_val2014_000000205676.jpg	279	342426	392968	351478	393520	0.871383929480263	0.02178033154840131	0.128616070519737	[.75,.9)
294	public0:1_144_57	official0	1	57	val2014/COCO_val2014_000000210795.jpg	val2014/COCO_val2014_000000370899.jpg	280	155031	205021	156819	204884	0.756171319035611	0.009232519233848824	0.24382868096438903	[.75,.9)
295	public0:1_145_37	official0	1	37	val2014/COCO_val2014_000000083408.jpg	val2014/COCO_val2014_000000508288.jpg	281	18609	22915	20487	24881	0.8120881518655902	0.011311229188225913	0.18791184813440975	[.75,.9)
296	public0:1_146_9	official0	1	9	val2014/COCO_val2014_000000046805.jpg	val2014/COCO_val2014_000000243825.jpg	258	16774	40287	16778	39115	0.41636259835679	0.012577705874323386	0.58363740164321	[.25,.5)
297	public0:1_147_53	official0	1	53	val2014/COCO_val2014_000000310059.jpg	val2014/COCO_val2014_000000330531.jpg	282	18783	23692	19089	24570	0.7927992571332095	-0.015876180210132596	0.20720074286679047	[.75,.9)
298	public0:1_148_13	official0	1	13	val2014/COCO_val2014_000000288336.jpg	val2014/COCO_val2014_000000084530.jpg	283	31549	86873	24207	86130	0.36316231740586835	-0.08211041911259076	0.6368376825941316	[.25,.5)
299	public0:1_149_33	official0	1	33	val2014/COCO_val2014_000000039914.jpg	val2014/COCO_val2014_000000363058.jpg	284	18196	21762	18741	22171	0.8361363845234813	0.009157016766492165	0.16386361547651873	[.75,.9)
300	public0:2_0_74	official0	2	74	val2014/COCO_val2014_000000167668.jpg	val2014/COCO_val2014_000000378299.jpg	285	38251	63399	38251	60580	0.6033375920755848	0.028075415517680335	0.3966624079244152	[.5,.75)
301	public0:2_1_14	official0	2	14	val2014/COCO_val2014_000000082021.jpg	val2014/COCO_val2014_000000469687.jpg	286	285203	417417	328215	420233	0.6832567911704602	0.09777420829888173	0.31674320882953977	[.5,.75)
302	public0:2_2_18	official0	2	18	val2014/COCO_val2014_000000070334.jpg	val2014/COCO_val2014_000000068050.jpg	287	90936	101397	91603	102336	0.8968312671972544	-0.0017112703242087024	0.10316873280274563	[.75,.9)
303	public0:2_3_2	official0	2	2	val2014/COCO_val2014_000000497504.jpg	val2014/COCO_val2014_000000032456.jpg	288	17300	28666	15943	27074	0.6035024070327217	-0.014634858831495512	0.39649759296727827	[.5,.75)
304	public0:2_4_34	official0	2	34	val2014/COCO_val2014_000000421146.jpg	val2014/COCO_val2014_000000089174.jpg	289	9421	27937	10269	15753	0.3372230375487704	0.31465279562586296	0.6627769624512296	[.25,.5)
305	public0:2_5_6	official0	2	6	val2014/COCO_val2014_000000465566.jpg	val2014/COCO_val2014_000000061605.jpg	290	271792	327057	272166	326226	0.831023338439477	0.003263321728627311	0.16897666156052304	[.75,.9)
306	public0:2_6_74	official0	2	74	val2014/COCO_val2014_000000056036.jpg	val2014/COCO_val2014_000000163798.jpg	291	14704	16271	14575	15925	0.9036936881568435	0.011533941356500321	0.09630631184315652	[.9,1]
307	public0:2_7_14	official0	2	14	val2014/COCO_val2014_000000005706.jpg	val2014/COCO_val2014_000000516947.jpg	292	19106	21874	20072	23562	0.8734570723233062	-0.021576926325513113	0.12654292767669384	[.75,.9)
308	public0:2_8_26	official0	2	26	val2014/COCO_val2014_000000488539.jpg	val2014/COCO_val2014_000000052376.jpg	293	26354	197282	26479	200559	0.13358542593850428	-0.0015594385731903249	0.8664145740614957	[0,.25)
309	public0:2_9_30	official0	2	30	val2014/COCO_val2014_000000357478.jpg	val2014/COCO_val2014_000000256145.jpg	294	24180	44061	24771	47329	0.5487846394770886	-0.02540573859179629	0.45121536052291145	[.5,.75)
310	public0:2_10_54	official0	2	54	val2014/COCO_val2014_000000343254.jpg	val2014/COCO_val2014_000000274671.jpg	295	60820	66998	60661	65227	0.9077882921878265	0.022210021393972434	0.09221170781217347	[.9,1]
311	public0:2_11_46	official0	2	46	val2014/COCO_val2014_000000513887.jpg	val2014/COCO_val2014_000000578385.jpg	296	316602	336434	320768	337758	0.9410523312150377	0.008645381348395209	0.05894766878496227	[.9,1]
312	public0:2_12_54	official0	2	54	val2014/COCO_val2014_000000517133.jpg	val2014/COCO_val2014_000000108392.jpg	297	21910	28742	21519	28492	0.7622990745250853	-0.007034438837874801	0.23770092547491473	[.75,.9)
313	public0:2_13_26	official0	2	26	val2014/COCO_val2014_000000092173.jpg	val2014/COCO_val2014_000000468456.jpg	298	30986	49326	30970	48450	0.6281879738880104	0.011027712386499355	0.3718120261119896	[.5,.75)
314	public0:2_14_18	official0	2	18	val2014/COCO_val2014_000000393928.jpg	val2014/COCO_val2014_000000290269.jpg	299	35839	43043	36934	45475	0.8326324837952745	-0.020449965928314717	0.16736751620472545	[.75,.9)
315	public0:2_15_6	official0	2	6	val2014/COCO_val2014_000000482927.jpg	val2014/COCO_val2014_000000435742.jpg	300	294513	334581	301554	335452	0.8802442457880154	0.018704038914415966	0.11975575421198459	[.75,.9)
316	public0:2_16_18	official0	2	18	val2014/COCO_val2014_000000461405.jpg	val2014/COCO_val2014_000000575958.jpg	301	157023	210896	163101	213539	0.7445518170093316	0.019247769951364124	0.2554481829906684	[.5,.75)
317	public0:2_17_50	official0	2	50	val2014/COCO_val2014_000000576774.jpg	val2014/COCO_val2014_000000136795.jpg	302	896	561334	0	384690	0.0015961976292189677	-0.0015961976292189677	0.9984038023707811	[0,.25)
318	public0:2_18_34	official0	2	34	val2014/COCO_val2014_000000434886.jpg	val2014/COCO_val2014_000000147769.jpg	303	39563	54071	35677	52742	0.7316861164025078	-0.0552422955386801	0.2683138835974922	[.5,.75)
319	public0:2_19_6	official0	2	6	val2014/COCO_val2014_000000546687.jpg	val2014/COCO_val2014_000000530261.jpg	304	60276	89955	59224	80768	0.6700683675170919	0.06319232978877187	0.32993163248290813	[.5,.75)
320	public0:2_20_18	official0	2	18	val2014/COCO_val2014_000000032587.jpg	val2014/COCO_val2014_000000493522.jpg	305	222544	258827	202301	260351	0.859817561537243	-0.08278578520452295	0.14018243846275702	[.75,.9)
321	public0:2_21_78	official0	2	78	val2014/COCO_val2014_000000186276.jpg	val2014/COCO_val2014_000000563615.jpg	306	18658	53406	16553	42253	0.34936149496311275	0.04239767006658929	0.6506385050368872	[.25,.5)
322	public0:2_22_30	official0	2	30	val2014/COCO_val2014_000000444183.jpg	val2014/COCO_val2014_000000538741.jpg	307	9249	19680	12051	21768	0.46996951219512195	0.0836412926560357	0.530030487804878	[.25,.5)
323	public0:2_23_62	official0	2	62	val2014/COCO_val2014_000000110857.jpg	val2014/COCO_val2014_000000400265.jpg	308	130	109720	0	90274	0.001184834123222749	-0.001184834123222749	0.9988151658767772	[0,.25)
324	public0:2_24_2	official0	2	2	val2014/COCO_val2014_000000287550.jpg	val2014/COCO_val2014_000000457453.jpg	309	8617	14519	9083	15154	0.5934981748054273	0.005881526923489089	0.4065018251945727	[.5,.75)
325	public0:2_25_38	official0	2	38	val2014/COCO_val2014_000000428241.jpg	val2014/COCO_val2014_000000197350.jpg	310	34295	43429	34360	40734	0.7896797071081535	0.0538416755206087	0.2103202928918465	[.75,.9)
326	public0:2_26_50	official0	2	50	val2014/COCO_val2014_000000149284.jpg	val2014/COCO_val2014_000000132116.jpg	311	36884	45472	36851	44666	0.8111365235749473	0.01389817843553054	0.18886347642505275	[.75,.9)
327	public0:2_27_6	official0	2	6	val2014/COCO_val2014_000000433182.jpg	val2014/COCO_val2014_000000002894.jpg	312	50148	58751	50873	58172	0.8535684498987252	0.020958814077070786	0.14643155010127484	[.75,.9)
328	public0:2_28_2	official0	2	2	val2014/COCO_val2014_000000106794.jpg	val2014/COCO_val2014_000000397522.jpg	313	30366	37923	30429	37324	0.8007277905229017	0.014538526056243173	0.19927220947709834	[.75,.9)
329	public0:2_29_14	official0	2	14	val2014/COCO_val2014_000000460972.jpg	val2014/COCO_val2014_000000353898.jpg	314	7519	14308	5303	13595	0.5255102040816326	-0.13544032544978268	0.4744897959183674	[.5,.75)
330	public0:2_30_70	official0	2	70	val2014/COCO_val2014_000000135561.jpg	val2014/COCO_val2014_000000337354.jpg	48	11065	20818	10864	21650	0.5315111922374868	-0.029709806556193485	0.4684888077625132	[.5,.75)
331	public0:2_31_42	official0	2	42	val2014/COCO_val2014_000000161807.jpg	val2014/COCO_val2014_000000331712.jpg	315	7334	13362	7277	10300	0.5488699296512498	0.15763492471768226	0.4511300703487502	[.5,.75)
332	public0:2_32_46	official0	2	46	val2014/COCO_val2014_000000150788.jpg	val2014/COCO_val2014_000000446917.jpg	316	394063	412695	398821	415011	0.9548528574370904	0.006136128397020046	0.04514714256290964	[.9,1]
333	public0:2_33_38	official0	2	38	val2014/COCO_val2014_000000565203.jpg	val2014/COCO_val2014_000000530656.jpg	317	18211	20597	18366	21279	0.8841578870709327	-0.02105341787595172	0.11584211292906732	[.75,.9)
334	public0:2_34_10	official0	2	10	val2014/COCO_val2014_000000216083.jpg	val2014/COCO_val2014_000000499768.jpg	318	216290	249046	217789	250526	0.8684740971547426	0.0008528389716475626	0.13152590284525745	[.75,.9)
335	public0:2_35_78	official0	2	78	val2014/COCO_val2014_000000416930.jpg	val2014/COCO_val2014_000000315219.jpg	319	15779	205232	1646	195623	0.0768837218367506	-0.06846957830557072	0.9231162781632494	[0,.25)
336	public0:2_36_30	official0	2	30	val2014/COCO_val2014_000000127990.jpg	val2014/COCO_val2014_000000299631.jpg	320	5822	20906	6915	18462	0.27848464555629965	0.09606849061529604	0.7215153544437003	[.25,.5)
337	public0:2_37_26	official0	2	26	val2014/COCO_val2014_000000151820.jpg	val2014/COCO_val2014_000000253742.jpg	321	8755	16733	8402	16220	0.5232175939759757	-0.005215127884730331	0.47678240602402433	[.5,.75)
338	public0:2_38_50	official0	2	50	val2014/COCO_val2014_000000001064.jpg	val2014/COCO_val2014_000000069577.jpg	322	145048	537281	142291	537193	0.26996673993683007	-0.005088009201321575	0.7300332600631699	[.25,.5)
339	public0:2_39_62	official0	2	62	val2014/COCO_val2014_000000093948.jpg	val2014/COCO_val2014_000000215244.jpg	180	70647	242112	70647	242131	0.29179470658207773	-2.289710704150849e-05	0.7082052934179223	[.25,.5)
340	public0:2_40_34	official0	2	34	val2014/COCO_val2014_000000160864.jpg	val2014/COCO_val2014_000000307703.jpg	323	5680	13102	5596	13397	0.4335215997557625	-0.015816143310289632	0.5664784002442376	[.25,.5)
341	public0:2_41_42	official0	2	42	val2014/COCO_val2014_000000204311.jpg	val2014/COCO_val2014_000000132362.jpg	324	9954	32115	9402	22109	0.3099486221391873	0.11530806065967292	0.6900513778608127	[.25,.5)
342	public0:2_42_34	official0	2	34	val2014/COCO_val2014_000000542792.jpg	val2014/COCO_val2014_000000351463.jpg	325	68844	79758	69205	81943	0.8631610622131949	-0.018610582001340248	0.13683893778680511	[.75,.9)
343	public0:2_43_78	official0	2	78	val2014/COCO_val2014_000000134290.jpg	val2014/COCO_val2014_000000333020.jpg	306	31707	64184	30814	62222	0.4940016203415181	0.0012251483255128481	0.5059983796584819	[.25,.5)
344	public0:2_44_22	official0	2	22	val2014/COCO_val2014_000000151235.jpg	val2014/COCO_val2014_000000107751.jpg	326	392752	425394	400000	428068	0.9232664306501738	0.011164547605617359	0.07673356934982623	[.9,1]
345	public0:2_45_50	official0	2	50	val2014/COCO_val2014_000000498368.jpg	val2014/COCO_val2014_000000403951.jpg	327	170885	306119	159796	296529	0.5582306227316828	-0.01934235210722446	0.4417693772683172	[.5,.75)
346	public0:2_46_62	official0	2	62	val2014/COCO_val2014_000000349915.jpg	val2014/COCO_val2014_000000224509.jpg	328	12270	14352	12376	14837	0.854933110367893	-0.0208022213741611	0.145066889632107	[.75,.9)
347	public0:2_47_30	official0	2	30	val2014/COCO_val2014_000000508119.jpg	val2014/COCO_val2014_000000531020.jpg	329	11979	29020	12610	30897	0.4127842866988284	-0.0046540475170308016	0.5872157133011716	[.25,.5)
348	public0:2_48_6	official0	2	6	val2014/COCO_val2014_000000197420.jpg	val2014/COCO_val2014_000000452461.jpg	330	265990	291828	270391	296423	0.9114615458420714	0.0007180083760560674	0.0885384541579286	[.9,1]
349	public0:2_49_30	official0	2	30	val2014/COCO_val2014_000000487435.jpg	val2014/COCO_val2014_000000173204.jpg	331	44951	93456	45676	88784	0.48098570450265365	0.03347636073432603	0.5190142954973463	[.25,.5)
350	public0:2_50_6	official0	2	6	val2014/COCO_val2014_000000017328.jpg	val2014/COCO_val2014_000000025346.jpg	332	345862	377480	353323	377521	0.9162392709547525	0.01966363245989189	0.08376072904524745	[.9,1]
351	public0:2_51_30	official0	2	30	val2014/COCO_val2014_000000286460.jpg	val2014/COCO_val2014_000000121839.jpg	333	19521	50447	18095	42953	0.3869605724820108	0.034313843740371774	0.6130394275179891	[.25,.5)
352	public0:2_52_50	official0	2	50	val2014/COCO_val2014_000000178748.jpg	val2014/COCO_val2014_000000063671.jpg	334	75005	153007	78448	180994	0.49020633042932676	-0.05677759798515736	0.5097936695706733	[.25,.5)
353	public0:2_53_14	official0	2	14	val2014/COCO_val2014_000000043530.jpg	val2014/COCO_val2014_000000289752.jpg	335	20684	139747	18791	131861	0.14801033295884705	-0.005504209085980927	0.851989667041153	[0,.25)
354	public0:2_54_30	official0	2	30	val2014/COCO_val2014_000000111944.jpg	val2014/COCO_val2014_000000400401.jpg	336	8256	17115	8356	17468	0.48238387379491676	-0.004023443293428353	0.5176161262050832	[.25,.5)
355	public0:2_55_38	official0	2	38	val2014/COCO_val2014_000000114033.jpg	val2014/COCO_val2014_000000395514.jpg	337	43813	77239	40898	78330	0.5672393479977731	-0.045115002280934124	0.4327606520022269	[.5,.75)
356	public0:2_56_66	official0	2	66	val2014/COCO_val2014_000000290177.jpg	val2014/COCO_val2014_000000136807.jpg	338	56601	233760	58259	226870	0.24213295687885011	0.014661683223411104	0.7578670431211498	[0,.25)
357	public0:2_57_74	official0	2	74	val2014/COCO_val2014_000000038539.jpg	val2014/COCO_val2014_000000308193.jpg	339	103429	311979	100671	310427	0.3315255193458534	-0.007227053039765341	0.6684744806541466	[.25,.5)
358	public0:2_58_26	official0	2	26	val2014/COCO_val2014_000000051335.jpg	val2014/COCO_val2014_000000547336.jpg	340	6141	22797	6296	23676	0.26937754967758915	-0.0034542518232218433	0.7306224503224108	[.25,.5)
359	public0:2_59_58	official0	2	58	val2014/COCO_val2014_000000448309.jpg	val2014/COCO_val2014_000000133291.jpg	36	14576	84386	14988	55200	0.17273007370890905	0.0987916654215257	0.827269926291091	[0,.25)
360	public0:2_60_54	official0	2	54	val2014/COCO_val2014_000000307731.jpg	val2014/COCO_val2014_000000556562.jpg	341	47199	198108	53203	208237	0.23824883396935004	0.017243705781030516	0.76175116603065	[0,.25)
361	public0:2_61_42	official0	2	42	val2014/COCO_val2014_000000574103.jpg	val2014/COCO_val2014_000000157138.jpg	342	34769	44039	35160	44174	0.7895047571470741	0.006438557925140254	0.21049524285292587	[.75,.9)
362	public0:2_62_66	official0	2	66	val2014/COCO_val2014_000000457735.jpg	val2014/COCO_val2014_000000050942.jpg	14	316818	360212	315669	364340	0.8795320533463628	-0.01311881296649775	0.12046794665363725	[.75,.9)
363	public0:2_63_10	official0	2	10	val2014/COCO_val2014_000000013637.jpg	val2014/COCO_val2014_000000236904.jpg	343	81354	84800	81828	86076	0.9593632075471699	-0.008714943222619453	0.04063679245283014	[.9,1]
364	public0:2_64_26	official0	2	26	val2014/COCO_val2014_000000416335.jpg	val2014/COCO_val2014_000000181466.jpg	344	3559	39989	3269	33241	0.08899947485558529	0.009342933615880664	0.9110005251444147	[0,.25)
365	public0:2_65_34	official0	2	34	val2014/COCO_val2014_000000160864.jpg	val2014/COCO_val2014_000000124617.jpg	323	5809	13033	6005	13667	0.4457147241617433	-0.006335196833141543	0.5542852758382567	[.25,.5)
366	public0:2_66_30	official0	2	30	val2014/COCO_val2014_000000175653.jpg	val2014/COCO_val2014_000000188417.jpg	345	35199	42021	34885	44140	0.8376526022702935	-0.04732636756254538	0.16234739772970652	[.75,.9)
367	public0:2_67_46	official0	2	46	val2014/COCO_val2014_000000461758.jpg	val2014/COCO_val2014_000000339356.jpg	346	74023	81418	71903	81091	0.909172418875433	-0.022477224587534206	0.09082758112456701	[.9,1]
368	public0:2_68_54	official0	2	54	val2014/COCO_val2014_000000219771.jpg	val2014/COCO_val2014_000000524627.jpg	347	12119	22797	12554	25373	0.531605035750318	-0.03682712222018758	0.46839496424968197	[.5,.75)
369	public0:2_69_14	official0	2	14	val2014/COCO_val2014_000000312544.jpg	val2014/COCO_val2014_000000114420.jpg	348	115192	131870	117244	135487	0.8735269583680898	-0.008174562935317709	0.1264730416319102	[.75,.9)
370	public0:2_70_26	official0	2	26	val2014/COCO_val2014_000000448076.jpg	val2014/COCO_val2014_000000254807.jpg	349	8095	10654	8221	11036	0.7598085226206119	-0.01488282490404802	0.24019147737938806	[.75,.9)
371	public0:2_71_66	official0	2	66	val2014/COCO_val2014_000000505043.jpg	val2014/COCO_val2014_000000448518.jpg	350	21978	89139	22160	75128	0.2465587453303268	0.04840451736800139	0.7534412546696732	[0,.25)
372	public0:2_72_30	official0	2	30	val2014/COCO_val2014_000000147393.jpg	val2014/COCO_val2014_000000014874.jpg	351	12344	40599	13487	25950	0.30404689770684007	0.21568335277485545	0.69595310229316	[.25,.5)
373	public0:2_73_74	official0	2	74	val2014/COCO_val2014_000000253227.jpg	val2014/COCO_val2014_000000146738.jpg	352	55360	69662	53316	69485	0.794694381441819	-0.02739208598236731	0.20530561855818097	[.75,.9)
374	public0:2_74_74	official0	2	74	val2014/COCO_val2014_000000549327.jpg	val2014/COCO_val2014_000000477435.jpg	353	8703	9016	8787	9856	0.9652839396628217	-0.07374579031217232	0.034716060337178334	[.9,1]
375	public0:2_75_6	official0	2	6	val2014/COCO_val2014_000000310906.jpg	val2014/COCO_val2014_000000298699.jpg	354	36433	47653	37334	50550	0.7645478773634399	-0.02599199210132319	0.23545212263656012	[.75,.9)
376	public0:2_76_46	official0	2	46	val2014/COCO_val2014_000000119061.jpg	val2014/COCO_val2014_000000570548.jpg	355	148483	165977	151597	167736	0.8945998541966658	0.009183471982568303	0.10540014580333423	[.75,.9)
377	public0:2_77_10	official0	2	10	val2014/COCO_val2014_000000507135.jpg	val2014/COCO_val2014_000000026926.jpg	356	406062	455519	409478	458433	0.8914271413486594	0.0017851710285036182	0.10857285865134059	[.75,.9)
378	public0:2_78_78	official0	2	78	val2014/COCO_val2014_000000257169.jpg	val2014/COCO_val2014_000000134290.jpg	306	80270	93967	71549	93947	0.8542360615960922	-0.09264708057487814	0.14576393840390778	[.75,.9)
379	public0:2_79_66	official0	2	66	val2014/COCO_val2014_000000335658.jpg	val2014/COCO_val2014_000000027620.jpg	357	180188	186611	180736	190146	0.9655808071335559	-0.015069095080712303	0.034419192866444126	[.9,1]
380	public0:2_80_10	official0	2	10	val2014/COCO_val2014_000000315195.jpg	val2014/COCO_val2014_000000054011.jpg	358	15221	19746	15154	21071	0.7708396637293629	-0.05165215483087682	0.22916033627063714	[.75,.9)
381	public0:2_81_78	official0	2	78	val2014/COCO_val2014_000000355124.jpg	val2014/COCO_val2014_000000257169.jpg	306	231561	243031	232645	246791	0.9528043747505462	-0.010124131143607551	0.047195625249453754	[.9,1]
382	public0:2_82_62	official0	2	62	val2014/COCO_val2014_000000166244.jpg	val2014/COCO_val2014_000000547144.jpg	359	99565	141064	102712	141640	0.7058143821244258	0.019348001383057922	0.2941856178755742	[.5,.75)
383	public0:2_83_58	official0	2	58	val2014/COCO_val2014_000000570659.jpg	val2014/COCO_val2014_000000291509.jpg	360	11510	66282	0	57466	0.17365197187773454	-0.17365197187773454	0.8263480281222655	[0,.25)
384	public0:2_84_2	official0	2	2	val2014/COCO_val2014_000000448243.jpg	val2014/COCO_val2014_000000038531.jpg	361	446665	544625	455656	552686	0.8201331191186596	0.004306074202683807	0.1798668808813404	[.75,.9)
385	public0:2_85_2	official0	2	2	val2014/COCO_val2014_000000453427.jpg	val2014/COCO_val2014_000000192798.jpg	174	15419	23742	15124	20025	0.6494398113048606	0.10581611878253017	0.3505601886951394	[.5,.75)
386	public0:2_86_6	official0	2	6	val2014/COCO_val2014_000000080130.jpg	val2014/COCO_val2014_000000494863.jpg	362	375437	445354	386097	448642	0.8430080340582997	0.017582369871782633	0.15699196594170028	[.75,.9)
387	public0:2_87_38	official0	2	38	val2014/COCO_val2014_000000419369.jpg	val2014/COCO_val2014_000000434358.jpg	363	44651	51964	44186	52489	0.8592679547378954	-0.01745347932399921	0.1407320452621046	[.75,.9)
388	public0:2_88_26	official0	2	26	val2014/COCO_val2014_000000429063.jpg	val2014/COCO_val2014_000000238691.jpg	364	3335	161468	1760	159475	0.020654247281195037	-0.00961803470869151	0.979345752718805	[0,.25)
389	public0:2_89_22	official0	2	22	val2014/COCO_val2014_000000082375.jpg	val2014/COCO_val2014_000000349469.jpg	365	46348	63423	44988	63283	0.7307759014868423	-0.019874079512536502	0.26922409851315765	[.5,.75)
390	public0:2_90_58	official0	2	58	val2014/COCO_val2014_000000558449.jpg	val2014/COCO_val2014_000000463360.jpg	45	169699	527400	166777	526978	0.3217652635570724	-0.005287156311608643	0.6782347364429275	[.25,.5)
391	public0:2_91_78	official0	2	78	val2014/COCO_val2014_000000186276.jpg	val2014/COCO_val2014_000000043073.jpg	306	19799	23296	19634	21249	0.8498883928571429	0.07410803050395642	0.1501116071428571	[.75,.9)
392	public0:2_92_74	official0	2	74	val2014/COCO_val2014_000000445537.jpg	val2014/COCO_val2014_000000022382.jpg	366	8012	19964	8011	11528	0.4013223802845121	0.293594344212365	0.5986776197154879	[.25,.5)
393	public0:2_93_46	official0	2	46	val2014/COCO_val2014_000000460559.jpg	val2014/COCO_val2014_000000117466.jpg	246	347277	410246	342674	407974	0.8465091676701296	-0.006568387130193254	0.15349083232987037	[.75,.9)
394	public0:2_94_2	official0	2	2	val2014/COCO_val2014_000000432273.jpg	val2014/COCO_val2014_000000157653.jpg	367	58382	110668	58465	115232	0.5275418368453392	-0.02017409177452556	0.4724581631546608	[.5,.75)
395	public0:2_95_22	official0	2	22	val2014/COCO_val2014_000000136170.jpg	val2014/COCO_val2014_000000132814.jpg	368	153149	184091	161071	184681	0.8319200830024281	0.04023785419739212	0.16807991699757185	[.75,.9)
396	public0:2_96_46	official0	2	46	val2014/COCO_val2014_000000074331.jpg	val2014/COCO_val2014_000000487333.jpg	369	282294	427332	270003	425619	0.6605964449187048	-0.026219220217739925	0.33940355508129516	[.5,.75)
397	public0:2_97_62	official0	2	62	val2014/COCO_val2014_000000463498.jpg	val2014/COCO_val2014_000000468858.jpg	370	0	101401	0	79482	0.0	0.0	1.0	[0,.25)
398	public0:2_98_10	official0	2	10	val2014/COCO_val2014_000000427500.jpg	val2014/COCO_val2014_000000385042.jpg	371	55934	67250	56845	67551	0.831732342007435	0.00977999681804509	0.16826765799256505	[.75,.9)
399	public0:2_99_2	official0	2	2	val2014/COCO_val2014_000000194158.jpg	val2014/COCO_val2014_000000194716.jpg	372	41772	111885	41499	101871	0.37334763373106317	0.034020508330956434	0.6266523662689368	[.25,.5)
400	public0:2_100_74	official0	2	74	val2014/COCO_val2014_000000336667.jpg	val2014/COCO_val2014_000000491366.jpg	373	24333	62523	24333	65510	0.38918478000095963	-0.01774530511162975	0.6108152199990404	[.25,.5)
401	public0:2_101_58	official0	2	58	val2014/COCO_val2014_000000453001.jpg	val2014/COCO_val2014_000000453216.jpg	374	130848	226729	106644	211731	0.5771118824676156	-0.0734350472380082	0.4228881175323844	[.5,.75)
402	public0:2_102_18	official0	2	18	val2014/COCO_val2014_000000366157.jpg	val2014/COCO_val2014_000000477085.jpg	375	177728	265121	176869	265412	0.6703656066475308	-0.003971472245167584	0.32963439335246925	[.5,.75)
403	public0:2_103_6	official0	2	6	val2014/COCO_val2014_000000209274.jpg	val2014/COCO_val2014_000000426175.jpg	376	117476	275310	95600	261306	0.426704442265083	-0.06084985033072249	0.573295557734917	[.25,.5)
404	public0:2_104_38	official0	2	38	val2014/COCO_val2014_000000541054.jpg	val2014/COCO_val2014_000000177065.jpg	377	37980	43096	39376	43868	0.8812882866159273	0.016313609982960275	0.11871171338407271	[.75,.9)
405	public0:2_105_58	official0	2	58	val2014/COCO_val2014_000000577160.jpg	val2014/COCO_val2014_000000529592.jpg	378	56063	244087	49894	239055	0.2296844977405597	-0.02097102176222837	0.7703155022594403	[0,.25)
406	public0:2_106_22	official0	2	22	val2014/COCO_val2014_000000472821.jpg	val2014/COCO_val2014_000000539129.jpg	379	96804	116778	102126	117909	0.8289575091198684	0.03718502452896244	0.17104249088013157	[.75,.9)
407	public0:2_107_50	official0	2	50	val2014/COCO_val2014_000000327918.jpg	val2014/COCO_val2014_000000390086.jpg	380	28715	50944	28883	49136	0.5636581344221105	0.024159351738749058	0.43634186557788945	[.5,.75)
408	public0:2_108_74	official0	2	74	val2014/COCO_val2014_000000565273.jpg	val2014/COCO_val2014_000000292347.jpg	381	32578	34692	32712	34761	0.9390637610976594	0.001990869091345493	0.06093623890234057	[.9,1]
409	public0:2_109_50	official0	2	50	val2014/COCO_val2014_000000140664.jpg	val2014/COCO_val2014_000000038710.jpg	382	338915	495852	341157	458913	0.6835003186434662	0.059902025591715646	0.31649968135653384	[.5,.75)
410	public0:2_110_38	official0	2	38	val2014/COCO_val2014_000000431693.jpg	val2014/COCO_val2014_000000580986.jpg	383	7771	13642	7976	13101	0.5696378830083565	0.03917060489333035	0.4303621169916435	[.5,.75)
411	public0:2_111_78	official0	2	78	val2014/COCO_val2014_000000466763.jpg	val2014/COCO_val2014_000000478874.jpg	306	136471	147584	137798	150464	0.9247005095403296	-0.00888011396397903	0.07529949045967044	[.9,1]
412	public0:2_112_70	official0	2	70	val2014/COCO_val2014_000000246478.jpg	val2014/COCO_val2014_000000487349.jpg	48	27051	29054	27545	29119	0.9310594066221518	0.014886539323794135	0.06894059337784819	[.9,1]
413	public0:2_113_10	official0	2	10	val2014/COCO_val2014_000000289073.jpg	val2014/COCO_val2014_000000313888.jpg	384	67566	74183	69065	73898	0.9108016661499265	0.02379737577272356	0.08919833385007347	[.9,1]
414	public0:2_114_70	official0	2	70	val2014/COCO_val2014_000000066841.jpg	val2014/COCO_val2014_000000325505.jpg	48	285393	355598	271471	354621	0.8025720054668474	-0.037047685136128106	0.19742799453315263	[.75,.9)
415	public0:2_115_22	official0	2	22	val2014/COCO_val2014_000000026174.jpg	val2014/COCO_val2014_000000042534.jpg	385	118585	146072	117657	146614	0.8118256750095844	-0.009330688173402324	0.18817432499041564	[.75,.9)
416	public0:2_116_6	official0	2	6	val2014/COCO_val2014_000000440508.jpg	val2014/COCO_val2014_000000435481.jpg	386	99328	117182	99175	116936	0.8476387158437303	0.00047478213807172764	0.1523612841562697	[.75,.9)
417	public0:2_117_14	official0	2	14	val2014/COCO_val2014_000000356092.jpg	val2014/COCO_val2014_000000209062.jpg	387	427717	454514	432833	456238	0.9410425201423939	0.007657500460887756	0.05895747985760613	[.9,1]
418	public0:2_118_34	official0	2	34	val2014/COCO_val2014_000000567208.jpg	val2014/COCO_val2014_000000434886.jpg	303	6547	11066	7088	8570	0.5916320260256642	0.23543915250409075	0.4083679739743358	[.5,.75)
419	public0:2_119_66	official0	2	66	val2014/COCO_val2014_000000191964.jpg	val2014/COCO_val2014_000000462632.jpg	388	534500	560167	532205	560152	0.954179735685965	-0.004071550764729426	0.045820264314034964	[.9,1]
420	public0:2_120_62	official0	2	62	val2014/COCO_val2014_000000195918.jpg	val2014/COCO_val2014_000000317062.jpg	389	154282	197008	156396	197716	0.7831255583529603	0.00788781436346131	0.21687444164703973	[.75,.9)
421	public0:2_121_66	official0	2	66	val2014/COCO_val2014_000000571313.jpg	val2014/COCO_val2014_000000481425.jpg	390	8008	146604	8010	114862	0.054623339063054215	0.015112517878318917	0.9453766609369458	[0,.25)
422	public0:2_122_46	official0	2	46	val2014/COCO_val2014_000000371683.jpg	val2014/COCO_val2014_000000098434.jpg	391	195372	316997	197503	338073	0.6163212901068464	-0.03211906159406963	0.38367870989315356	[.5,.75)
423	public0:2_123_18	official0	2	18	val2014/COCO_val2014_000000525869.jpg	val2014/COCO_val2014_000000340272.jpg	375	104983	124936	108703	131008	0.8402942306460908	-0.010551008858108335	0.15970576935390923	[.75,.9)
424	public0:2_124_42	official0	2	42	val2014/COCO_val2014_000000533958.jpg	val2014/COCO_val2014_000000148067.jpg	392	19721	26808	19544	25990	0.7356386153387049	0.016342916019509768	0.2643613846612951	[.5,.75)
425	public0:2_125_6	official0	2	6	val2014/COCO_val2014_000000516681.jpg	val2014/COCO_val2014_000000286450.jpg	393	131336	151974	130895	153766	0.8642004553410452	-0.012939448356406147	0.13579954465895483	[.75,.9)
426	public0:2_126_22	official0	2	22	val2014/COCO_val2014_000000185774.jpg	val2014/COCO_val2014_000000514082.jpg	394	434019	455095	438188	455991	0.9536887902525846	0.007268772506329513	0.04631120974741543	[.9,1]
427	public0:2_127_58	official0	2	58	val2014/COCO_val2014_000000291588.jpg	val2014/COCO_val2014_000000241355.jpg	395	36325	52433	36741	53762	0.69278889249137	-0.009387977346844156	0.30721110750863	[.5,.75)
428	public0:2_128_6	official0	2	6	val2014/COCO_val2014_000000118529.jpg	val2014/COCO_val2014_000000558213.jpg	396	214897	505736	218609	305430	0.42491932549788825	0.2908224156539305	0.5750806745021118	[.25,.5)
429	public0:2_129_26	official0	2	26	val2014/COCO_val2014_000000320026.jpg	val2014/COCO_val2014_000000118625.jpg	397	4698	71010	3980	45271	0.0661596958174905	0.02175530495563137	0.9338403041825095	[0,.25)
430	public0:2_130_38	official0	2	38	val2014/COCO_val2014_000000505809.jpg	val2014/COCO_val2014_000000248616.jpg	398	34381	53657	34248	53836	0.6407551670797845	-0.004600920850495571	0.3592448329202155	[.5,.75)
431	public0:2_131_50	official0	2	50	val2014/COCO_val2014_000000575755.jpg	val2014/COCO_val2014_000000259465.jpg	399	110743	325487	110495	316075	0.34023785896210906	0.00934689149268808	0.6597621410378909	[.25,.5)
432	public0:2_132_62	official0	2	62	val2014/COCO_val2014_000000568281.jpg	val2014/COCO_val2014_000000034993.jpg	400	60963	65669	61648	64866	0.9283375717614095	0.022052463079647477	0.07166242823859048	[.9,1]
433	public0:2_133_30	official0	2	30	val2014/COCO_val2014_000000122199.jpg	val2014/COCO_val2014_000000500316.jpg	401	3382	21937	1813	18468	0.15416875598304236	-0.05599894874890764	0.8458312440169576	[0,.25)
434	public0:2_134_78	official0	2	78	val2014/COCO_val2014_000000315219.jpg	val2014/COCO_val2014_000000483476.jpg	319	15101	123431	15318	123933	0.12234365759007057	0.00125538382746955	0.8776563424099294	[0,.25)
435	public0:2_135_6	official0	2	6	val2014/COCO_val2014_000000376625.jpg	val2014/COCO_val2014_000000327479.jpg	402	137695	162954	142391	156350	0.8449930655276949	0.06572647396702846	0.15500693447230507	[.75,.9)
436	public0:2_136_74	official0	2	74	val2014/COCO_val2014_000000412431.jpg	val2014/COCO_val2014_000000388770.jpg	403	37783	41765	38472	43679	0.9046570094576799	-0.023867614096064527	0.0953429905423201	[.9,1]
437	public0:2_137_66	official0	2	66	val2014/COCO_val2014_000000116252.jpg	val2014/COCO_val2014_000000291245.jpg	404	255639	285815	259882	286471	0.8944212165211762	0.01276310580115303	0.10557878347882377	[.75,.9)
438	public0:2_138_42	official0	2	42	val2014/COCO_val2014_000000259136.jpg	val2014/COCO_val2014_000000044261.jpg	405	30759	34111	31119	35331	0.9017325789334819	-0.020947998819700775	0.09826742106651809	[.9,1]
439	public0:2_139_70	official0	2	70	val2014/COCO_val2014_000000327047.jpg	val2014/COCO_val2014_000000418882.jpg	48	14143	23200	13376	21035	0.6096120689655172	0.026280491053498722	0.39038793103448277	[.5,.75)
440	public0:2_140_42	official0	2	42	val2014/COCO_val2014_000000025708.jpg	val2014/COCO_val2014_000000119677.jpg	406	10510	14315	10553	18049	0.7341949004540692	-0.14950876825837967	0.2658050995459308	[.5,.75)
441	public0:2_141_70	official0	2	70	val2014/COCO_val2014_000000487349.jpg	val2014/COCO_val2014_000000159240.jpg	48	3315	57965	0	61419	0.05718968342965583	-0.05718968342965583	0.9428103165703442	[0,.25)
442	public0:2_142_78	official0	2	78	val2014/COCO_val2014_000000092020.jpg	val2014/COCO_val2014_000000350002.jpg	306	27626	38218	27540	34539	0.7228531058663457	0.07450640077831694	0.27714689413365434	[.5,.75)
443	public0:2_143_50	official0	2	50	val2014/COCO_val2014_000000352900.jpg	val2014/COCO_val2014_000000288955.jpg	407	23701	131801	23957	140442	0.1798241288002367	-0.009241254731226028	0.8201758711997633	[0,.25)
444	public0:2_144_74	official0	2	74	val2014/COCO_val2014_000000188766.jpg	val2014/COCO_val2014_000000378657.jpg	408	14395	16579	15077	17435	0.8682670848663973	-0.0035122813103318773	0.13173291513360275	[.75,.9)
445	public0:2_145_10	official0	2	10	val2014/COCO_val2014_000000515876.jpg	val2014/COCO_val2014_000000544644.jpg	163	48666	54071	49262	54921	0.900038837824342	-0.003077748259330493	0.09996116217565798	[.9,1]
446	public0:2_146_62	official0	2	62	val2014/COCO_val2014_000000222681.jpg	val2014/COCO_val2014_000000259336.jpg	409	41890	238360	41958	204065	0.17574257425742573	0.029868383035593637	0.8242574257425743	[0,.25)
447	public0:2_147_6	official0	2	6	val2014/COCO_val2014_000000309366.jpg	val2014/COCO_val2014_000000550980.jpg	410	353051	412181	368378	411853	0.8565436058430641	0.037896886274269015	0.1434563941569359	[.75,.9)
448	public0:2_148_6	official0	2	6	val2014/COCO_val2014_000000473783.jpg	val2014/COCO_val2014_000000329711.jpg	411	237676	299680	261943	296277	0.7930993059263214	0.09101589707627411	0.20690069407367861	[.75,.9)
449	public0:2_149_6	official0	2	6	val2014/COCO_val2014_000000342318.jpg	val2014/COCO_val2014_000000292236.jpg	412	255227	282879	259100	285582	0.9022479576073162	0.005022108433260564	0.09775204239268376	[.9,1]
450	public0:3_0_75	official0	3	75	val2014/COCO_val2014_000000295564.jpg	val2014/COCO_val2014_000000262631.jpg	413	211668	415825	212926	439947	0.5090314435159021	-0.02505041852880141	0.4909685564840979	[.5,.75)
451	public0:3_1_3	official0	3	3	val2014/COCO_val2014_000000457848.jpg	val2014/COCO_val2014_000000338044.jpg	414	447088	598380	445214	595271	0.7471640094922959	0.0007541655909855116	0.2528359905077041	[.5,.75)
452	public0:3_2_31	official0	3	31	val2014/COCO_val2014_000000213465.jpg	val2014/COCO_val2014_000000094944.jpg	415	7685	56512	7922	48814	0.13598881653454134	0.026300690574075053	0.8640111834654587	[0,.25)
453	public0:3_3_15	official0	3	15	val2014/COCO_val2014_000000276706.jpg	val2014/COCO_val2014_000000188651.jpg	416	71517	76096	71793	76845	0.9398260092514719	-0.0055687381212746745	0.06017399074852814	[.9,1]
454	public0:3_4_51	official0	3	51	val2014/COCO_val2014_000000380089.jpg	val2014/COCO_val2014_000000315744.jpg	417	17866	496680	17867	480069	0.03597084642023033	0.001246720221231623	0.9640291535797697	[0,.25)
455	public0:3_5_35	official0	3	35	val2014/COCO_val2014_000000207019.jpg	val2014/COCO_val2014_000000217593.jpg	418	8893	9944	9246	10249	0.8943081255028158	0.007828668330728927	0.1056918744971842	[.75,.9)
456	public0:3_6_15	official0	3	15	val2014/COCO_val2014_000000030356.jpg	val2014/COCO_val2014_000000112388.jpg	419	103621	114058	106395	120303	0.9084939241438567	-0.024102013717682724	0.09150607585614334	[.9,1]
457	public0:3_7_35	official0	3	35	val2014/COCO_val2014_000000032712.jpg	val2014/COCO_val2014_000000306931.jpg	420	9619	30051	9864	23826	0.32008918172440187	0.09391232923001769	0.6799108182755982	[.25,.5)
458	public0:3_8_7	official0	3	7	val2014/COCO_val2014_000000267521.jpg	val2014/COCO_val2014_000000267225.jpg	421	29306	93648	29216	50203	0.3129378096702546	0.26901944388033	0.6870621903297454	[.25,.5)
459	public0:3_9_7	official0	3	7	val2014/COCO_val2014_000000521869.jpg	val2014/COCO_val2014_000000546965.jpg	422	1935	172006	0	133062	0.01124960757182889	-0.01124960757182889	0.9887503924281711	[0,.25)
460	public0:3_10_51	official0	3	51	val2014/COCO_val2014_000000393838.jpg	val2014/COCO_val2014_000000533688.jpg	423	22703	52237	22658	54804	0.43461531098646555	-0.021178335583210306	0.5653846890135344	[.25,.5)
461	public0:3_11_75	official0	3	75	val2014/COCO_val2014_000000065741.jpg	val2014/COCO_val2014_000000277659.jpg	424	134215	163472	135820	159574	0.8210274542429284	0.030113709104484077	0.17897254575707155	[.75,.9)
462	public0:3_12_31	official0	3	31	val2014/COCO_val2014_000000328397.jpg	val2014/COCO_val2014_000000550365.jpg	425	3741	16589	3963	15316	0.225510880704081	0.03323813992793781	0.774489119295919	[0,.25)
463	public0:3_13_23	official0	3	23	val2014/COCO_val2014_000000267812.jpg	val2014/COCO_val2014_000000235522.jpg	426	225280	275400	222885	274934	0.8180101670297749	-0.007324693425200701	0.18198983297022508	[.75,.9)
464	public0:3_14_43	official0	3	43	val2014/COCO_val2014_000000486306.jpg	val2014/COCO_val2014_000000139306.jpg	427	11230	16365	11875	15979	0.6862205927283838	0.056942308579582934	0.31377940727161624	[.5,.75)
465	public0:3_15_39	official0	3	39	val2014/COCO_val2014_000000114303.jpg	val2014/COCO_val2014_000000209995.jpg	428	11767	28240	1822	27678	0.4166784702549575	-0.3508500144416762	0.5833215297450425	[.25,.5)
466	public0:3_16_31	official0	3	31	val2014/COCO_val2014_000000015797.jpg	val2014/COCO_val2014_000000221864.jpg	429	15140	20552	11076	18235	0.7366679641884002	-0.12926461897315478	0.2633320358115998	[.5,.75)
467	public0:3_17_15	official0	3	15	val2014/COCO_val2014_000000125635.jpg	val2014/COCO_val2014_000000168146.jpg	430	140311	155042	140962	157676	0.9049870357709524	-0.0109892174599856	0.09501296422904759	[.9,1]
468	public0:3_18_47	official0	3	47	val2014/COCO_val2014_000000392850.jpg	val2014/COCO_val2014_000000510898.jpg	431	27807	30832	29034	32704	0.9018876491956409	-0.01410633804104211	0.0981123508043591	[.9,1]
469	public0:3_19_51	official0	3	51	val2014/COCO_val2014_000000298680.jpg	val2014/COCO_val2014_000000074591.jpg	432	261371	274466	262040	274295	0.9522891724293719	0.0030326526130094456	0.047710827570628056	[.9,1]
470	public0:3_20_43	official0	3	43	val2014/COCO_val2014_000000226821.jpg	val2014/COCO_val2014_000000219546.jpg	433	11323	51433	11038	47970	0.22015048704139364	0.009951660133924262	0.7798495129586064	[0,.25)
471	public0:3_21_39	official0	3	39	val2014/COCO_val2014_000000558840.jpg	val2014/COCO_val2014_000000017909.jpg	434	12982	75458	11197	54645	0.17204272575472448	0.0328616570799356	0.8279572742452755	[0,.25)
472	public0:3_22_3	official0	3	3	val2014/COCO_val2014_000000140465.jpg	val2014/COCO_val2014_000000307438.jpg	435	222473	259890	221078	257937	0.8560275501173573	0.0010732147981065143	0.14397244988264268	[.75,.9)
473	public0:3_23_43	official0	3	43	val2014/COCO_val2014_000000019484.jpg	val2014/COCO_val2014_000000107020.jpg	436	41878	54554	42904	63624	0.7676430692524838	-0.09330634097384682	0.23235693074751618	[.75,.9)
474	public0:3_24_15	official0	3	15	val2014/COCO_val2014_000000443303.jpg	val2014/COCO_val2014_000000149646.jpg	437	123598	244292	118961	247172	0.5059437067116401	-0.024655373081617304	0.49405629328835987	[.5,.75)
475	public0:3_25_63	official0	3	63	val2014/COCO_val2014_000000243777.jpg	val2014/COCO_val2014_000000194434.jpg	438	249027	258514	249386	259147	0.9633017941001261	-0.0009676748550643266	0.03669820589987394	[.9,1]
476	public0:3_26_3	official0	3	3	val2014/COCO_val2014_000000580108.jpg	val2014/COCO_val2014_000000054039.jpg	439	365485	450618	375134	453624	0.8110750125383362	0.015896223551465027	0.18892498746166375	[.75,.9)
477	public0:3_27_39	official0	3	39	val2014/COCO_val2014_000000106849.jpg	val2014/COCO_val2014_000000301963.jpg	440	36383	179998	35367	185392	0.20213002366692964	-0.011361274206327238	0.7978699763330703	[0,.25)
478	public0:3_28_27	official0	3	27	val2014/COCO_val2014_000000052966.jpg	val2014/COCO_val2014_000000471869.jpg	441	19079	52454	19123	59166	0.36372821901094293	-0.0405189434134714	0.636271780989057	[.25,.5)
479	public0:3_29_19	official0	3	19	val2014/COCO_val2014_000000378968.jpg	val2014/COCO_val2014_000000573455.jpg	442	171196	197369	170529	198489	0.8673905223211346	-0.008254751573133379	0.13260947767886544	[.75,.9)
480	public0:3_30_71	official0	3	71	val2014/COCO_val2014_000000277563.jpg	val2014/COCO_val2014_000000242363.jpg	443	120251	240939	120274	277905	0.49909313145650974	-0.06630494844432933	0.5009068685434903	[.25,.5)
481	public0:3_31_47	official0	3	47	val2014/COCO_val2014_000000214367.jpg	val2014/COCO_val2014_000000299001.jpg	444	63057	78442	61604	75948	0.8038678259095893	0.007266107834551505	0.19613217409041073	[.75,.9)
482	public0:3_32_75	official0	3	75	val2014/COCO_val2014_000000111706.jpg	val2014/COCO_val2014_000000475024.jpg	445	192687	304009	184859	296527	0.6338200513800578	-0.010406331887397813	0.3661799486199422	[.5,.75)
483	public0:3_33_39	official0	3	39	val2014/COCO_val2014_000000319696.jpg	val2014/COCO_val2014_000000108193.jpg	446	29706	56677	30157	52944	0.5241279531379572	0.04547389031928062	0.47587204686204276	[.5,.75)
484	public0:3_34_35	official0	3	35	val2014/COCO_val2014_000000519055.jpg	val2014/COCO_val2014_000000501172.jpg	447	15748	17411	16142	18531	0.904485669978749	-0.03340477849960599	0.09551433002125098	[.9,1]
485	public0:3_35_51	official0	3	51	val2014/COCO_val2014_000000435475.jpg	val2014/COCO_val2014_000000203095.jpg	448	69775	81611	72871	82406	0.8549705309333301	0.029321874959444716	0.1450294690666699	[.75,.9)
486	public0:3_36_63	official0	3	63	val2014/COCO_val2014_000000263687.jpg	val2014/COCO_val2014_000000133464.jpg	449	11613	39366	9841	39028	0.2950007620789514	-0.042848461166785756	0.7049992379210486	[.25,.5)
487	public0:3_37_11	official0	3	11	val2014/COCO_val2014_000000268755.jpg	val2014/COCO_val2014_000000206391.jpg	450	242110	259539	243315	259935	0.9328463159679278	0.0032146223435731702	0.06715368403207223	[.9,1]
488	public0:3_38_47	official0	3	47	val2014/COCO_val2014_000000165884.jpg	val2014/COCO_val2014_000000392850.jpg	431	130780	387701	130698	387521	0.3373218021103892	-5.4918509242440905e-05	0.6626781978896108	[.25,.5)
489	public0:3_39_79	official0	3	79	val2014/COCO_val2014_000000549746.jpg	val2014/COCO_val2014_000000514089.jpg	58	7552	17577	7987	16279	0.42965238664163397	0.06097971606737762	0.570347613358366	[.25,.5)
490	public0:3_40_27	official0	3	27	val2014/COCO_val2014_000000240185.jpg	val2014/COCO_val2014_000000359066.jpg	451	24237	94700	22776	80795	0.25593453009503697	0.025964102246073262	0.744065469904963	[.25,.5)
491	public0:3_41_79	official0	3	79	val2014/COCO_val2014_000000008418.jpg	val2014/COCO_val2014_000000187177.jpg	452	57324	117257	58946	89031	0.4888748646136265	0.1732091286022197	0.5111251353863735	[.25,.5)
492	public0:3_42_31	official0	3	31	val2014/COCO_val2014_000000215914.jpg	val2014/COCO_val2014_000000330205.jpg	429	8732	22782	5169	17890	0.38328504960056187	-0.09435268515114881	0.6167149503994381	[.25,.5)
493	public0:3_43_15	official0	3	15	val2014/COCO_val2014_000000504167.jpg	val2014/COCO_val2014_000000449379.jpg	453	590848	653232	610536	657289	0.9044994733877091	0.024370475751862686	0.09550052661229091	[.9,1]
494	public0:3_44_59	official0	3	59	val2014/COCO_val2014_000000398489.jpg	val2014/COCO_val2014_000000476664.jpg	454	317509	848487	317950	849118	0.3742060868345655	0.00024128090466507546	0.6257939131654344	[.25,.5)
495	public0:3_45_71	official0	3	71	val2014/COCO_val2014_000000246106.jpg	val2014/COCO_val2014_000000066879.jpg	455	8950	21693	8917	11868	0.412575485179551	0.33877267794818744	0.587424514820449	[.25,.5)
496	public0:3_46_47	official0	3	47	val2014/COCO_val2014_000000203636.jpg	val2014/COCO_val2014_000000548506.jpg	456	0	92380	0	32827	0.0	0.0	1.0	[0,.25)
497	public0:3_47_39	official0	3	39	val2014/COCO_val2014_000000439525.jpg	val2014/COCO_val2014_000000449522.jpg	457	16397	46222	27256	43554	0.3547444939639133	0.2710533661637443	0.6452555060360867	[.25,.5)
498	public0:3_48_47	official0	3	47	val2014/COCO_val2014_000000098674.jpg	val2014/COCO_val2014_000000406570.jpg	458	57598	82706	59789	83539	0.6964186395182937	0.019283008813623104	0.30358136048170625	[.5,.75)
499	public0:3_49_11	official0	3	11	val2014/COCO_val2014_000000573527.jpg	val2014/COCO_val2014_000000309173.jpg	459	62989	65849	63678	67361	0.9565672979088521	-0.011242852012858906	0.04343270209114791	[.9,1]
500	public0:3_50_75	official0	3	75	val2014/COCO_val2014_000000280226.jpg	val2014/COCO_val2014_000000364699.jpg	460	222008	432274	221824	290357	0.5135816634819582	0.25038820808993434	0.4864183365180418	[.5,.75)
501	public0:3_51_31	official0	3	31	val2014/COCO_val2014_000000365557.jpg	val2014/COCO_val2014_000000097679.jpg	461	15828	30186	16081	26466	0.5243490359769429	0.0832607274931697	0.47565096402305707	[.5,.75)
502	public0:3_52_63	official0	3	63	val2014/COCO_val2014_000000486383.jpg	val2014/COCO_val2014_000000321118.jpg	462	29486	168733	26773	131979	0.17474945624151766	0.02810857420271967	0.8252505437584823	[0,.25)
503	public0:3_53_51	official0	3	51	val2014/COCO_val2014_000000467500.jpg	val2014/COCO_val2014_000000571876.jpg	463	61171	180844	61137	174972	0.3382528588175444	0.011157332527356512	0.6617471411824556	[.25,.5)
504	public0:3_54_71	official0	3	71	val2014/COCO_val2014_000000380162.jpg	val2014/COCO_val2014_000000337969.jpg	464	45228	48395	43448	47783	0.9345593553053001	-0.02528199724908764	0.0654406446946999	[.9,1]
505	public0:3_55_75	official0	3	75	val2014/COCO_val2014_000000346013.jpg	val2014/COCO_val2014_000000169584.jpg	465	67764	171908	78333	109510	0.39418758871024034	0.3211169496880794	0.6058124112897596	[.25,.5)
506	public0:3_56_43	official0	3	43	val2014/COCO_val2014_000000006658.jpg	val2014/COCO_val2014_000000025955.jpg	466	10508	18246	11206	13411	0.5759070481201359	0.2596756824741523	0.42409295187986407	[.5,.75)
507	public0:3_57_67	official0	3	67	val2014/COCO_val2014_000000182202.jpg	val2014/COCO_val2014_000000066320.jpg	467	197330	209538	198580	206391	0.9417384913476314	0.020415866158267515	0.058261508652368565	[.9,1]
508	public0:3_58_7	official0	3	7	val2014/COCO_val2014_000000223342.jpg	val2014/COCO_val2014_000000271248.jpg	468	46846	288621	50101	214311	0.16230974184137675	0.07146733912973532	0.8376902581586232	[0,.25)
509	public0:3_59_47	official0	3	47	val2014/COCO_val2014_000000209441.jpg	val2014/COCO_val2014_000000466787.jpg	469	175070	190041	176434	193745	0.921222262564394	-0.010571665129621488	0.07877773743560601	[.9,1]
510	public0:3_60_35	official0	3	35	val2014/COCO_val2014_000000091643.jpg	val2014/COCO_val2014_000000409291.jpg	470	14210	25443	14403	17741	0.5585033211492355	0.2533449399408947	0.4414966788507645	[.5,.75)
511	public0:3_61_39	official0	3	39	val2014/COCO_val2014_000000359238.jpg	val2014/COCO_val2014_000000091326.jpg	219	43317	47013	44106	47327	0.9213834471316444	0.010558150687782097	0.07861655286835556	[.9,1]
512	public0:3_62_19	official0	3	19	val2014/COCO_val2014_000000485865.jpg	val2014/COCO_val2014_000000429443.jpg	471	75999	371307	79317	285170	0.20467968554322974	0.07345966992894476	0.7953203144567702	[0,.25)
513	public0:3_63_51	official0	3	51	val2014/COCO_val2014_000000256660.jpg	val2014/COCO_val2014_000000177714.jpg	472	49809	465606	50292	471963	0.10697671421760029	-0.0004175136022978171	0.8930232857823998	[0,.25)
514	public0:3_64_67	official0	3	67	val2014/COCO_val2014_000000183889.jpg	val2014/COCO_val2014_000000443218.jpg	173	19130	32318	19590	31956	0.5919301937001052	0.021100223123026507	0.40806980629989476	[.5,.75)
515	public0:3_65_23	official0	3	23	val2014/COCO_val2014_000000079589.jpg	val2014/COCO_val2014_000000006005.jpg	473	55025	65951	59451	68000	0.8343315491804522	0.03994786258425376	0.16566845081954784	[.75,.9)
516	public0:3_66_59	official0	3	59	val2014/COCO_val2014_000000258141.jpg	val2014/COCO_val2014_000000048668.jpg	474	65720	281832	60009	280385	0.23318856623804252	-0.019164991510435825	0.7668114337619575	[0,.25)
517	public0:3_67_3	official0	3	3	val2014/COCO_val2014_000000280761.jpg	val2014/COCO_val2014_000000550007.jpg	475	54947	72673	55301	73042	0.7560854787885459	0.0010268675327487209	0.24391452121145407	[.75,.9)
518	public0:3_68_23	official0	3	23	val2014/COCO_val2014_000000498196.jpg	val2014/COCO_val2014_000000387563.jpg	476	54845	83536	55966	84673	0.6565432867266807	0.004423018943367607	0.3434567132733193	[.5,.75)
519	public0:3_69_47	official0	3	47	val2014/COCO_val2014_000000003067.jpg	val2014/COCO_val2014_000000573796.jpg	477	24967	26845	25146	26741	0.9300428385174148	0.010310925365760837	0.06995716148258524	[.9,1]
520	public0:3_70_15	official0	3	15	val2014/COCO_val2014_000000112770.jpg	val2014/COCO_val2014_000000321014.jpg	444	269665	286232	271064	289280	0.94212037787529	-0.005090510618652844	0.057879622124709984	[.9,1]
521	public0:3_71_3	official0	3	3	val2014/COCO_val2014_000000260238.jpg	val2014/COCO_val2014_000000450182.jpg	478	126594	152271	127872	152369	0.8313730125893966	0.007852814186391166	0.16862698741060345	[.75,.9)
522	public0:3_72_39	official0	3	39	val2014/COCO_val2014_000000034811.jpg	val2014/COCO_val2014_000000387098.jpg	479	24545	40640	26369	44621	0.6039616141732284	-0.013006682638749045	0.39603838582677164	[.5,.75)
523	public0:3_73_31	official0	3	31	val2014/COCO_val2014_000000475229.jpg	val2014/COCO_val2014_000000489850.jpg	480	53341	65075	53665	64654	0.819684978870534	0.010348739074218072	0.18031502112946596	[.75,.9)
524	public0:3_74_27	official0	3	27	val2014/COCO_val2014_000000549255.jpg	val2014/COCO_val2014_000000364705.jpg	481	34299	142960	34414	142469	0.23992025741466144	0.001634045626701941	0.7600797425853385	[0,.25)
525	public0:3_75_75	official0	3	75	val2014/COCO_val2014_000000239306.jpg	val2014/COCO_val2014_000000275999.jpg	482	116126	129462	118810	129391	0.8969890778761336	0.021235528162926287	0.10301092212386642	[.75,.9)
526	public0:3_76_31	official0	3	31	val2014/COCO_val2014_000000034428.jpg	val2014/COCO_val2014_000000549754.jpg	483	14514	28887	15367	28301	0.5024405441894277	0.04054380265344004	0.49755945581057226	[.5,.75)
527	public0:3_77_15	official0	3	15	val2014/COCO_val2014_000000467675.jpg	val2014/COCO_val2014_000000247206.jpg	484	242193	269982	243320	271397	0.8970709158388337	-0.0005245280747832037	0.1029290841611663	[.75,.9)
528	public0:3_78_19	official0	3	19	val2014/COCO_val2014_000000503219.jpg	val2014/COCO_val2014_000000185327.jpg	485	95085	114104	95793	113521	0.8333187267755732	0.010516334578713704	0.16668127322442683	[.75,.9)
529	public0:3_79_59	official0	3	59	val2014/COCO_val2014_000000128756.jpg	val2014/COCO_val2014_000000201186.jpg	486	7071	94408	6214	96142	0.07489831370222863	-0.010264750847284898	0.9251016862977713	[0,.25)
530	public0:3_80_75	official0	3	75	val2014/COCO_val2014_000000343445.jpg	val2014/COCO_val2014_000000554859.jpg	487	54000	59392	54069	60414	0.9092133620689655	-0.014238687324700905	0.09078663793103448	[.9,1]
531	public0:3_81_51	official0	3	51	val2014/COCO_val2014_000000493799.jpg	val2014/COCO_val2014_000000393838.jpg	423	45888	173137	46161	177372	0.26503866879985216	-0.004789023985563523	0.7349613312001478	[.25,.5)
532	public0:3_82_15	official0	3	15	val2014/COCO_val2014_000000327864.jpg	val2014/COCO_val2014_000000315790.jpg	488	99643	112530	98889	112159	0.8854794277081667	-0.0037936066862246376	0.11452057229183332	[.75,.9)
533	public0:3_83_51	official0	3	51	val2014/COCO_val2014_000000252137.jpg	val2014/COCO_val2014_000000080455.jpg	489	291721	308285	293692	320741	0.9462704964562012	-0.030603338219493126	0.053729503543798796	[.9,1]
534	public0:3_84_43	official0	3	43	val2014/COCO_val2014_000000177935.jpg	val2014/COCO_val2014_000000274792.jpg	489	7523	29215	7528	33807	0.25750470648639395	-0.03482892928048986	0.742495293513606	[.25,.5)
535	public0:3_85_67	official0	3	67	val2014/COCO_val2014_000000546626.jpg	val2014/COCO_val2014_000000140231.jpg	490	26766	55244	30388	35032	0.4845051046267468	0.3829303829274894	0.5154948953732532	[.25,.5)
536	public0:3_86_15	official0	3	15	val2014/COCO_val2014_000000501229.jpg	val2014/COCO_val2014_000000092801.jpg	491	297969	315655	300556	316270	0.9439704740935515	0.006344130516433677	0.056029525906448496	[.9,1]
537	public0:3_87_51	official0	3	51	val2014/COCO_val2014_000000536183.jpg	val2014/COCO_val2014_000000006415.jpg	492	97181	378006	98141	338236	0.25708851182256365	0.03306688263574359	0.7429114881774364	[.25,.5)
538	public0:3_88_15	official0	3	15	val2014/COCO_val2014_000000522020.jpg	val2014/COCO_val2014_000000488387.jpg	493	347853	628484	363958	629409	0.5534794839645878	0.024774084065103508	0.4465205160354122	[.5,.75)
539	public0:3_89_23	official0	3	23	val2014/COCO_val2014_000000080974.jpg	val2014/COCO_val2014_000000528261.jpg	494	50386	64547	53040	66041	0.7806094783646025	0.022527966555977108	0.21939052163539752	[.75,.9)
540	public0:3_90_3	official0	3	3	val2014/COCO_val2014_000000143556.jpg	val2014/COCO_val2014_000000484450.jpg	495	131523	182203	131525	182187	0.7218487072111875	7.43718229916368e-05	0.27815129278881245	[.5,.75)
541	public0:3_91_75	official0	3	75	val2014/COCO_val2014_000000368780.jpg	val2014/COCO_val2014_000000408143.jpg	496	58464	89889	58797	69074	0.6504021626672897	0.20081537215044198	0.3495978373327103	[.5,.75)
542	public0:3_92_19	official0	3	19	val2014/COCO_val2014_000000260823.jpg	val2014/COCO_val2014_000000532145.jpg	497	77752	91209	83239	94877	0.852459735333136	0.024876183804273477	0.14754026466686398	[.75,.9)
543	public0:3_93_35	official0	3	35	val2014/COCO_val2014_000000484331.jpg	val2014/COCO_val2014_000000507223.jpg	498	8836	46321	8707	48746	0.19075581269834416	-0.012136028510923658	0.8092441873016558	[0,.25)
544	public0:3_94_55	official0	3	55	val2014/COCO_val2014_000000300994.jpg	val2014/COCO_val2014_000000332968.jpg	499	7652	662262	9113	619293	0.011554339521216678	0.0031608276129185386	0.9884456604787834	[0,.25)
545	public0:3_95_7	official0	3	7	val2014/COCO_val2014_000000279221.jpg	val2014/COCO_val2014_000000106484.jpg	500	219301	247558	218696	248853	0.8858570516808182	-0.007041043836830019	0.11414294831918181	[.75,.9)
546	public0:3_96_19	official0	3	19	val2014/COCO_val2014_000000548095.jpg	val2014/COCO_val2014_000000091650.jpg	501	53913	59716	55539	62461	0.9028233639225668	-0.013644516321663858	0.09717663607743321	[.9,1]
547	public0:3_97_35	official0	3	35	val2014/COCO_val2014_000000522273.jpg	val2014/COCO_val2014_000000091643.jpg	470	8361	12405	8581	9615	0.6740024183796857	0.21845728000824982	0.32599758162031434	[.5,.75)
548	public0:3_98_35	official0	3	35	val2014/COCO_val2014_000000525705.jpg	val2014/COCO_val2014_000000305195.jpg	502	49	16522	113	16823	0.0029657426461687448	0.003751251944570125	0.9970342573538312	[0,.25)
549	public0:3_99_51	official0	3	51	val2014/COCO_val2014_000000113235.jpg	val2014/COCO_val2014_000000204311.jpg	324	47168	55340	48165	56005	0.8523310444524757	0.007681454431552548	0.14766895554752435	[.75,.9)
550	public0:3_100_19	official0	3	19	val2014/COCO_val2014_000000477826.jpg	val2014/COCO_val2014_000000316499.jpg	503	199828	219491	203317	224917	0.9104154612262007	-0.006450887627939994	0.08958453877379935	[.9,1]
551	public0:3_101_79	official0	3	79	val2014/COCO_val2014_000000246576.jpg	val2014/COCO_val2014_000000191691.jpg	58	4994	8926	4890	6633	0.5594891328702667	0.17773384315867946	0.4405108671297333	[.5,.75)
552	public0:3_102_7	official0	3	7	val2014/COCO_val2014_000000199215.jpg	val2014/COCO_val2014_000000040705.jpg	504	197313	301625	199549	298459	0.6541665975963531	0.014431099239728296	0.3458334024036469	[.5,.75)
553	public0:3_103_27	official0	3	27	val2014/COCO_val2014_000000210522.jpg	val2014/COCO_val2014_000000440106.jpg	505	6780	18501	6904	11514	0.36646667747689315	0.23315117904560118	0.6335333225231068	[.25,.5)
554	public0:3_104_23	official0	3	23	val2014/COCO_val2014_000000032456.jpg	val2014/COCO_val2014_000000388812.jpg	288	19384	29700	20387	24892	0.6526599326599326	0.1663582257845475	0.3473400673400674	[.5,.75)
555	public0:3_105_39	official0	3	39	val2014/COCO_val2014_000000108904.jpg	val2014/COCO_val2014_000000503148.jpg	506	39519	78892	39318	78663	0.5009253156213558	-0.0010969337899992548	0.4990746843786442	[.5,.75)
556	public0:3_106_75	official0	3	75	val2014/COCO_val2014_000000220137.jpg	val2014/COCO_val2014_000000186632.jpg	507	2248	417876	1769	390533	0.005379586288755516	-0.0008498794522013705	0.9946204137112444	[0,.25)
557	public0:3_107_7	official0	3	7	val2014/COCO_val2014_000000358494.jpg	val2014/COCO_val2014_000000077615.jpg	508	102	95177	0	87725	0.0010716874875232462	-0.0010716874875232462	0.9989283125124767	[0,.25)
558	public0:3_108_31	official0	3	31	val2014/COCO_val2014_000000447465.jpg	val2014/COCO_val2014_000000143440.jpg	509	173	90788	13	66111	0.0019055381768515662	-0.0017088991909036907	0.9980944618231484	[0,.25)
559	public0:3_109_23	official0	3	23	val2014/COCO_val2014_000000467522.jpg	val2014/COCO_val2014_000000352576.jpg	510	53283	70837	51940	71581	0.7521916512556998	-0.02658010629265095	0.24780834874430024	[.75,.9)
560	public0:3_110_31	official0	3	31	val2014/COCO_val2014_000000066412.jpg	val2014/COCO_val2014_000000281725.jpg	511	146438	166199	145689	167515	0.8811003676315742	-0.011393177230714535	0.11889963236842582	[.75,.9)
561	public0:3_111_7	official0	3	7	val2014/COCO_val2014_000000377946.jpg	val2014/COCO_val2014_000000169111.jpg	469	314613	579112	316906	582614	0.543267968890301	0.0006702131650563325	0.45673203110969895	[.5,.75)
562	public0:3_112_43	official0	3	43	val2014/COCO_val2014_000000113571.jpg	val2014/COCO_val2014_000000531327.jpg	122	9376	11510	9060	11659	0.814596003475239	-0.0375139209638744	0.18540399652476103	[.75,.9)
563	public0:3_113_11	official0	3	11	val2014/COCO_val2014_000000543393.jpg	val2014/COCO_val2014_000000136411.jpg	512	31167	33495	31140	33802	0.9304970891177787	-0.009249825642244747	0.06950291088222127	[.9,1]
564	public0:3_114_55	official0	3	55	val2014/COCO_val2014_000000078701.jpg	val2014/COCO_val2014_000000022474.jpg	513	192164	225861	193085	229128	0.8508064694657334	-0.00811155657861351	0.14919353053426665	[.75,.9)
565	public0:3_115_35	official0	3	35	val2014/COCO_val2014_000000021470.jpg	val2014/COCO_val2014_000000195715.jpg	514	18166	19988	18270	20032	0.9088453071843106	0.003195427639970605	0.09115469281568944	[.9,1]
566	public0:3_116_31	official0	3	31	val2014/COCO_val2014_000000118564.jpg	val2014/COCO_val2014_000000066243.jpg	515	28362	30758	28712	31091	0.9221015670719813	0.0013811128032237274	0.07789843292801868	[.9,1]
567	public0:3_117_59	official0	3	59	val2014/COCO_val2014_000000184401.jpg	val2014/COCO_val2014_000000094038.jpg	516	378989	515330	383470	517479	0.7354297246424621	0.005605177256938654	0.26457027535753785	[.5,.75)
568	public0:3_118_23	official0	3	23	val2014/COCO_val2014_000000558736.jpg	val2014/COCO_val2014_000000490741.jpg	517	48757	116376	50649	105188	0.4189609541486217	0.06254834348989219	0.5810390458513783	[.25,.5)
569	public0:3_119_15	official0	3	15	val2014/COCO_val2014_000000399560.jpg	val2014/COCO_val2014_000000390322.jpg	518	217789	232322	217511	231775	0.9374445812277787	0.0010129745914424504	0.06255541877222126	[.9,1]
570	public0:3_120_3	official0	3	3	val2014/COCO_val2014_000000011149.jpg	val2014/COCO_val2014_000000261603.jpg	519	77595	129113	73610	129296	0.6009851835214115	-0.03167136097469703	0.3990148164785885	[.5,.75)
571	public0:3_121_15	official0	3	15	val2014/COCO_val2014_000000019304.jpg	val2014/COCO_val2014_000000381555.jpg	520	46997	152458	47668	124375	0.30826194755276864	0.07499835395476906	0.6917380524472314	[.25,.5)
572	public0:3_122_75	official0	3	75	val2014/COCO_val2014_000000414680.jpg	val2014/COCO_val2014_000000181466.jpg	344	174235	262387	214409	271099	0.6640382336015123	0.12684996591231845	0.33596176639848774	[.5,.75)
573	public0:3_123_67	official0	3	67	val2014/COCO_val2014_000000136458.jpg	val2014/COCO_val2014_000000451275.jpg	521	2083	32634	0	24967	0.06382913525770668	-0.06382913525770668	0.9361708647422933	[0,.25)
574	public0:3_124_67	official0	3	67	val2014/COCO_val2014_000000446207.jpg	val2014/COCO_val2014_000000049445.jpg	522	219218	226272	223149	230729	0.9688251308160091	-0.0016775247500182555	0.031174869183990928	[.9,1]
575	public0:3_125_67	official0	3	67	val2014/COCO_val2014_000000111535.jpg	val2014/COCO_val2014_000000440937.jpg	523	338422	438570	336880	437909	0.7716487675855622	-0.0023565173691930674	0.22835123241443778	[.75,.9)
576	public0:3_126_35	official0	3	35	val2014/COCO_val2014_000000534373.jpg	val2014/COCO_val2014_000000246040.jpg	524	7275	17156	7568	11442	0.42404989508043833	0.2373729330964538	0.5759501049195617	[.25,.5)
577	public0:3_127_47	official0	3	47	val2014/COCO_val2014_000000359945.jpg	val2014/COCO_val2014_000000532164.jpg	525	136119	160537	142212	161616	0.8478979923631312	0.03203963757449868	0.15210200763686876	[.75,.9)
578	public0:3_128_15	official0	3	15	val2014/COCO_val2014_000000078420.jpg	val2014/COCO_val2014_000000020307.jpg	526	159206	165561	159173	165793	0.9616153562735186	-0.0015446657136034547	0.03838464372648143	[.9,1]
579	public0:3_129_71	official0	3	71	val2014/COCO_val2014_000000271897.jpg	val2014/COCO_val2014_000000336937.jpg	191	30096	83999	31253	71653	0.3582899796426148	0.07788156935044904	0.6417100203573852	[.25,.5)
580	public0:3_130_43	official0	3	43	val2014/COCO_val2014_000000143998.jpg	val2014/COCO_val2014_000000305576.jpg	527	64311	68537	64239	68335	0.9383398748121453	0.0017201237244757195	0.061660125187854686	[.9,1]
581	public0:3_131_23	official0	3	23	val2014/COCO_val2014_000000449259.jpg	val2014/COCO_val2014_000000573778.jpg	528	24131	57431	24673	58226	0.4201737737458864	0.003571632086559584	0.5798262262541136	[.25,.5)
582	public0:3_132_27	official0	3	27	val2014/COCO_val2014_000000262175.jpg	val2014/COCO_val2014_000000015978.jpg	529	18898	35988	19897	34580	0.5251194842725353	0.05027091480207435	0.4748805157274647	[.5,.75)
583	public0:3_133_67	official0	3	67	val2014/COCO_val2014_000000234341.jpg	val2014/COCO_val2014_000000271068.jpg	530	6920	65736	6903	45483	0.1052695631008884	0.04650142825852059	0.8947304368991116	[0,.25)
584	public0:3_134_51	official0	3	51	val2014/COCO_val2014_000000503978.jpg	val2014/COCO_val2014_000000493814.jpg	531	48861	105929	47352	102531	0.461261788556486	0.0005692674168293888	0.538738211443514	[.25,.5)
585	public0:3_135_71	official0	3	71	val2014/COCO_val2014_000000215675.jpg	val2014/COCO_val2014_000000463066.jpg	532	68556	73391	69540	77468	0.934119987464403	-0.03645901777369198	0.06588001253559705	[.9,1]
586	public0:3_136_19	official0	3	19	val2014/COCO_val2014_000000414397.jpg	val2014/COCO_val2014_000000527440.jpg	533	249278	293108	264245	289969	0.8504646751368097	0.06082239348087015	0.14953532486319032	[.75,.9)
587	public0:3_137_11	official0	3	11	val2014/COCO_val2014_000000578092.jpg	val2014/COCO_val2014_000000278934.jpg	534	15572	24894	15833	25292	0.6255322567686993	0.0004759671756309203	0.3744677432313007	[.5,.75)
588	public0:3_138_43	official0	3	43	val2014/COCO_val2014_000000275202.jpg	val2014/COCO_val2014_000000105655.jpg	535	14864	32174	14956	33191	0.4619879405731336	-0.011383861154013963	0.5380120594268665	[.25,.5)
589	public0:3_139_39	official0	3	39	val2014/COCO_val2014_000000578330.jpg	val2014/COCO_val2014_000000520077.jpg	536	0	23795	0	24303	0.0	0.0	1.0	[0,.25)
590	public0:3_140_67	official0	3	67	val2014/COCO_val2014_000000194724.jpg	val2014/COCO_val2014_000000562843.jpg	232	10597	13142	10693	12632	0.8063460660477857	0.04015488392054867	0.1936539339522143	[.75,.9)
591	public0:3_141_39	official0	3	39	val2014/COCO_val2014_000000462807.jpg	val2014/COCO_val2014_000000275488.jpg	537	9863	29486	9942	29845	0.33449772773519637	-0.001376601918476661	0.6655022722648036	[.25,.5)
592	public0:3_142_31	official0	3	31	val2014/COCO_val2014_000000018794.jpg	val2014/COCO_val2014_000000171622.jpg	538	35241	41210	36998	42210	0.8551565154088814	0.02136563574013539	0.14484348459111862	[.75,.9)
593	public0:3_143_15	official0	3	15	val2014/COCO_val2014_000000328957.jpg	val2014/COCO_val2014_000000527529.jpg	539	47387	50708	47493	52650	0.9345073755620414	-0.0324560935107594	0.06549262443795856	[.9,1]
594	public0:3_144_43	official0	3	43	val2014/COCO_val2014_000000119617.jpg	val2014/COCO_val2014_000000007818.jpg	540	23943	46568	23404	41660	0.5141513485655386	0.04763453717618016	0.48584865143446143	[.5,.75)
595	public0:3_145_59	official0	3	59	val2014/COCO_val2014_000000108674.jpg	val2014/COCO_val2014_000000072018.jpg	541	81733	203530	66941	202473	0.40157716307178304	-0.07096024130937523	0.598422836928217	[.25,.5)
596	public0:3_146_15	official0	3	15	val2014/COCO_val2014_000000307423.jpg	val2014/COCO_val2014_000000179954.jpg	542	120735	167608	124441	169652	0.7203415111450527	0.013165904034255549	0.27965848885494726	[.5,.75)
597	public0:3_147_27	official0	3	27	val2014/COCO_val2014_000000024112.jpg	val2014/COCO_val2014_000000397303.jpg	543	14008	51381	13118	35943	0.27262996049123217	0.09233679242310444	0.7273700395087679	[.25,.5)
598	public0:3_148_31	official0	3	31	val2014/COCO_val2014_000000480490.jpg	val2014/COCO_val2014_000000048653.jpg	544	27894	36709	28723	36314	0.7598681522242502	0.031094011128726673	0.2401318477757498	[.75,.9)
599	public0:3_149_51	official0	3	51	val2014/COCO_val2014_000000241431.jpg	val2014/COCO_val2014_000000531327.jpg	122	261798	282187	263962	286463	0.9277464943459479	-0.006294160187609865	0.07225350565405209	[.9,1]
600	public1:0_150_44	official1	0	44	val2014/COCO_val2014_000000384788.jpg	val2014/COCO_val2014_000000393225.jpg	545	33215	52046	32913	57490	0.6381854513315144	-0.06568588618975058	0.3618145486684856	[.5,.75)
601	public1:0_151_12	official1	0	12	val2014/COCO_val2014_000000351904.jpg	val2014/COCO_val2014_000000053994.jpg	546	42583	53638	44096	54561	0.7938961184235057	0.014300212288907876	0.20610388157649429	[.75,.9)
602	public1:0_152_48	official1	0	48	val2014/COCO_val2014_000000547493.jpg	val2014/COCO_val2014_000000298138.jpg	219	4434	233006	36	236529	0.01902955288705012	-0.0188773516770505	0.9809704471129499	[0,.25)
603	public1:0_153_44	official1	0	44	val2014/COCO_val2014_000000219546.jpg	val2014/COCO_val2014_000000311553.jpg	433	2906	11536	728	9787	0.25190707350901526	-0.1775226860562718	0.7480929264909848	[.25,.5)
604	public1:0_154_44	official1	0	44	val2014/COCO_val2014_000000383594.jpg	val2014/COCO_val2014_000000243204.jpg	117	13151	28221	13253	28842	0.4660004960844761	-0.006496994246878107	0.5339995039155239	[.25,.5)
605	public1:0_155_60	official1	0	60	val2014/COCO_val2014_000000005076.jpg	val2014/COCO_val2014_000000352794.jpg	547	0	341194	0	350127	0.0	0.0	1.0	[0,.25)
606	public1:0_156_8	official1	0	8	val2014/COCO_val2014_000000205866.jpg	val2014/COCO_val2014_000000187036.jpg	548	97647	138250	98982	141673	0.7063074141048825	-0.007642177962498331	0.2936925858951175	[.5,.75)
607	public1:0_157_12	official1	0	12	val2014/COCO_val2014_000000412531.jpg	val2014/COCO_val2014_000000183348.jpg	549	28775	40499	28941	37059	0.7105113706511272	0.07043252961601432	0.28948862934887276	[.5,.75)
608	public1:0_158_12	official1	0	12	val2014/COCO_val2014_000000258078.jpg	val2014/COCO_val2014_000000245481.jpg	550	42266	48184	42041	48293	0.8771791466046821	-0.006638902676990743	0.1228208533953179	[.75,.9)
609	public1:0_159_52	official1	0	52	val2014/COCO_val2014_000000238498.jpg	val2014/COCO_val2014_000000479836.jpg	551	13366	209889	12147	159399	0.06368127915231384	0.012523715860201928	0.9363187208476862	[0,.25)
610	public1:0_160_36	official1	0	36	val2014/COCO_val2014_000000465911.jpg	val2014/COCO_val2014_000000099604.jpg	552	14789	21421	18876	23879	0.6903972737033752	0.10008809000532282	0.3096027262966248	[.5,.75)
611	public1:0_161_56	official1	0	56	val2014/COCO_val2014_000000449424.jpg	val2014/COCO_val2014_000000268378.jpg	553	51268	94566	51624	79250	0.5421398811412136	0.10926705892187794	0.4578601188587864	[.5,.75)
612	public1:0_162_36	official1	0	36	val2014/COCO_val2014_000000495989.jpg	val2014/COCO_val2014_000000499397.jpg	57	6000	189049	6182	149183	0.03173780342662484	0.009701234533464442	0.9682621965733752	[0,.25)
613	public1:0_163_48	official1	0	48	val2014/COCO_val2014_000000310572.jpg	val2014/COCO_val2014_000000365103.jpg	554	41047	239414	41047	240866	0.1714477850083955	-0.001033529779346981	0.8285522149916045	[0,.25)
614	public1:0_164_48	official1	0	48	val2014/COCO_val2014_000000324789.jpg	val2014/COCO_val2014_000000031625.jpg	555	198180	264217	219264	263243	0.7500652872449539	0.08286854195468296	0.24993471275504608	[.75,.9)
615	public1:0_165_44	official1	0	44	val2014/COCO_val2014_000000377595.jpg	val2014/COCO_val2014_000000480624.jpg	119	7359	62585	7359	50747	0.11758408564352481	0.027429412691352142	0.8824159143564752	[0,.25)
616	public1:0_166_36	official1	0	36	val2014/COCO_val2014_000000314685.jpg	val2014/COCO_val2014_000000554727.jpg	556	19187	33846	20880	35173	0.566891213141878	0.026745951728903594	0.43310878685812204	[.5,.75)
617	public1:0_167_52	official1	0	52	val2014/COCO_val2014_000000108904.jpg	val2014/COCO_val2014_000000313399.jpg	506	203607	221219	208042	224332	0.9203865852390617	0.0069978271497191935	0.0796134147609383	[.9,1]
618	public1:0_168_48	official1	0	48	val2014/COCO_val2014_000000346788.jpg	val2014/COCO_val2014_000000235787.jpg	48	63174	71287	64211	73462	0.8861924334030048	-0.012121485157653433	0.1138075665969952	[.75,.9)
619	public1:0_169_8	official1	0	8	val2014/COCO_val2014_000000018136.jpg	val2014/COCO_val2014_000000377999.jpg	557	17793	23506	18443	23240	0.7569556708925381	0.0366329693828491	0.24304432910746188	[.75,.9)
620	public1:0_170_40	official1	0	40	val2014/COCO_val2014_000000387429.jpg	val2014/COCO_val2014_000000107405.jpg	558	5088	14536	2549	11835	0.3500275178866263	-0.13464940212828239	0.6499724821133737	[.25,.5)
621	public1:0_171_12	official1	0	12	val2014/COCO_val2014_000000214648.jpg	val2014/COCO_val2014_000000476339.jpg	79	89682	91997	89193	92920	0.9748361359609552	-0.014945907807705106	0.025163864039044803	[.9,1]
622	public1:0_172_48	official1	0	48	val2014/COCO_val2014_000000022492.jpg	val2014/COCO_val2014_000000549882.jpg	506	396572	544429	411934	545863	0.7284182143126101	0.026229014021239228	0.2715817856873899	[.5,.75)
623	public1:0_173_68	official1	0	68	val2014/COCO_val2014_000000381031.jpg	val2014/COCO_val2014_000000131661.jpg	559	85801	97432	85004	96840	0.8806244355037359	-0.002846657725958157	0.11937556449626407	[.75,.9)
624	public1:0_174_28	official1	0	28	val2014/COCO_val2014_000000332432.jpg	val2014/COCO_val2014_000000124979.jpg	560	79051	89232	79132	94801	0.8859041599426215	-0.05118722657693975	0.1140958400573785	[.75,.9)
625	public1:0_175_36	official1	0	36	val2014/COCO_val2014_000000114055.jpg	val2014/COCO_val2014_000000447762.jpg	561	31794	44043	31430	38622	0.7218854301478101	0.0918994592934409	0.27811456985218985	[.5,.75)
626	public1:0_176_16	official1	0	16	val2014/COCO_val2014_000000547502.jpg	val2014/COCO_val2014_000000315248.jpg	7	123928	147652	111676	150673	0.8393248990870426	-0.09814366555482379	0.16067510091295745	[.75,.9)
627	public1:0_177_32	official1	0	32	val2014/COCO_val2014_000000041212.jpg	val2014/COCO_val2014_000000099996.jpg	2	8226	8639	8513	11484	0.9521935409190878	-0.21090130824754483	0.04780645908091219	[.9,1]
628	public1:0_178_20	official1	0	20	val2014/COCO_val2014_000000001869.jpg	val2014/COCO_val2014_000000568315.jpg	562	493637	536460	497526	540411	0.9201748499422138	0.00046888232822484	0.07982515005778623	[.9,1]
629	public1:0_179_4	official1	0	4	val2014/COCO_val2014_000000062741.jpg	val2014/COCO_val2014_000000022718.jpg	563	127025	147490	112556	146925	0.8612448301579768	-0.0951668992408422	0.13875516984202318	[.75,.9)
630	public1:0_180_32	official1	0	32	val2014/COCO_val2014_000000066568.jpg	val2014/COCO_val2014_000000222283.jpg	564	101396	141647	102747	143542	0.7158358454467797	-3.837850330667969e-05	0.2841641545532203	[.5,.75)
631	public1:0_181_28	official1	0	28	val2014/COCO_val2014_000000267725.jpg	val2014/COCO_val2014_000000343198.jpg	565	64	154456	0	134262	0.00041435748692184184	-0.00041435748692184184	0.9995856425130781	[0,.25)
632	public1:0_182_72	official1	0	72	val2014/COCO_val2014_000000405146.jpg	val2014/COCO_val2014_000000131416.jpg	4	100729	112821	99880	112237	0.8928213719077123	-0.002918755123585859	0.10717862809228773	[.75,.9)
633	public1:0_183_12	official1	0	12	val2014/COCO_val2014_000000147866.jpg	val2014/COCO_val2014_000000513793.jpg	566	97055	137969	97984	131785	0.7034551239771253	0.04005893300963348	0.2965448760228747	[.5,.75)
634	public1:0_184_56	official1	0	56	val2014/COCO_val2014_000000570101.jpg	val2014/COCO_val2014_000000376233.jpg	567	73306	157682	94326	153197	0.4648977055085552	0.15081931244871555	0.5351022944914448	[.25,.5)
635	public1:0_185_76	official1	0	76	val2014/COCO_val2014_000000305713.jpg	val2014/COCO_val2014_000000267998.jpg	568	83597	199924	68677	202941	0.41814389467997837	-0.07973519461444206	0.5818561053200216	[.25,.5)
636	public1:0_186_48	official1	0	48	val2014/COCO_val2014_000000105951.jpg	val2014/COCO_val2014_000000163589.jpg	569	55660	142485	53152	141804	0.39063761097659405	-0.015810384664219246	0.6093623890234059	[.25,.5)
637	public1:0_187_8	official1	0	8	val2014/COCO_val2014_000000017756.jpg	val2014/COCO_val2014_000000133645.jpg	570	499189	922860	501238	924238	0.5409151984049585	0.0014104796130411934	0.4590848015950415	[.5,.75)
638	public1:0_188_48	official1	0	48	val2014/COCO_val2014_000000336320.jpg	val2014/COCO_val2014_000000549971.jpg	571	319300	608740	344391	610226	0.5245260702434537	0.039840246498212495	0.47547392975654634	[.5,.75)
639	public1:0_189_40	official1	0	40	val2014/COCO_val2014_000000304984.jpg	val2014/COCO_val2014_000000070739.jpg	572	86177	94218	85790	93105	0.914655373707784	0.006777417227181837	0.08534462629221595	[.9,1]
640	public1:0_190_8	official1	0	8	val2014/COCO_val2014_000000242529.jpg	val2014/COCO_val2014_000000217468.jpg	573	23951	105030	22985	98177	0.22803960773112444	0.006078362872988546	0.7719603922688756	[0,.25)
641	public1:0_191_28	official1	0	28	val2014/COCO_val2014_000000215755.jpg	val2014/COCO_val2014_000000309424.jpg	574	76631	95786	77190	94735	0.8000229678658677	0.014776208784789358	0.19997703213413232	[.75,.9)
642	public1:0_192_56	official1	0	56	val2014/COCO_val2014_000000523217.jpg	val2014/COCO_val2014_000000568202.jpg	575	15699	73345	15436	101199	0.21404322039675505	-0.061512068903163214	0.785956779603245	[0,.25)
643	public1:0_193_52	official1	0	52	val2014/COCO_val2014_000000242855.jpg	val2014/COCO_val2014_000000320664.jpg	82	33830	38080	34931	42543	0.8883928571428571	-0.06731770964503137	0.1116071428571429	[.75,.9)
644	public1:0_194_8	official1	0	8	val2014/COCO_val2014_000000018783.jpg	val2014/COCO_val2014_000000117704.jpg	35	41856	94160	42078	78044	0.44451996601529314	0.09463743237535832	0.5554800339847068	[.25,.5)
645	public1:0_195_32	official1	0	32	val2014/COCO_val2014_000000360792.jpg	val2014/COCO_val2014_000000183988.jpg	76	8094	8762	8428	9377	0.9237616982424104	-0.024966774492810262	0.07623830175758961	[.9,1]
646	public1:0_196_68	official1	0	68	val2014/COCO_val2014_000000396691.jpg	val2014/COCO_val2014_000000432150.jpg	576	117198	124161	116876	123540	0.9439195882765119	0.002138368660512535	0.0560804117234881	[.9,1]
647	public1:0_197_24	official1	0	24	val2014/COCO_val2014_000000368676.jpg	val2014/COCO_val2014_000000090645.jpg	577	6858	18515	5262	10982	0.3704023764515258	0.10874531977866908	0.6295976235484742	[.25,.5)
648	public1:0_198_20	official1	0	20	val2014/COCO_val2014_000000151268.jpg	val2014/COCO_val2014_000000170739.jpg	8	157004	182330	153294	182249	0.8610980091043712	-0.019974052319971847	0.13890199089562882	[.75,.9)
649	public1:0_199_56	official1	0	56	val2014/COCO_val2014_000000446881.jpg	val2014/COCO_val2014_000000318174.jpg	578	55425	182598	53189	179429	0.30353563565866	-0.007100834149427915	0.69646436434134	[.25,.5)
650	public1:0_200_68	official1	0	68	val2014/COCO_val2014_000000091615.jpg	val2014/COCO_val2014_000000250210.jpg	579	42748	119963	43133	117223	0.3563432058217951	0.011613594464838117	0.643656794178205	[.25,.5)
651	public1:0_201_40	official1	0	40	val2014/COCO_val2014_000000089549.jpg	val2014/COCO_val2014_000000349130.jpg	580	62296	73250	61138	76940	0.850457337883959	-0.055838154104390525	0.14954266211604095	[.75,.9)
652	public1:0_202_8	official1	0	8	val2014/COCO_val2014_000000484551.jpg	val2014/COCO_val2014_000000171611.jpg	581	206702	236415	213403	235372	0.8743184654104011	0.032344179254214844	0.12568153458959885	[.75,.9)
653	public1:0_203_36	official1	0	36	val2014/COCO_val2014_000000191981.jpg	val2014/COCO_val2014_000000278095.jpg	582	17363	208223	17587	204771	0.08338656152298257	0.0024996235325184524	0.9166134384770175	[0,.25)
654	public1:0_204_24	official1	0	24	val2014/COCO_val2014_000000029059.jpg	val2014/COCO_val2014_000000454129.jpg	583	73075	184170	72785	172296	0.39678014877558776	0.025661463333805368	0.6032198512244122	[.25,.5)
655	public1:0_205_44	official1	0	44	val2014/COCO_val2014_000000551581.jpg	val2014/COCO_val2014_000000529151.jpg	584	7974	20175	8356	20728	0.39524163568773235	0.007884570410299274	0.6047583643122676	[.25,.5)
656	public1:0_206_40	official1	0	40	val2014/COCO_val2014_000000260818.jpg	val2014/COCO_val2014_000000091045.jpg	585	45423	57614	44793	57237	0.7884021244836324	-0.0058139385200075555	0.21159787551636755	[.75,.9)
657	public1:0_207_60	official1	0	60	val2014/COCO_val2014_000000007818.jpg	val2014/COCO_val2014_000000318701.jpg	540	160620	423852	246498	435032	0.3789530307748931	0.187667355771384	0.6210469692251068	[.25,.5)
658	public1:0_208_28	official1	0	28	val2014/COCO_val2014_000000384461.jpg	val2014/COCO_val2014_000000303264.jpg	586	61011	106132	52196	107261	0.5748596087890552	-0.08823352848027566	0.4251403912109448	[.5,.75)
659	public1:0_209_32	official1	0	32	val2014/COCO_val2014_000000581831.jpg	val2014/COCO_val2014_000000566975.jpg	587	13829	17785	14099	17058	0.7775653640708462	0.04896764097077655	0.2224346359291538	[.75,.9)
660	public1:0_210_24	official1	0	24	val2014/COCO_val2014_000000467116.jpg	val2014/COCO_val2014_000000437363.jpg	588	44124	56574	43485	54375	0.7799342454130873	0.01978989251794716	0.2200657545869127	[.75,.9)
661	public1:0_211_16	official1	0	16	val2014/COCO_val2014_000000004392.jpg	val2014/COCO_val2014_000000543315.jpg	73	290261	298666	292350	306678	0.9718581961120449	-0.01857820863332127	0.028141803887955064	[.9,1]
662	public1:0_212_0	official1	0	0	val2014/COCO_val2014_000000328289.jpg	val2014/COCO_val2014_000000570188.jpg	589	16642	26714	21860	31978	0.6229692296174291	0.06062574192550674	0.37703077038257093	[.5,.75)
663	public1:0_213_72	official1	0	72	val2014/COCO_val2014_000000520124.jpg	val2014/COCO_val2014_000000028239.jpg	590	30460	117898	32673	48261	0.2583589204227383	0.4186473579386715	0.7416410795772617	[.25,.5)
664	public1:0_214_64	official1	0	64	val2014/COCO_val2014_000000093948.jpg	val2014/COCO_val2014_000000505953.jpg	180	8840	9761	8831	9813	0.905644913431001	-0.0057162473757681465	0.09435508656899905	[.9,1]
665	public1:0_215_56	official1	0	56	val2014/COCO_val2014_000000372613.jpg	val2014/COCO_val2014_000000115866.jpg	591	25790	235224	25995	233723	0.1096401727714859	0.001581230342456677	0.8903598272285141	[0,.25)
666	public1:0_216_0	official1	0	0	val2014/COCO_val2014_000000156924.jpg	val2014/COCO_val2014_000000557977.jpg	592	321032	410188	290628	404240	0.7826460062215375	-0.06369686709626532	0.21735399377846254	[.75,.9)
667	public1:0_217_16	official1	0	16	val2014/COCO_val2014_000000323851.jpg	val2014/COCO_val2014_000000378163.jpg	593	39115	50953	35251	51030	0.7676682432830255	-0.07687851175255322	0.23233175671697448	[.75,.9)
668	public1:0_218_32	official1	0	32	val2014/COCO_val2014_000000442245.jpg	val2014/COCO_val2014_000000092700.jpg	594	10183	11418	10275	11362	0.8918374496409178	0.01249277391127368	0.10816255035908218	[.75,.9)
669	public1:0_219_32	official1	0	32	val2014/COCO_val2014_000000360792.jpg	val2014/COCO_val2014_000000022935.jpg	76	8296	9207	8491	9676	0.9010535462148366	-0.0235215081825918	0.09894645378516342	[.9,1]
670	public1:0_220_12	official1	0	12	val2014/COCO_val2014_000000467062.jpg	val2014/COCO_val2014_000000142129.jpg	595	714212	736987	712908	736390	0.9690971482536327	-0.0009851423871760634	0.03090285174636731	[.9,1]
671	public1:0_221_60	official1	0	60	val2014/COCO_val2014_000000360170.jpg	val2014/COCO_val2014_000000266601.jpg	596	140200	215889	164169	216170	0.6494077975255803	0.11003615862004579	0.3505922024744197	[.5,.75)
672	public1:0_222_64	official1	0	64	val2014/COCO_val2014_000000299785.jpg	val2014/COCO_val2014_000000069015.jpg	597	121546	216478	121446	129081	0.5614704496530826	0.37938064384634806	0.43852955034691743	[.5,.75)
673	public1:0_223_28	official1	0	28	val2014/COCO_val2014_000000173217.jpg	val2014/COCO_val2014_000000158222.jpg	598	334905	849388	326169	850895	0.39428977098805257	-0.010965153967151031	0.6057102290119474	[.25,.5)
674	public1:0_224_48	official1	0	48	val2014/COCO_val2014_000000118367.jpg	val2014/COCO_val2014_000000302555.jpg	599	98893	186951	98725	186115	0.5289781814486149	0.0014734210552134197	0.47102181855138514	[.5,.75)
675	public1:0_225_36	official1	0	36	val2014/COCO_val2014_000000034597.jpg	val2014/COCO_val2014_000000292428.jpg	600	86800	94395	87203	96219	0.9195402298850575	-0.013243136795335064	0.08045977011494254	[.9,1]
676	public1:0_226_44	official1	0	44	val2014/COCO_val2014_000000423576.jpg	val2014/COCO_val2014_000000334118.jpg	138	13176	16319	13346	17397	0.8074024143636253	-0.04025865394516226	0.19259758563637475	[.75,.9)
677	public1:0_227_0	official1	0	0	val2014/COCO_val2014_000000156497.jpg	val2014/COCO_val2014_000000079619.jpg	601	22216	26767	22903	27555	0.8299772107445735	0.0011968048605798254	0.17002278925542647	[.75,.9)
678	public1:0_228_48	official1	0	48	val2014/COCO_val2014_000000579405.jpg	val2014/COCO_val2014_000000229191.jpg	602	144331	253176	144216	293939	0.5700816823079596	-0.07944927218204917	0.42991831769204036	[.5,.75)
679	public1:0_229_60	official1	0	60	val2014/COCO_val2014_000000286553.jpg	val2014/COCO_val2014_000000281882.jpg	603	45030	158056	42142	146635	0.28489902313104215	0.0024948459997929384	0.7151009768689578	[.25,.5)
680	public1:0_230_72	official1	0	72	val2014/COCO_val2014_000000294595.jpg	val2014/COCO_val2014_000000058758.jpg	576	16013	101776	11791	103077	0.15733571765445684	-0.04294550451282485	0.8426642823455431	[0,.25)
681	public1:0_231_20	official1	0	20	val2014/COCO_val2014_000000109005.jpg	val2014/COCO_val2014_000000026762.jpg	116	24124	36063	25241	29479	0.6689404652968416	0.18729617773718266	0.3310595347031584	[.5,.75)
682	public1:0_232_16	official1	0	16	val2014/COCO_val2014_000000061794.jpg	val2014/COCO_val2014_000000091612.jpg	604	191681	205436	194808	204960	0.9330448412157557	0.017423542859185792	0.0669551587842443	[.9,1]
683	public1:0_233_8	official1	0	8	val2014/COCO_val2014_000000142942.jpg	val2014/COCO_val2014_000000519853.jpg	605	38191	52710	38663	49430	0.7245494213621704	0.057627394336797866	0.2754505786378296	[.5,.75)
684	public1:0_234_20	official1	0	20	val2014/COCO_val2014_000000111004.jpg	val2014/COCO_val2014_000000323295.jpg	606	644286	782413	651473	789905	0.8234602441421602	0.0012883015690329236	0.17653975585783976	[.75,.9)
685	public1:0_235_72	official1	0	72	val2014/COCO_val2014_000000255842.jpg	val2014/COCO_val2014_000000122954.jpg	607	254851	263612	256224	266432	0.9667655493680105	-0.005079265438152292	0.03323445063198949	[.9,1]
686	public1:0_236_24	official1	0	24	val2014/COCO_val2014_000000279521.jpg	val2014/COCO_val2014_000000182523.jpg	608	18170	30402	18223	32110	0.5976580488125781	-0.030140141618557603	0.4023419511874219	[.5,.75)
687	public1:0_237_72	official1	0	72	val2014/COCO_val2014_000000069914.jpg	val2014/COCO_val2014_000000485951.jpg	609	97504	105147	97680	104994	0.927311288006315	0.0030275885009140024	0.07268871199368498	[.9,1]
688	public1:0_238_20	official1	0	20	val2014/COCO_val2014_000000250564.jpg	val2014/COCO_val2014_000000369037.jpg	610	60738	78450	59038	78683	0.7742256214149139	-0.023898358855021673	0.2257743785850861	[.75,.9)
689	public1:0_239_52	official1	0	52	val2014/COCO_val2014_000000521088.jpg	val2014/COCO_val2014_000000085674.jpg	611	19778	30484	16869	30477	0.6487993701613961	-0.09530000998815069	0.3512006298386039	[.5,.75)
690	public1:0_240_64	official1	0	64	val2014/COCO_val2014_000000459428.jpg	val2014/COCO_val2014_000000540912.jpg	612	7132	9677	7167	9765	0.7370052702283766	-0.0030574975709265484	0.2629947297716234	[.5,.75)
691	public1:0_241_52	official1	0	52	val2014/COCO_val2014_000000471785.jpg	val2014/COCO_val2014_000000312103.jpg	613	105794	155879	106074	155184	0.6786930888702134	0.004843873703247792	0.3213069111297866	[.5,.75)
692	public1:0_242_48	official1	0	48	val2014/COCO_val2014_000000455422.jpg	val2014/COCO_val2014_000000103161.jpg	614	228020	581660	231825	423841	0.3920159543375855	0.15494623195397195	0.6079840456624145	[.25,.5)
693	public1:0_243_28	official1	0	28	val2014/COCO_val2014_000000466575.jpg	val2014/COCO_val2014_000000210388.jpg	44	291404	301868	292706	302297	0.9653358421561742	0.0029370814917614174	0.034664157843825816	[.9,1]
694	public1:0_244_52	official1	0	52	val2014/COCO_val2014_000000388983.jpg	val2014/COCO_val2014_000000108904.jpg	506	2286	369475	4400	373948	0.006187157453142973	0.005579184391177628	0.993812842546857	[0,.25)
695	public1:0_245_12	official1	0	12	val2014/COCO_val2014_000000211653.jpg	val2014/COCO_val2014_000000034071.jpg	264	664682	725320	675067	727354	0.9163982793801356	0.011715128946483855	0.08360172061986437	[.9,1]
696	public1:0_246_28	official1	0	28	val2014/COCO_val2014_000000484681.jpg	val2014/COCO_val2014_000000333058.jpg	615	54455	71687	57701	72090	0.7596216887301742	0.040780586203935876	0.24037831126982578	[.75,.9)
697	public1:0_247_76	official1	0	76	val2014/COCO_val2014_000000017972.jpg	val2014/COCO_val2014_000000479508.jpg	616	60821	74385	61358	76256	0.8176514082140216	-0.013019641533366988	0.1823485917859784	[.75,.9)
698	public1:0_248_36	official1	0	36	val2014/COCO_val2014_000000270215.jpg	val2014/COCO_val2014_000000431848.jpg	56	6059	80377	5939	9413	0.07538226109459174	0.5555536785633282	0.9246177389054082	[0,.25)
699	public1:0_249_76	official1	0	76	val2014/COCO_val2014_000000221700.jpg	val2014/COCO_val2014_000000204757.jpg	617	118951	193981	97032	193786	0.6132095411406272	-0.11249225506216953	0.3867904588593728	[.5,.75)
700	public1:0_250_52	official1	0	52	val2014/COCO_val2014_000000134223.jpg	val2014/COCO_val2014_000000546283.jpg	618	161699	216248	158552	217770	0.7477479560504606	-0.019677055559116585	0.2522520439495394	[.5,.75)
701	public1:0_251_36	official1	0	36	val2014/COCO_val2014_000000241837.jpg	val2014/COCO_val2014_000000083277.jpg	619	7929	11870	8646	11683	0.6679865206402695	0.07206312414274851	0.33201347935973047	[.5,.75)
702	public1:0_252_56	official1	0	56	val2014/COCO_val2014_000000232511.jpg	val2014/COCO_val2014_000000000564.jpg	620	31177	67451	22119	66465	0.46221701679737887	-0.12942532192037592	0.5377829832026211	[.25,.5)
703	public1:0_253_4	official1	0	4	val2014/COCO_val2014_000000180411.jpg	val2014/COCO_val2014_000000309434.jpg	621	106376	164700	109071	151786	0.6458773527625986	0.07270670637329002	0.3541226472374014	[.5,.75)
704	public1:0_254_20	official1	0	20	val2014/COCO_val2014_000000535156.jpg	val2014/COCO_val2014_000000517211.jpg	622	190105	353538	189661	353151	0.5377215461987113	-0.0006679912038224378	0.46227845380128874	[.5,.75)
705	public1:0_255_48	official1	0	48	val2014/COCO_val2014_000000287959.jpg	val2014/COCO_val2014_000000389458.jpg	623	465397	598971	459884	475213	0.7769942117398004	0.19074867408192586	0.22300578826019957	[.75,.9)
706	public1:0_256_28	official1	0	28	val2014/COCO_val2014_000000520707.jpg	val2014/COCO_val2014_000000006864.jpg	624	8643	9548	8678	9584	0.9052157519899455	0.0002516937529593033	0.09478424801005447	[.9,1]
707	public1:0_257_64	official1	0	64	val2014/COCO_val2014_000000122953.jpg	val2014/COCO_val2014_000000414501.jpg	389	13369	74911	13372	81574	0.17846511193282696	-0.014540331978429744	0.821534888067173	[0,.25)
708	public1:0_258_28	official1	0	28	val2014/COCO_val2014_000000475108.jpg	val2014/COCO_val2014_000000458079.jpg	625	3361	628718	3342	629069	0.0053457989114356515	-3.318614558643629e-05	0.9946542010885644	[0,.25)
709	public1:0_259_4	official1	0	4	val2014/COCO_val2014_000000204611.jpg	val2014/COCO_val2014_000000144114.jpg	129	54977	176826	56178	192190	0.31091016027054846	-0.018605669922455437	0.6890898397294516	[.25,.5)
710	public1:0_260_68	official1	0	68	val2014/COCO_val2014_000000187001.jpg	val2014/COCO_val2014_000000455188.jpg	626	13956	65592	13961	17822	0.2127698499817051	0.5705877978692656	0.7872301500182949	[0,.25)
711	public1:0_261_24	official1	0	24	val2014/COCO_val2014_000000004355.jpg	val2014/COCO_val2014_000000363181.jpg	627	14921	17522	14556	17064	0.8515580413194841	0.0014658686664511533	0.1484419586805159	[.75,.9)
712	public1:0_262_36	official1	0	36	val2014/COCO_val2014_000000341041.jpg	val2014/COCO_val2014_000000158924.jpg	628	11714	16336	11912	17914	0.7170666013712047	-0.05211181740335835	0.2829333986287953	[.5,.75)
713	public1:0_263_20	official1	0	20	val2014/COCO_val2014_000000076460.jpg	val2014/COCO_val2014_000000442175.jpg	109	187614	214772	193826	217100	0.8735496247183059	0.019246321850095782	0.12645037528169412	[.75,.9)
714	public1:0_264_60	official1	0	60	val2014/COCO_val2014_000000391320.jpg	val2014/COCO_val2014_000000488723.jpg	629	146182	162008	145852	157361	0.9023134660016789	0.024548971323960833	0.09768653399832106	[.9,1]
715	public1:0_265_76	official1	0	76	val2014/COCO_val2014_000000410924.jpg	val2014/COCO_val2014_000000441264.jpg	617	172014	210064	174102	218539	0.818864726940361	-0.022201431144187378	0.18113527305963895	[.75,.9)
716	public1:0_266_4	official1	0	4	val2014/COCO_val2014_000000424776.jpg	val2014/COCO_val2014_000000392670.jpg	630	190513	216272	190689	217492	0.8808953539986684	-0.004132070751468486	0.11910464600133164	[.75,.9)
717	public1:0_267_0	official1	0	0	val2014/COCO_val2014_000000083049.jpg	val2014/COCO_val2014_000000378284.jpg	631	67696	88777	58051	93244	0.7625398470324521	-0.139968957752713	0.23746015296754786	[.75,.9)
718	public1:0_268_28	official1	0	28	val2014/COCO_val2014_000000480652.jpg	val2014/COCO_val2014_000000440830.jpg	632	212702	322438	209492	316118	0.6596679051476563	0.0030339973064905656	0.3403320948523437	[.5,.75)
719	public1:0_269_16	official1	0	16	val2014/COCO_val2014_000000499302.jpg	val2014/COCO_val2014_000000474164.jpg	633	25649	37649	19945	31865	0.6812664346994608	-0.055344576861707795	0.3187335653005392	[.5,.75)
720	public1:0_270_4	official1	0	4	val2014/COCO_val2014_000000144064.jpg	val2014/COCO_val2014_000000402798.jpg	634	324650	366554	327807	366841	0.8856812365981547	0.007912990873692793	0.11431876340184532	[.75,.9)
721	public1:0_271_76	official1	0	76	val2014/COCO_val2014_000000213054.jpg	val2014/COCO_val2014_000000013783.jpg	141	286265	427296	284930	425802	0.6699454242492324	-0.0007846405986154936	0.3300545757507676	[.5,.75)
722	public1:0_272_76	official1	0	76	val2014/COCO_val2014_000000164635.jpg	val2014/COCO_val2014_000000197336.jpg	48	18775	24322	18861	23889	0.7719348737768276	0.017591686564752185	0.22806512622317243	[.75,.9)
723	public1:0_273_60	official1	0	60	val2014/COCO_val2014_000000535993.jpg	val2014/COCO_val2014_000000491478.jpg	635	291909	735399	283891	765588	0.39693962053252724	-0.026125292199272288	0.6030603794674727	[.25,.5)
724	public1:0_274_68	official1	0	68	val2014/COCO_val2014_000000534957.jpg	val2014/COCO_val2014_000000573206.jpg	636	6772	57898	6007	40881	0.11696431655670317	0.02997435911170024	0.8830356834432969	[0,.25)
725	public1:0_275_44	official1	0	44	val2014/COCO_val2014_000000337505.jpg	val2014/COCO_val2014_000000142177.jpg	444	9937	38536	9597	35510	0.25786277766244553	0.012399120394439855	0.7421372223375544	[.25,.5)
726	public1:0_276_68	official1	0	68	val2014/COCO_val2014_000000026348.jpg	val2014/COCO_val2014_000000269866.jpg	140	12916	143980	12691	85239	0.08970690373663008	0.05918034271159199	0.91029309626337	[0,.25)
727	public1:0_277_64	official1	0	64	val2014/COCO_val2014_000000193798.jpg	val2014/COCO_val2014_000000068765.jpg	637	167274	183153	169091	181993	0.9133019934153412	0.01580517004698978	0.08669800658465876	[.9,1]
728	public1:0_278_72	official1	0	72	val2014/COCO_val2014_000000040986.jpg	val2014/COCO_val2014_000000206784.jpg	638	93714	99963	94123	100558	0.9374868701419525	-0.0014797896510915232	0.06251312985804747	[.9,1]
729	public1:0_279_24	official1	0	24	val2014/COCO_val2014_000000370953.jpg	val2014/COCO_val2014_000000538721.jpg	639	22809	25312	23012	25057	0.9011140960809102	0.01727198365728666	0.0988859039190898	[.9,1]
730	public1:0_280_4	official1	0	4	val2014/COCO_val2014_000000490275.jpg	val2014/COCO_val2014_000000383464.jpg	640	134706	146208	136439	146989	0.9213312541037426	0.006894667563865142	0.07866874589625739	[.9,1]
731	public1:0_281_64	official1	0	64	val2014/COCO_val2014_000000097696.jpg	val2014/COCO_val2014_000000270096.jpg	641	13463	28010	13516	18741	0.4806497679400214	0.24054974115767885	0.5193502320599785	[.25,.5)
732	public1:0_282_76	official1	0	76	val2014/COCO_val2014_000000410554.jpg	val2014/COCO_val2014_000000357501.jpg	642	17611	31913	17504	38479	0.5518440760818475	-0.09694659953619922	0.4481559239181525	[.5,.75)
733	public1:0_283_48	official1	0	48	val2014/COCO_val2014_000000003067.jpg	val2014/COCO_val2014_000000548550.jpg	477	64973	86345	65243	76960	0.7524813249174822	0.09527075408459684	0.2475186750825178	[.75,.9)
734	public1:0_284_56	official1	0	56	val2014/COCO_val2014_000000035825.jpg	val2014/COCO_val2014_000000120285.jpg	643	0	106621	0	104600	0.0	0.0	1.0	[0,.25)
735	public1:0_285_20	official1	0	20	val2014/COCO_val2014_000000105923.jpg	val2014/COCO_val2014_000000581183.jpg	644	62741	99647	60523	102841	0.6296326030889038	-0.041122184092589054	0.3703673969110962	[.5,.75)
736	public1:0_286_40	official1	0	40	val2014/COCO_val2014_000000571786.jpg	val2014/COCO_val2014_000000532963.jpg	645	171515	215674	179102	207768	0.7952511661118169	0.06677763524354097	0.2047488338881831	[.75,.9)
737	public1:0_287_4	official1	0	4	val2014/COCO_val2014_000000024790.jpg	val2014/COCO_val2014_000000247130.jpg	646	231171	310216	239310	310646	0.7451936715063053	0.025168734576502705	0.25480632849369467	[.5,.75)
738	public1:0_288_16	official1	0	16	val2014/COCO_val2014_000000474164.jpg	val2014/COCO_val2014_000000423410.jpg	633	33049	35840	34100	37801	0.9221261160714286	-0.020033578836963883	0.07787388392857142	[.9,1]
739	public1:0_289_52	official1	0	52	val2014/COCO_val2014_000000143479.jpg	val2014/COCO_val2014_000000073417.jpg	647	64227	70860	65324	72670	0.9063928873835733	-0.007479993479623914	0.09360711261642674	[.9,1]
740	public1:0_290_16	official1	0	16	val2014/COCO_val2014_000000189868.jpg	val2014/COCO_val2014_000000020748.jpg	648	69251	76526	69857	78326	0.9049342707053811	-0.01305928666432199	0.09506572929461887	[.9,1]
741	public1:0_291_64	official1	0	64	val2014/COCO_val2014_000000408235.jpg	val2014/COCO_val2014_000000061025.jpg	649	68440	79398	68639	77998	0.8619864480213607	0.018023295818224927	0.1380135519786393	[.75,.9)
742	public1:0_292_68	official1	0	68	val2014/COCO_val2014_000000109216.jpg	val2014/COCO_val2014_000000508312.jpg	650	13322	21134	14121	20749	0.63035866376455	0.050204254930326875	0.36964133623545004	[.5,.75)
743	public1:0_293_16	official1	0	16	val2014/COCO_val2014_000000519728.jpg	val2014/COCO_val2014_000000341393.jpg	651	12274	86753	12940	14752	0.1414821389462036	0.7356870584507595	0.8585178610537965	[0,.25)
744	public1:0_294_16	official1	0	16	val2014/COCO_val2014_000000406681.jpg	val2014/COCO_val2014_000000579760.jpg	652	97358	112026	96607	112892	0.8690661096531163	-0.013319023942879982	0.13093389034688374	[.75,.9)
745	public1:0_295_60	official1	0	60	val2014/COCO_val2014_000000301402.jpg	val2014/COCO_val2014_000000359525.jpg	653	763	277219	161	315922	0.002752336600305174	-0.00224271713727316	0.9972476633996948	[0,.25)
746	public1:0_296_44	official1	0	44	val2014/COCO_val2014_000000349489.jpg	val2014/COCO_val2014_000000338949.jpg	654	8434	9867	8822	11612	0.8547684199858113	-0.09503710755039974	0.14523158001418868	[.75,.9)
747	public1:0_297_76	official1	0	76	val2014/COCO_val2014_000000311180.jpg	val2014/COCO_val2014_000000282841.jpg	655	53995	86712	55102	89138	0.6226935141618231	-0.004528421833074336	0.37730648583817694	[.5,.75)
748	public1:0_298_4	official1	0	4	val2014/COCO_val2014_000000553094.jpg	val2014/COCO_val2014_000000402798.jpg	634	112762	123669	114257	127369	0.9118048985598655	-0.014749885173562682	0.08819510144013454	[.9,1]
749	public1:0_299_68	official1	0	68	val2014/COCO_val2014_000000447787.jpg	val2014/COCO_val2014_000000468277.jpg	656	28401	32115	27349	30319	0.8843531060252219	0.017688518038896373	0.11564689397477812	[.75,.9)
750	public1:1_150_65	official1	1	65	val2014/COCO_val2014_000000499226.jpg	val2014/COCO_val2014_000000033835.jpg	657	97799	146315	98282	151714	0.6684140382052421	-0.020603025378476025	0.33158596179475786	[.5,.75)
751	public1:1_151_57	official1	1	57	val2014/COCO_val2014_000000491755.jpg	val2014/COCO_val2014_000000279138.jpg	658	125231	175029	148482	165492	0.7154871478440715	0.18172842753117324	0.2845128521559285	[.5,.75)
752	public1:1_152_77	official1	1	77	val2014/COCO_val2014_000000286858.jpg	val2014/COCO_val2014_000000069884.jpg	659	410567	598323	415253	601064	0.6861962518572744	0.0046669507301372315	0.3138037481427256	[.5,.75)
753	public1:1_153_13	official1	1	13	val2014/COCO_val2014_000000422200.jpg	val2014/COCO_val2014_000000002562.jpg	660	37099	50273	39437	51950	0.7379507886937322	0.021182993789424676	0.2620492113062678	[.5,.75)
754	public1:1_154_57	official1	1	57	val2014/COCO_val2014_000000031049.jpg	val2014/COCO_val2014_000000419601.jpg	661	379065	592649	360597	592016	0.639611304498953	-0.03051121260954459	0.360388695501047	[.5,.75)
755	public1:1_155_77	official1	1	77	val2014/COCO_val2014_000000151358.jpg	val2014/COCO_val2014_000000374061.jpg	662	92150	97760	92741	98464	0.942614566284779	-0.000737331965636967	0.05738543371522098	[.9,1]
756	public1:1_156_61	official1	1	61	val2014/COCO_val2014_000000111076.jpg	val2014/COCO_val2014_000000443952.jpg	663	56663	76036	49823	77103	0.7452127939397127	-0.09902522665958091	0.25478720606028726	[.5,.75)
757	public1:1_157_17	official1	1	17	val2014/COCO_val2014_000000187722.jpg	val2014/COCO_val2014_000000291305.jpg	664	94015	106267	95037	109497	0.8847055059425786	-0.01676391850182679	0.11529449405742143	[.75,.9)
758	public1:1_158_5	official1	1	5	val2014/COCO_val2014_000000445087.jpg	val2014/COCO_val2014_000000540783.jpg	665	366643	398933	370058	393468	0.9190590901229029	0.0214443307397848	0.08094090987709712	[.9,1]
759	public1:1_159_41	official1	1	41	val2014/COCO_val2014_000000307172.jpg	val2014/COCO_val2014_000000323515.jpg	6	9886	12421	10768	12471	0.7959101521616617	0.06753303603495442	0.20408984783833828	[.75,.9)
760	public1:1_160_69	official1	1	69	val2014/COCO_val2014_000000446354.jpg	val2014/COCO_val2014_000000261679.jpg	148	127089	1026925	128871	1028262	0.12375684689729045	0.0015721062294418303	0.8762431531027095	[0,.25)
761	public1:1_161_41	official1	1	41	val2014/COCO_val2014_000000051376.jpg	val2014/COCO_val2014_000000581010.jpg	119	24771	38058	23397	36103	0.6508749802932366	-0.0028124924113431815	0.34912501970676335	[.5,.75)
762	public1:1_162_21	official1	1	21	val2014/COCO_val2014_000000328499.jpg	val2014/COCO_val2014_000000307209.jpg	666	171493	187682	172818	190480	0.9137423940495093	-0.006466039576598748	0.0862576059504907	[.9,1]
763	public1:1_163_77	official1	1	77	val2014/COCO_val2014_000000487002.jpg	val2014/COCO_val2014_000000134688.jpg	667	230406	252934	231305	261552	0.9109332869444203	-0.026577594768485868	0.08906671305557967	[.9,1]
764	public1:1_164_49	official1	1	49	val2014/COCO_val2014_000000479596.jpg	val2014/COCO_val2014_000000561938.jpg	668	380509	428314	382370	426988	0.8883879583669925	0.0071173017339939415	0.11161204163300753	[.75,.9)
765	public1:1_165_1	official1	1	1	val2014/COCO_val2014_000000358765.jpg	val2014/COCO_val2014_000000450206.jpg	669	1099	139508	521	153824	0.007877684433867592	-0.004490696707635015	0.9921223155661324	[0,.25)
766	public1:1_166_49	official1	1	49	val2014/COCO_val2014_000000132706.jpg	val2014/COCO_val2014_000000441323.jpg	670	19216	26615	18964	25901	0.7219988728160811	0.010173630176081305	0.2780011271839189	[.5,.75)
767	public1:1_167_29	official1	1	29	val2014/COCO_val2014_000000450055.jpg	val2014/COCO_val2014_000000108327.jpg	170	10842	12300	11324	12530	0.8814634146341463	0.02228758297159983	0.11853658536585365	[.75,.9)
768	public1:1_168_77	official1	1	77	val2014/COCO_val2014_000000185698.jpg	val2014/COCO_val2014_000000189436.jpg	671	183715	246293	187010	251102	0.7459205093120795	-0.0011633986558522436	0.25407949068792046	[.5,.75)
769	public1:1_169_77	official1	1	77	val2014/COCO_val2014_000000287387.jpg	val2014/COCO_val2014_000000275268.jpg	672	122503	135732	121649	135497	0.9025358795273039	-0.0047374042843095765	0.09746412047269615	[.9,1]
770	public1:1_170_17	official1	1	17	val2014/COCO_val2014_000000331280.jpg	val2014/COCO_val2014_000000050380.jpg	673	185711	212035	183541	211270	0.8758506850284151	-0.00709979753847334	0.12414931497158488	[.75,.9)
771	public1:1_171_13	official1	1	13	val2014/COCO_val2014_000000391674.jpg	val2014/COCO_val2014_000000040924.jpg	674	65806	128754	66908	128844	0.5110986843127204	0.00819596658293631	0.48890131568727957	[.5,.75)
772	public1:1_172_65	official1	1	65	val2014/COCO_val2014_000000046551.jpg	val2014/COCO_val2014_000000168425.jpg	180	11606	14195	11568	14048	0.817611835153223	0.00585057942536471	0.182388164846777	[.75,.9)
773	public1:1_173_49	official1	1	49	val2014/COCO_val2014_000000528084.jpg	val2014/COCO_val2014_000000461172.jpg	675	116091	150126	113603	150285	0.7732904360337317	-0.017373345173033683	0.2267095639662683	[.75,.9)
774	public1:1_174_29	official1	1	29	val2014/COCO_val2014_000000481891.jpg	val2014/COCO_val2014_000000528488.jpg	676	8371	9522	8811	9676	0.8791220331863054	0.031481522001788775	0.12087796681369456	[.75,.9)
775	public1:1_175_17	official1	1	17	val2014/COCO_val2014_000000141651.jpg	val2014/COCO_val2014_000000549225.jpg	677	106021	138676	106392	140358	0.7645230609478209	-0.0065185296777827695	0.23547693905217915	[.75,.9)
776	public1:1_176_9	official1	1	9	val2014/COCO_val2014_000000246717.jpg	val2014/COCO_val2014_000000290026.jpg	678	6134	11350	6313	10911	0.5404405286343612	0.03814988470997016	0.4595594713656388	[.5,.75)
777	public1:1_177_41	official1	1	41	val2014/COCO_val2014_000000181030.jpg	val2014/COCO_val2014_000000229837.jpg	48	6011	103650	0	103820	0.05799324650265316	-0.05799324650265316	0.9420067534973469	[0,.25)
778	public1:1_178_45	official1	1	45	val2014/COCO_val2014_000000577128.jpg	val2014/COCO_val2014_000000492107.jpg	679	47689	56437	46849	55875	0.8449953044988217	-0.006534454386964872	0.15500469550117835	[.75,.9)
779	public1:1_179_21	official1	1	21	val2014/COCO_val2014_000000085926.jpg	val2014/COCO_val2014_000000390826.jpg	154	124280	141096	126933	145886	0.8808187333446731	-0.010735243496435398	0.11918126665532691	[.75,.9)
780	public1:1_180_61	official1	1	61	val2014/COCO_val2014_000000418070.jpg	val2014/COCO_val2014_000000220446.jpg	680	38492	48247	38671	41691	0.7978112628764483	0.12975104073824073	0.20218873712355168	[.75,.9)
781	public1:1_181_73	official1	1	73	val2014/COCO_val2014_000000449485.jpg	val2014/COCO_val2014_000000034535.jpg	681	16819	25012	16841	19123	0.6724372301295378	0.20823002919169842	0.3275627698704622	[.5,.75)
782	public1:1_182_49	official1	1	49	val2014/COCO_val2014_000000233311.jpg	val2014/COCO_val2014_000000441323.jpg	670	152883	161257	154437	161977	0.9480704713593828	0.005379709839182456	0.05192952864061717	[.9,1]
783	public1:1_183_17	official1	1	17	val2014/COCO_val2014_000000080470.jpg	val2014/COCO_val2014_000000041104.jpg	682	157046	196743	125903	192718	0.798229161901567	-0.14492744644167221	0.201770838098433	[.75,.9)
784	public1:1_184_1	official1	1	1	val2014/COCO_val2014_000000028714.jpg	val2014/COCO_val2014_000000382174.jpg	683	42531	53758	43082	53600	0.7911566650545035	0.012611991661914401	0.20884333494549645	[.75,.9)
785	public1:1_185_49	official1	1	49	val2014/COCO_val2014_000000496954.jpg	val2014/COCO_val2014_000000050679.jpg	684	65105	79367	65145	70927	0.8203031486638024	0.09817641483105854	0.17969685133619762	[.75,.9)
786	public1:1_186_37	official1	1	37	val2014/COCO_val2014_000000461838.jpg	val2014/COCO_val2014_000000115898.jpg	685	174948	184778	176358	186308	0.9468010260961803	-0.00020721369950382762	0.05319897390381967	[.9,1]
787	public1:1_187_49	official1	1	49	val2014/COCO_val2014_000000148792.jpg	val2014/COCO_val2014_000000172686.jpg	686	7110	58048	2980	45926	0.1224848401323043	-0.05759784801454966	0.8775151598676957	[0,.25)
788	public1:1_188_9	official1	1	9	val2014/COCO_val2014_000000483266.jpg	val2014/COCO_val2014_000000307847.jpg	687	47438	55996	47769	58282	0.847167654832488	-0.02754924777713641	0.15283234516751198	[.75,.9)
789	public1:1_189_29	official1	1	29	val2014/COCO_val2014_000000020972.jpg	val2014/COCO_val2014_000000458721.jpg	688	20177	286568	21375	295678	0.07040911755674045	0.001882361687572623	0.9295908824432595	[0,.25)
790	public1:1_190_21	official1	1	21	val2014/COCO_val2014_000000490475.jpg	val2014/COCO_val2014_000000239888.jpg	689	183737	191789	184103	194227	0.9580163617308605	-0.010140937613719148	0.041983638269139534	[.9,1]
791	public1:1_191_9	official1	1	9	val2014/COCO_val2014_000000142323.jpg	val2014/COCO_val2014_000000213475.jpg	690	17437	31639	16546	27692	0.5511236132621132	0.04637747008325732	0.44887638673788677	[.5,.75)
792	public1:1_192_17	official1	1	17	val2014/COCO_val2014_000000524957.jpg	val2014/COCO_val2014_000000391933.jpg	691	172141	233622	176720	232288	0.7368355719923637	0.023944149732391784	0.2631644280076363	[.5,.75)
793	public1:1_193_65	official1	1	65	val2014/COCO_val2014_000000413235.jpg	val2014/COCO_val2014_000000555245.jpg	244	56450	69300	57335	71084	0.8145743145743146	-0.007993368088466846	0.18542568542568538	[.75,.9)
794	public1:1_194_21	official1	1	21	val2014/COCO_val2014_000000102057.jpg	val2014/COCO_val2014_000000417465.jpg	692	78278	89150	81357	90440	0.8780482333146382	0.021520541563734175	0.12195176668536178	[.75,.9)
795	public1:1_195_57	official1	1	57	val2014/COCO_val2014_000000428231.jpg	val2014/COCO_val2014_000000126141.jpg	693	134032	258117	121765	259664	0.5192683937904129	-0.05033546508254427	0.4807316062095871	[.5,.75)
796	public1:1_196_1	official1	1	1	val2014/COCO_val2014_000000013296.jpg	val2014/COCO_val2014_000000544278.jpg	694	42940	85818	39439	82004	0.5003612295788762	-0.01942127543029809	0.4996387704211238	[.5,.75)
797	public1:1_197_73	official1	1	73	val2014/COCO_val2014_000000157635.jpg	val2014/COCO_val2014_000000066355.jpg	695	0	41048	0	40734	0.0	0.0	1.0	[0,.25)
798	public1:1_198_29	official1	1	29	val2014/COCO_val2014_000000207635.jpg	val2014/COCO_val2014_000000207046.jpg	696	40268	46485	40910	43568	0.8662579326664516	0.07273398800927378	0.13374206733354843	[.75,.9)
799	public1:1_199_41	official1	1	41	val2014/COCO_val2014_000000163611.jpg	val2014/COCO_val2014_000000286760.jpg	697	34334	43472	34494	43638	0.7897957305852042	0.0006621272451271532	0.21020426941479575	[.75,.9)
800	public1:1_200_33	official1	1	33	val2014/COCO_val2014_000000293200.jpg	val2014/COCO_val2014_000000271643.jpg	698	6867	23280	6595	24958	0.2949742268041237	-0.03073029700205626	0.7050257731958762	[.25,.5)
801	public1:1_201_69	official1	1	69	val2014/COCO_val2014_000000351528.jpg	val2014/COCO_val2014_000000321223.jpg	699	105032	161957	110844	162067	0.6485178164574548	0.03542154195604086	0.35148218354254523	[.5,.75)
802	public1:1_202_65	official1	1	65	val2014/COCO_val2014_000000371364.jpg	val2014/COCO_val2014_000000557130.jpg	700	12171	28272	11918	29427	0.43049660441426146	-0.02549439555844879	0.5695033955857385	[.25,.5)
803	public1:1_203_41	official1	1	41	val2014/COCO_val2014_000000249276.jpg	val2014/COCO_val2014_000000528399.jpg	701	27463	38252	27311	37213	0.7179493882672802	0.015960804407322837	0.28205061173271984	[.5,.75)
804	public1:1_204_53	official1	1	53	val2014/COCO_val2014_000000532531.jpg	val2014/COCO_val2014_000000317325.jpg	702	317955	337911	318727	336777	0.940943029377558	0.005460673963228357	0.05905697062244197	[.9,1]
805	public1:1_205_9	official1	1	9	val2014/COCO_val2014_000000190923.jpg	val2014/COCO_val2014_000000483165.jpg	703	37761	76850	38889	76347	0.4913597918022121	0.018011892743349578	0.5086402081977879	[.25,.5)
806	public1:1_206_1	official1	1	1	val2014/COCO_val2014_000000173464.jpg	val2014/COCO_val2014_000000108838.jpg	704	49980	66456	46389	63445	0.7520765619357168	-0.020907833115478835	0.24792343806428319	[.75,.9)
807	public1:1_207_45	official1	1	45	val2014/COCO_val2014_000000547013.jpg	val2014/COCO_val2014_000000513381.jpg	705	1348	55336	546	71098	0.024360271794130403	-0.016680730878774135	0.9756397282058696	[0,.25)
808	public1:1_208_49	official1	1	49	val2014/COCO_val2014_000000056714.jpg	val2014/COCO_val2014_000000042641.jpg	706	210380	226924	212285	229590	0.9270945338527437	-0.0024680257295675023	0.07290546614725635	[.9,1]
809	public1:1_209_5	official1	1	5	val2014/COCO_val2014_000000228306.jpg	val2014/COCO_val2014_000000271452.jpg	707	420348	540709	437538	537299	0.7774015228154145	0.03692718429180142	0.22259847718458547	[.75,.9)
810	public1:1_210_65	official1	1	65	val2014/COCO_val2014_000000512974.jpg	val2014/COCO_val2014_000000338901.jpg	708	41939	93273	41463	71619	0.44963708683113013	0.1293014629950333	0.5503629131688699	[.25,.5)
811	public1:1_211_45	official1	1	45	val2014/COCO_val2014_000000188616.jpg	val2014/COCO_val2014_000000010785.jpg	709	197781	337485	202345	333561	0.5860438241699631	0.02057685390691033	0.41395617583003685	[.5,.75)
812	public1:1_212_37	official1	1	37	val2014/COCO_val2014_000000329498.jpg	val2014/COCO_val2014_000000066502.jpg	710	57442	66923	55911	67166	0.8583297222180715	-0.025899623656299164	0.14167027778192853	[.75,.9)
813	public1:1_213_57	official1	1	57	val2014/COCO_val2014_000000533129.jpg	val2014/COCO_val2014_000000373577.jpg	711	84563	172292	84280	164500	0.4908121096742739	0.021528315857641034	0.5091878903257261	[.25,.5)
814	public1:1_214_73	official1	1	73	val2014/COCO_val2014_000000254986.jpg	val2014/COCO_val2014_000000118237.jpg	712	124173	202724	124016	192294	0.612522444308518	0.03240667464475144	0.387477555691482	[.5,.75)
815	public1:1_215_29	official1	1	29	val2014/COCO_val2014_000000306636.jpg	val2014/COCO_val2014_000000328337.jpg	713	57495	58373	57620	59233	0.9849587994449489	-0.012190241377655342	0.015041200555051093	[.9,1]
816	public1:1_216_1	official1	1	1	val2014/COCO_val2014_000000297372.jpg	val2014/COCO_val2014_000000079966.jpg	714	244809	277842	259416	277498	0.8811086876714104	0.05373048234062572	0.11889131232858963	[.75,.9)
817	public1:1_217_13	official1	1	13	val2014/COCO_val2014_000000145727.jpg	val2014/COCO_val2014_000000308003.jpg	715	28028	33128	27865	33781	0.8460516783385655	-0.0211797088882828	0.15394832166143446	[.75,.9)
818	public1:1_218_77	official1	1	77	val2014/COCO_val2014_000000017769.jpg	val2014/COCO_val2014_000000203479.jpg	716	74800	383351	75226	388842	0.19512144222918423	-0.001659830572007276	0.8048785577708157	[0,.25)
819	public1:1_219_41	official1	1	41	val2014/COCO_val2014_000000022492.jpg	val2014/COCO_val2014_000000313399.jpg	506	68375	85071	68632	88654	0.8037404050734093	-0.029584698619103733	0.19625959492659073	[.75,.9)
820	public1:1_220_33	official1	1	33	val2014/COCO_val2014_000000118741.jpg	val2014/COCO_val2014_000000047471.jpg	717	87752	95562	88999	96653	0.918272953684519	0.0025365400714947306	0.081727046315481	[.9,1]
821	public1:1_221_1	official1	1	1	val2014/COCO_val2014_000000450308.jpg	val2014/COCO_val2014_000000416733.jpg	718	66302	87885	59532	89118	0.7544177049553393	-0.08640450896799667	0.24558229504466067	[.75,.9)
822	public1:1_222_45	official1	1	45	val2014/COCO_val2014_000000153300.jpg	val2014/COCO_val2014_000000294297.jpg	575	15198	143280	21350	48796	0.10607202680067002	0.33146383679470665	0.8939279731993299	[0,.25)
823	public1:1_223_17	official1	1	17	val2014/COCO_val2014_000000062151.jpg	val2014/COCO_val2014_000000513659.jpg	719	6214	9621	7440	11222	0.6458788067768423	0.01710461863752233	0.3541211932231577	[.5,.75)
824	public1:1_224_73	official1	1	73	val2014/COCO_val2014_000000156609.jpg	val2014/COCO_val2014_000000170267.jpg	720	19431	63980	18426	64491	0.30370428258830884	-0.01798999687402314	0.6962957174116912	[.25,.5)
825	public1:1_225_37	official1	1	37	val2014/COCO_val2014_000000066072.jpg	val2014/COCO_val2014_000000468197.jpg	721	24996	31975	24714	34455	0.7817357310398749	-0.06445231789229111	0.21826426896012507	[.75,.9)
826	public1:1_226_29	official1	1	29	val2014/COCO_val2014_000000260525.jpg	val2014/COCO_val2014_000000161144.jpg	722	190762	211913	189987	213848	0.9001901723820624	-0.011769424935277772	0.09980982761793755	[.9,1]
827	public1:1_227_49	official1	1	49	val2014/COCO_val2014_000000069535.jpg	val2014/COCO_val2014_000000090432.jpg	723	164818	188555	155222	188438	0.8741110020948795	-0.050381181145814025	0.12588899790512054	[.75,.9)
828	public1:1_228_65	official1	1	65	val2014/COCO_val2014_000000314188.jpg	val2014/COCO_val2014_000000233521.jpg	275	50579	60307	50549	60725	0.8386920258013166	-0.006267159601234251	0.16130797419868337	[.75,.9)
829	public1:1_229_5	official1	1	5	val2014/COCO_val2014_000000495064.jpg	val2014/COCO_val2014_000000450728.jpg	724	39244	42179	38930	42301	0.9304156096635766	-0.010106397115409949	0.06958439033642339	[.9,1]
830	public1:1_230_61	official1	1	61	val2014/COCO_val2014_000000159500.jpg	val2014/COCO_val2014_000000437910.jpg	725	37527	54495	36017	46362	0.6886319845857418	0.08823268906940684	0.3113680154142582	[.5,.75)
831	public1:1_231_25	official1	1	25	val2014/COCO_val2014_000000005325.jpg	val2014/COCO_val2014_000000237558.jpg	726	51962	57385	53491	57533	0.9054979524265924	0.024246715850744116	0.09450204757340763	[.9,1]
832	public1:1_232_33	official1	1	33	val2014/COCO_val2014_000000199602.jpg	val2014/COCO_val2014_000000421307.jpg	727	27074	31298	27626	32795	0.8650392996357594	-0.022654789801943354	0.13496070036424057	[.75,.9)
833	public1:1_233_53	official1	1	53	val2014/COCO_val2014_000000419503.jpg	val2014/COCO_val2014_000000189243.jpg	728	25550	49980	19187	40523	0.511204481792717	-0.03772028763137658	0.48879551820728295	[.5,.75)
834	public1:1_234_21	official1	1	21	val2014/COCO_val2014_000000262933.jpg	val2014/COCO_val2014_000000417465.jpg	692	41764	46839	43720	49401	0.891650120625974	-0.006647792737874636	0.10834987937402596	[.75,.9)
835	public1:1_235_49	official1	1	49	val2014/COCO_val2014_000000383341.jpg	val2014/COCO_val2014_000000184384.jpg	729	45533	51417	45917	50850	0.8855631405955229	0.017426043278616743	0.11443685940447712	[.75,.9)
836	public1:1_236_45	official1	1	45	val2014/COCO_val2014_000000473869.jpg	val2014/COCO_val2014_000000286146.jpg	176	7790	104206	8050	105133	0.07475577222040958	0.0018139061869411055	0.9252442277795905	[0,.25)
837	public1:1_237_9	official1	1	9	val2014/COCO_val2014_000000273918.jpg	val2014/COCO_val2014_000000184667.jpg	730	8140	12689	7809	9750	0.6415005122547088	0.15942256466836813	0.35849948774529117	[.5,.75)
838	public1:1_238_33	official1	1	33	val2014/COCO_val2014_000000230031.jpg	val2014/COCO_val2014_000000107839.jpg	731	167982	186703	168881	188016	0.8997284457132451	-0.0015016990533863739	0.10027155428675494	[.75,.9)
839	public1:1_239_53	official1	1	53	val2014/COCO_val2014_000000124759.jpg	val2014/COCO_val2014_000000556932.jpg	60	107216	206913	105919	152101	0.5181694721936273	0.17820333271889788	0.4818305278063727	[.5,.75)
840	public1:1_240_73	official1	1	73	val2014/COCO_val2014_000000051746.jpg	val2014/COCO_val2014_000000561523.jpg	732	0	79897	0	80596	0.0	0.0	1.0	[0,.25)
841	public1:1_241_49	official1	1	49	val2014/COCO_val2014_000000031000.jpg	val2014/COCO_val2014_000000092679.jpg	733	593386	622302	601997	624852	0.953533814771606	0.009889523874985429	0.046466185228393964	[.9,1]
842	public1:1_242_77	official1	1	77	val2014/COCO_val2014_000000230004.jpg	val2014/COCO_val2014_000000167549.jpg	203	417192	700739	409544	702676	0.5953600413277982	-0.012525278222184744	0.4046399586722018	[.5,.75)
843	public1:1_243_69	official1	1	69	val2014/COCO_val2014_000000384952.jpg	val2014/COCO_val2014_000000458778.jpg	271	97813	235663	102126	217312	0.41505454823200927	0.05489648990670376	0.5849454517679907	[.25,.5)
844	public1:1_244_53	official1	1	53	val2014/COCO_val2014_000000472733.jpg	val2014/COCO_val2014_000000399636.jpg	734	441810	462148	444230	460357	0.9559924526342211	0.008976039210151887	0.04400754736577894	[.9,1]
845	public1:1_245_5	official1	1	5	val2014/COCO_val2014_000000497158.jpg	val2014/COCO_val2014_000000432333.jpg	735	19017	28029	20164	26814	0.6784758642834208	0.0735193620908613	0.32152413571657923	[.5,.75)
846	public1:1_246_77	official1	1	77	val2014/COCO_val2014_000000570169.jpg	val2014/COCO_val2014_000000321333.jpg	736	237211	257251	236090	256276	0.9220994281849244	-0.0008660703987876106	0.07790057181507559	[.9,1]
847	public1:1_247_41	official1	1	41	val2014/COCO_val2014_000000036936.jpg	val2014/COCO_val2014_000000442231.jpg	737	17697	35579	16784	31921	0.4974001517749234	0.028397912195503527	0.5025998482250766	[.25,.5)
848	public1:1_248_65	official1	1	65	val2014/COCO_val2014_000000321877.jpg	val2014/COCO_val2014_000000294839.jpg	738	8930	10548	8799	11050	0.8466059916571862	-0.05031639889700523	0.1533940083428138	[.75,.9)
849	public1:1_249_65	official1	1	65	val2014/COCO_val2014_000000222735.jpg	val2014/COCO_val2014_000000546029.jpg	739	172023	185758	169307	179441	0.9260597120985368	0.01746490044820559	0.07394028790146323	[.9,1]
850	public1:1_250_21	official1	1	21	val2014/COCO_val2014_000000235064.jpg	val2014/COCO_val2014_000000001442.jpg	740	277003	296157	278859	294789	0.935324844592564	0.010636504033063154	0.06467515540743596	[.9,1]
851	public1:1_251_61	official1	1	61	val2014/COCO_val2014_000000255928.jpg	val2014/COCO_val2014_000000567787.jpg	741	10112	11537	10513	11836	0.8764843546849268	0.011738017738189166	0.1235156453150732	[.75,.9)
852	public1:1_252_61	official1	1	61	val2014/COCO_val2014_000000443640.jpg	val2014/COCO_val2014_000000299077.jpg	742	167722	284404	170941	285589	0.5897315086988931	0.008824458092544951	0.4102684913011069	[.5,.75)
853	public1:1_253_77	official1	1	77	val2014/COCO_val2014_000000290684.jpg	val2014/COCO_val2014_000000287387.jpg	672	37185	42522	37791	43079	0.8744885000705517	0.0027602754349149716	0.12551149992944832	[.75,.9)
854	public1:1_254_61	official1	1	61	val2014/COCO_val2014_000000383601.jpg	val2014/COCO_val2014_000000166142.jpg	743	61579	85616	63574	73783	0.719246402541581	0.14238839138113835	0.280753597458419	[.5,.75)
855	public1:1_255_73	official1	1	73	val2014/COCO_val2014_000000409331.jpg	val2014/COCO_val2014_000000167818.jpg	744	0	28811	0	29371	0.0	0.0	1.0	[0,.25)
856	public1:1_256_37	official1	1	37	val2014/COCO_val2014_000000159738.jpg	val2014/COCO_val2014_000000293564.jpg	745	47569	57585	48575	58835	0.8260658157506295	-0.000451810481656989	0.17393418424937046	[.75,.9)
857	public1:1_257_21	official1	1	21	val2014/COCO_val2014_000000399921.jpg	val2014/COCO_val2014_000000205776.jpg	746	247452	279800	248383	281282	0.8843888491779843	-0.0013497638472486084	0.11561115082201567	[.75,.9)
858	public1:1_258_33	official1	1	33	val2014/COCO_val2014_000000386012.jpg	val2014/COCO_val2014_000000531149.jpg	747	12616	24915	12335	26573	0.5063616295404375	-0.042168651705793314	0.4936383704595625	[.5,.75)
859	public1:1_259_57	official1	1	57	val2014/COCO_val2014_000000141849.jpg	val2014/COCO_val2014_000000246076.jpg	748	161052	222178	159037	218806	0.7248782507719036	0.0019619638474395185	0.2751217492280964	[.5,.75)
860	public1:1_260_17	official1	1	17	val2014/COCO_val2014_000000267933.jpg	val2014/COCO_val2014_000000359838.jpg	749	29889	46483	30871	47643	0.6430092722070434	0.004955801360951861	0.3569907277929566	[.5,.75)
861	public1:1_261_61	official1	1	61	val2014/COCO_val2014_000000500533.jpg	val2014/COCO_val2014_000000364783.jpg	750	32631	37084	33019	37669	0.8799212598425197	-0.0033649403224899066	0.12007874015748032	[.75,.9)
862	public1:1_262_57	official1	1	57	val2014/COCO_val2014_000000315577.jpg	val2014/COCO_val2014_000000571728.jpg	751	13284	332191	1369	383931	0.03998904244847091	-0.03642329756201996	0.9600109575515291	[0,.25)
863	public1:1_263_29	official1	1	29	val2014/COCO_val2014_000000252716.jpg	val2014/COCO_val2014_000000058849.jpg	752	48127	55402	48507	55779	0.8686870510089888	0.000941303748177913	0.1313129489910112	[.75,.9)
864	public1:1_264_17	official1	1	17	val2014/COCO_val2014_000000104685.jpg	val2014/COCO_val2014_000000492366.jpg	753	23713	35636	26406	43502	0.665422606353126	-0.05841603194275402	0.334577393646874	[.5,.75)
865	public1:1_265_53	official1	1	53	val2014/COCO_val2014_000000443712.jpg	val2014/COCO_val2014_000000544794.jpg	754	6813	20588	7087	20762	0.3309209248105693	0.010423839662988155	0.6690790751894307	[.25,.5)
866	public1:1_266_45	official1	1	45	val2014/COCO_val2014_000000544432.jpg	val2014/COCO_val2014_000000457893.jpg	222	11095	15169	10977	12351	0.7314259344716197	0.1573280125772022	0.26857406552838026	[.5,.75)
867	public1:1_267_65	official1	1	65	val2014/COCO_val2014_000000046551.jpg	val2014/COCO_val2014_000000045406.jpg	180	11555	13971	11874	15207	0.8270703600314938	-0.046245739790815144	0.1729296399685062	[.75,.9)
868	public1:1_268_17	official1	1	17	val2014/COCO_val2014_000000566324.jpg	val2014/COCO_val2014_000000071215.jpg	755	21476	51297	21430	50047	0.41865996062147887	0.009537533733827153	0.5813400393785211	[.25,.5)
869	public1:1_269_13	official1	1	13	val2014/COCO_val2014_000000086429.jpg	val2014/COCO_val2014_000000151005.jpg	756	15451	55167	14305	52005	0.2800768575416463	-0.005007152705572837	0.7199231424583536	[.25,.5)
870	public1:1_270_41	official1	1	41	val2014/COCO_val2014_000000257328.jpg	val2014/COCO_val2014_000000218439.jpg	757	72273	128648	66159	135385	0.5617887569181022	-0.07311571337561223	0.43821124308189785	[.5,.75)
871	public1:1_271_17	official1	1	17	val2014/COCO_val2014_000000176273.jpg	val2014/COCO_val2014_000000330022.jpg	758	32655	40801	32083	40774	0.8003480306855224	-0.013498567792502358	0.1996519693144776	[.75,.9)
872	public1:1_272_45	official1	1	45	val2014/COCO_val2014_000000092519.jpg	val2014/COCO_val2014_000000410735.jpg	759	1505	142925	0	137522	0.010529998250830855	-0.010529998250830855	0.9894700017491691	[0,.25)
873	public1:1_273_57	official1	1	57	val2014/COCO_val2014_000000147448.jpg	val2014/COCO_val2014_000000475906.jpg	760	101383	113267	97776	110401	0.8950797672755525	-0.009435615501564909	0.1049202327244475	[.75,.9)
874	public1:1_274_53	official1	1	53	val2014/COCO_val2014_000000478981.jpg	val2014/COCO_val2014_000000007787.jpg	761	782340	1048510	790213	1048576	0.7461445289029194	0.007461313687412652	0.2538554710970806	[.5,.75)
875	public1:1_275_69	official1	1	69	val2014/COCO_val2014_000000197266.jpg	val2014/COCO_val2014_000000012754.jpg	762	35629	175840	37438	175399	0.2026217015468608	0.010823072938740602	0.7973782984531392	[0,.25)
876	public1:1_276_45	official1	1	45	val2014/COCO_val2014_000000192871.jpg	val2014/COCO_val2014_000000146767.jpg	266	112416	187592	114327	172915	0.5992579640922854	0.06191660144569566	0.4007420359077146	[.5,.75)
877	public1:1_277_41	official1	1	41	val2014/COCO_val2014_000000008749.jpg	val2014/COCO_val2014_000000201426.jpg	702	50565	61295	51060	63919	0.8249449384125949	-0.026121427406477715	0.17505506158740514	[.75,.9)
878	public1:1_278_65	official1	1	65	val2014/COCO_val2014_000000128970.jpg	val2014/COCO_val2014_000000512974.jpg	708	87492	148177	88249	139114	0.5904560086923072	0.04390861312864536	0.4095439913076928	[.5,.75)
879	public1:1_279_1	official1	1	1	val2014/COCO_val2014_000000442726.jpg	val2014/COCO_val2014_000000371890.jpg	763	39443	154921	37787	102012	0.25460073198597993	0.11581647383294336	0.74539926801402	[.25,.5)
880	public1:1_280_25	official1	1	25	val2014/COCO_val2014_000000563261.jpg	val2014/COCO_val2014_000000207937.jpg	242	68114	80042	68605	83877	0.8509782364258764	-0.03305437171922265	0.14902176357412356	[.75,.9)
881	public1:1_281_53	official1	1	53	val2014/COCO_val2014_000000408906.jpg	val2014/COCO_val2014_000000329455.jpg	764	245723	315813	273710	315642	0.7780648675007046	0.0890884264208901	0.22193513249929542	[.75,.9)
882	public1:1_282_69	official1	1	69	val2014/COCO_val2014_000000104930.jpg	val2014/COCO_val2014_000000380247.jpg	17	2014	119682	0	108933	0.016827927340786416	-0.016827927340786416	0.9831720726592136	[0,.25)
883	public1:1_283_49	official1	1	49	val2014/COCO_val2014_000000306099.jpg	val2014/COCO_val2014_000000344758.jpg	765	7892	33136	2359	17664	0.23816996619990344	-0.10462150605497589	0.7618300338000965	[0,.25)
884	public1:1_284_29	official1	1	29	val2014/COCO_val2014_000000160607.jpg	val2014/COCO_val2014_000000226291.jpg	766	6732	9065	7806	9264	0.7426365140650855	0.09998006624579536	0.25736348593491454	[.5,.75)
885	public1:1_285_29	official1	1	29	val2014/COCO_val2014_000000203669.jpg	val2014/COCO_val2014_000000326063.jpg	767	9750	10400	9910	11470	0.9375	-0.07350697471665213	0.0625	[.9,1]
886	public1:1_286_61	official1	1	61	val2014/COCO_val2014_000000288062.jpg	val2014/COCO_val2014_000000010977.jpg	768	137689	148852	136645	148171	0.9250060462741515	-0.00279454739785312	0.0749939537258485	[.9,1]
887	public1:1_287_5	official1	1	5	val2014/COCO_val2014_000000349689.jpg	val2014/COCO_val2014_000000316063.jpg	769	17683	20786	17869	21005	0.8507168286346579	-1.4614876029050983e-05	0.14928317136534208	[.75,.9)
888	public1:1_288_57	official1	1	57	val2014/COCO_val2014_000000425591.jpg	val2014/COCO_val2014_000000018903.jpg	770	16632	430890	17571	436109	0.038599178444614635	0.001691207674451932	0.9614008215553853	[0,.25)
889	public1:1_289_13	official1	1	13	val2014/COCO_val2014_000000325152.jpg	val2014/COCO_val2014_000000515226.jpg	175	13245	19772	13650	20336	0.6698867084766337	0.0013367376287951593	0.3301132915233663	[.5,.75)
890	public1:1_290_5	official1	1	5	val2014/COCO_val2014_000000289883.jpg	val2014/COCO_val2014_000000273067.jpg	771	190031	212203	193071	213647	0.8955151435182349	0.008176459921083179	0.10448485648176509	[.75,.9)
891	public1:1_291_29	official1	1	29	val2014/COCO_val2014_000000479808.jpg	val2014/COCO_val2014_000000065430.jpg	767	26486	28134	26790	29227	0.9414231890239568	-0.0248049935197997	0.05857681097604317	[.9,1]
892	public1:1_292_33	official1	1	33	val2014/COCO_val2014_000000505562.jpg	val2014/COCO_val2014_000000446209.jpg	772	6963	11358	8037	13881	0.6130480718436344	-0.03405520389463934	0.3869519281563656	[.5,.75)
893	public1:1_293_65	official1	1	65	val2014/COCO_val2014_000000413235.jpg	val2014/COCO_val2014_000000371910.jpg	244	56389	69035	55856	70221	0.8168175563120157	-0.02138599025627741	0.1831824436879843	[.75,.9)
894	public1:1_294_45	official1	1	45	val2014/COCO_val2014_000000378873.jpg	val2014/COCO_val2014_000000512476.jpg	773	0	43205	0	37701	0.0	0.0	1.0	[0,.25)
895	public1:1_295_65	official1	1	65	val2014/COCO_val2014_000000371910.jpg	val2014/COCO_val2014_000000235701.jpg	244	28427	51317	28759	47738	0.5539489837675624	0.0484851358017534	0.4460510162324376	[.5,.75)
896	public1:1_296_1	official1	1	1	val2014/COCO_val2014_000000322029.jpg	val2014/COCO_val2014_000000383777.jpg	774	13658	21172	14020	22033	0.6450972983185339	-0.008779048420653468	0.3549027016814661	[.5,.75)
897	public1:1_297_49	official1	1	49	val2014/COCO_val2014_000000224289.jpg	val2014/COCO_val2014_000000008473.jpg	775	15837	138539	15821	140582	0.11431438078808133	-0.0017750798818486624	0.8856856192119187	[0,.25)
898	public1:1_298_13	official1	1	13	val2014/COCO_val2014_000000163929.jpg	val2014/COCO_val2014_000000103030.jpg	776	83045	99185	81433	98546	0.8372737813177396	-0.01092872418705948	0.16272621868226045	[.75,.9)
899	public1:1_299_21	official1	1	21	val2014/COCO_val2014_000000452263.jpg	val2014/COCO_val2014_000000084158.jpg	204	33780	40167	33558	40361	0.8409888714616476	-0.009542673399161483	0.15901112853835242	[.75,.9)
900	public1:2_150_18	official1	2	18	val2014/COCO_val2014_000000331816.jpg	val2014/COCO_val2014_000000269196.jpg	777	8821	17646	10567	18975	0.49988665986625863	0.05700398572003912	0.5001133401337414	[.25,.5)
901	public1:2_151_62	official1	2	62	val2014/COCO_val2014_000000262391.jpg	val2014/COCO_val2014_000000383462.jpg	778	69460	72793	68530	72279	0.9542126303353344	-0.0060810845198140395	0.04578736966466557	[.9,1]
902	public1:2_152_2	official1	2	2	val2014/COCO_val2014_000000364919.jpg	val2014/COCO_val2014_000000185943.jpg	779	8630	15579	9163	15335	0.5539508312471917	0.043571177230147695	0.4460491687528083	[.5,.75)
903	public1:2_153_58	official1	2	58	val2014/COCO_val2014_000000547435.jpg	val2014/COCO_val2014_000000060730.jpg	780	21710	26085	21078	23403	0.8322790875982365	0.0683746747399252	0.16772091240176346	[.75,.9)
904	public1:2_154_26	official1	2	26	val2014/COCO_val2014_000000429706.jpg	val2014/COCO_val2014_000000034535.jpg	681	4434	74976	3450	56332	0.059138924455825866	0.002105128657857301	0.9408610755441741	[0,.25)
905	public1:2_155_42	official1	2	42	val2014/COCO_val2014_000000456816.jpg	val2014/COCO_val2014_000000166426.jpg	781	80301	103798	79782	104040	0.7736276228829072	-0.006787945835617704	0.2263723771170928	[.75,.9)
906	public1:2_156_42	official1	2	42	val2014/COCO_val2014_000000358427.jpg	val2014/COCO_val2014_000000259136.jpg	405	114398	126484	114913	129302	0.9044464121944278	-0.015728526933565634	0.09555358780557222	[.9,1]
907	public1:2_157_58	official1	2	58	val2014/COCO_val2014_000000497281.jpg	val2014/COCO_val2014_000000001626.jpg	782	20456	27956	20332	28213	0.7317212762913149	-0.01106058795615028	0.2682787237086851	[.5,.75)
908	public1:2_158_66	official1	2	66	val2014/COCO_val2014_000000042889.jpg	val2014/COCO_val2014_000000154423.jpg	783	107800	126909	108517	132949	0.8494275425698729	-0.03319725877683943	0.15057245743012715	[.75,.9)
909	public1:2_159_54	official1	2	54	val2014/COCO_val2014_000000560470.jpg	val2014/COCO_val2014_000000445695.jpg	784	30526	32166	30943	32755	0.949014487346888	-0.004334285850933206	0.05098551265311202	[.9,1]
910	public1:2_160_30	official1	2	30	val2014/COCO_val2014_000000416072.jpg	val2014/COCO_val2014_000000014874.jpg	351	14501	29433	15808	29224	0.4926782862773078	0.04824698062660682	0.5073217137226922	[.25,.5)
911	public1:2_161_42	official1	2	42	val2014/COCO_val2014_000000320664.jpg	val2014/COCO_val2014_000000195559.jpg	82	13776	30159	13106	27303	0.45677907092410225	0.023241439642502137	0.5432209290758978	[.25,.5)
912	public1:2_162_66	official1	2	66	val2014/COCO_val2014_000000027717.jpg	val2014/COCO_val2014_000000258996.jpg	785	81456	112061	81997	112013	0.7268898189379	0.005141284594725737	0.27311018106210005	[.5,.75)
913	public1:2_163_14	official1	2	14	val2014/COCO_val2014_000000316806.jpg	val2014/COCO_val2014_000000406744.jpg	786	7013	8819	7092	9862	0.795214876970178	-0.07609096701276574	0.204785123029822	[.75,.9)
914	public1:2_164_22	official1	2	22	val2014/COCO_val2014_000000534988.jpg	val2014/COCO_val2014_000000240751.jpg	787	142732	161916	147314	166603	0.8815188122236222	0.002702960493555784	0.11848118777637784	[.75,.9)
915	public1:2_165_74	official1	2	74	val2014/COCO_val2014_000000111179.jpg	val2014/COCO_val2014_000000342479.jpg	788	17186	28841	17303	22877	0.5958877986200201	0.16046137303710284	0.40411220137997994	[.5,.75)
916	public1:2_166_26	official1	2	26	val2014/COCO_val2014_000000078170.jpg	val2014/COCO_val2014_000000183144.jpg	789	0	31930	0	31731	0.0	0.0	1.0	[0,.25)
917	public1:2_167_30	official1	2	30	val2014/COCO_val2014_000000531803.jpg	val2014/COCO_val2014_000000447407.jpg	790	11890	35282	12424	37907	0.33699903633580863	-0.009249544157583	0.6630009636641914	[.25,.5)
918	public1:2_168_14	official1	2	14	val2014/COCO_val2014_000000354061.jpg	val2014/COCO_val2014_000000296192.jpg	791	47149	56694	47727	57047	0.8316400324549335	0.004985907559440617	0.16835996754506655	[.75,.9)
919	public1:2_169_78	official1	2	78	val2014/COCO_val2014_000000043073.jpg	val2014/COCO_val2014_000000186276.jpg	306	28308	34604	28492	33441	0.8180557161021847	0.03395229801222566	0.18194428389781525	[.75,.9)
920	public1:2_170_30	official1	2	30	val2014/COCO_val2014_000000297698.jpg	val2014/COCO_val2014_000000518116.jpg	792	13878	21352	14879	21991	0.6499625327838142	0.026632437886005222	0.3500374672161858	[.5,.75)
921	public1:2_171_50	official1	2	50	val2014/COCO_val2014_000000251531.jpg	val2014/COCO_val2014_000000051339.jpg	793	120086	144245	120954	145637	0.8325141252729731	-0.001997154997562256	0.16748587472702692	[.75,.9)
922	public1:2_172_58	official1	2	58	val2014/COCO_val2014_000000499785.jpg	val2014/COCO_val2014_000000512982.jpg	794	151667	226413	152110	228896	0.6698687796195448	-0.005331173020914903	0.33013122038045517	[.5,.75)
923	public1:2_173_2	official1	2	2	val2014/COCO_val2014_000000279818.jpg	val2014/COCO_val2014_000000262360.jpg	795	141671	166687	140294	163050	0.8499223094782437	0.010513139770453095	0.15007769052175635	[.75,.9)
924	public1:2_174_58	official1	2	58	val2014/COCO_val2014_000000321885.jpg	val2014/COCO_val2014_000000089228.jpg	796	11180	27752	11870	21585	0.40285384837128857	0.14706507680823422	0.5971461516287114	[.25,.5)
925	public1:2_175_34	official1	2	34	val2014/COCO_val2014_000000203965.jpg	val2014/COCO_val2014_000000442019.jpg	797	4585	8979	4226	9283	0.510635928277091	-0.05539516559261404	0.48936407172290897	[.5,.75)
926	public1:2_176_78	official1	2	78	val2014/COCO_val2014_000000414857.jpg	val2014/COCO_val2014_000000478874.jpg	306	26742	28610	26779	29206	0.9347081440055924	-0.01780750715015178	0.06529185599440757	[.9,1]
927	public1:2_177_22	official1	2	22	val2014/COCO_val2014_000000093639.jpg	val2014/COCO_val2014_000000552902.jpg	798	38417	86990	41277	87530	0.4416254741924359	0.029949985649903865	0.5583745258075641	[.25,.5)
928	public1:2_178_50	official1	2	50	val2014/COCO_val2014_000000170401.jpg	val2014/COCO_val2014_000000352900.jpg	407	67395	81743	66755	81238	0.8244742669097048	-0.0027529049854821963	0.17552573309029518	[.75,.9)
929	public1:2_179_6	official1	2	6	val2014/COCO_val2014_000000440508.jpg	val2014/COCO_val2014_000000088094.jpg	386	110982	122861	108200	118278	0.9033135006226549	0.011480459369904938	0.09668649937734508	[.9,1]
930	public1:2_180_26	official1	2	26	val2014/COCO_val2014_000000057265.jpg	val2014/COCO_val2014_000000000241.jpg	799	3614	11939	2709	9162	0.3027054192143396	-0.007027619607266888	0.6972945807856604	[.25,.5)
931	public1:2_181_74	official1	2	74	val2014/COCO_val2014_000000132373.jpg	val2014/COCO_val2014_000000321437.jpg	800	43548	71696	44370	69478	0.6073979022539612	0.031221516842731334	0.3926020977460388	[.5,.75)
932	public1:2_182_2	official1	2	2	val2014/COCO_val2014_000000075742.jpg	val2014/COCO_val2014_000000135275.jpg	801	319759	488518	318061	496564	0.6545490647222825	-0.014025386002117446	0.34545093527771753	[.5,.75)
933	public1:2_183_22	official1	2	22	val2014/COCO_val2014_000000092771.jpg	val2014/COCO_val2014_000000294724.jpg	802	146822	179272	153187	180590	0.8189901378910259	0.029268348182400095	0.18100986210897407	[.75,.9)
934	public1:2_184_2	official1	2	2	val2014/COCO_val2014_000000355441.jpg	val2014/COCO_val2014_000000315450.jpg	803	27763	32585	28042	33740	0.8520177996010434	-0.020897467650835888	0.1479822003989566	[.75,.9)
935	public1:2_185_66	official1	2	66	val2014/COCO_val2014_000000316708.jpg	val2014/COCO_val2014_000000158779.jpg	804	12053	95124	12286	67707	0.12670829653925403	0.05475004602503031	0.8732917034607459	[0,.25)
936	public1:2_186_22	official1	2	22	val2014/COCO_val2014_000000531070.jpg	val2014/COCO_val2014_000000150040.jpg	805	162070	199023	164118	200281	0.8143279922421026	0.005110696400354775	0.18567200775789738	[.75,.9)
937	public1:2_187_42	official1	2	42	val2014/COCO_val2014_000000253930.jpg	val2014/COCO_val2014_000000471842.jpg	806	7380	47289	7426	45926	0.1560616633889488	0.005633237103147171	0.8439383366110512	[0,.25)
938	public1:2_188_14	official1	2	14	val2014/COCO_val2014_000000135076.jpg	val2014/COCO_val2014_000000064909.jpg	807	60063	131336	66275	130729	0.4573232015593592	0.049641588196548125	0.5426767984406409	[.25,.5)
939	public1:2_189_54	official1	2	54	val2014/COCO_val2014_000000467578.jpg	val2014/COCO_val2014_000000356586.jpg	808	238512	361653	238061	362347	0.6595051057228891	-0.0025078075529029187	0.3404948942771109	[.5,.75)
940	public1:2_190_34	official1	2	34	val2014/COCO_val2014_000000123964.jpg	val2014/COCO_val2014_000000334083.jpg	809	6243	39300	6100	7957	0.15885496183206108	0.6077656238157961	0.841145038167939	[0,.25)
941	public1:2_191_46	official1	2	46	val2014/COCO_val2014_000000326217.jpg	val2014/COCO_val2014_000000165884.jpg	431	56820	64620	55556	65199	0.8792943361188487	-0.02719537754586443	0.12070566388115134	[.75,.9)
942	public1:2_192_50	official1	2	50	val2014/COCO_val2014_000000492371.jpg	val2014/COCO_val2014_000000023309.jpg	810	49516	170244	46597	147620	0.29085312845092925	0.024801931839004365	0.7091468715490707	[.25,.5)
943	public1:2_193_54	official1	2	54	val2014/COCO_val2014_000000457584.jpg	val2014/COCO_val2014_000000285597.jpg	811	227255	348315	231590	347644	0.6524410375665705	0.013728952423189167	0.34755896243342954	[.5,.75)
944	public1:2_194_46	official1	2	46	val2014/COCO_val2014_000000201756.jpg	val2014/COCO_val2014_000000211756.jpg	812	27114	39030	28782	40830	0.694696387394312	0.010226463450654921	0.30530361260568795	[.5,.75)
945	public1:2_195_50	official1	2	50	val2014/COCO_val2014_000000507536.jpg	val2014/COCO_val2014_000000038083.jpg	813	186112	231065	193419	231760	0.8054530110574947	0.029112919215201205	0.19454698894250533	[.75,.9)
946	public1:2_196_46	official1	2	46	val2014/COCO_val2014_000000250368.jpg	val2014/COCO_val2014_000000519706.jpg	814	78489	100522	80253	102623	0.7808141501362885	0.0012035262130678515	0.21918584986371148	[.75,.9)
947	public1:2_197_2	official1	2	2	val2014/COCO_val2014_000000576461.jpg	val2014/COCO_val2014_000000515056.jpg	815	42660	55327	40000	56163	0.77105210837385	-0.05883944167157262	0.22894789162615004	[.75,.9)
948	public1:2_198_70	official1	2	70	val2014/COCO_val2014_000000487349.jpg	val2014/COCO_val2014_000000360101.jpg	48	17001	47777	16979	32069	0.35584067647612866	0.1736114423925607	0.6441593235238714	[.25,.5)
949	public1:2_199_42	official1	2	42	val2014/COCO_val2014_000000072811.jpg	val2014/COCO_val2014_000000189136.jpg	816	17833	26328	18011	25706	0.6773397143725312	0.023313829547176312	0.32266028562746885	[.5,.75)
950	public1:2_200_50	official1	2	50	val2014/COCO_val2014_000000451391.jpg	val2014/COCO_val2014_000000178748.jpg	334	440046	852820	625014	869552	0.5159893060669309	0.2027877193438553	0.48401069393306906	[.5,.75)
951	public1:2_201_66	official1	2	66	val2014/COCO_val2014_000000510609.jpg	val2014/COCO_val2014_000000328940.jpg	817	39736	80363	38045	79230	0.49445640406654806	-0.014272130432823438	0.505543595933452	[.25,.5)
952	public1:2_202_38	official1	2	38	val2014/COCO_val2014_000000094865.jpg	val2014/COCO_val2014_000000445135.jpg	818	8322	14832	10823	15925	0.561084142394822	0.11853909151412623	0.43891585760517804	[.5,.75)
953	public1:2_203_54	official1	2	54	val2014/COCO_val2014_000000380525.jpg	val2014/COCO_val2014_000000050531.jpg	819	234550	275875	257692	276378	0.8502038966923425	0.08218580147466059	0.14979610330765747	[.75,.9)
954	public1:2_204_54	official1	2	54	val2014/COCO_val2014_000000222903.jpg	val2014/COCO_val2014_000000289400.jpg	820	79665	107177	76927	108951	0.7433031340679437	-0.03723343300966975	0.2566968659320563	[.5,.75)
955	public1:2_205_78	official1	2	78	val2014/COCO_val2014_000000333020.jpg	val2014/COCO_val2014_000000194288.jpg	306	17693	105128	16361	89932	0.16829959668213987	0.013626747666923872	0.8317004033178601	[0,.25)
956	public1:2_206_46	official1	2	46	val2014/COCO_val2014_000000193673.jpg	val2014/COCO_val2014_000000446917.jpg	316	214052	285833	215702	287274	0.7488708441642498	0.001987221654445981	0.25112915583575024	[.5,.75)
957	public1:2_207_22	official1	2	22	val2014/COCO_val2014_000000063958.jpg	val2014/COCO_val2014_000000062831.jpg	821	240697	283570	243826	285060	0.8488098176817012	0.006539933247927676	0.15119018231829884	[.75,.9)
958	public1:2_208_54	official1	2	54	val2014/COCO_val2014_000000127556.jpg	val2014/COCO_val2014_000000078026.jpg	822	33034	41417	33439	35917	0.7975951903807615	0.1334124104767711	0.20240480961923846	[.75,.9)
959	public1:2_209_26	official1	2	26	val2014/COCO_val2014_000000532963.jpg	val2014/COCO_val2014_000000464018.jpg	645	5728	7677	4890	7951	0.7461247883287743	-0.1311078093324216	0.25387521167122573	[.5,.75)
960	public1:2_210_78	official1	2	78	val2014/COCO_val2014_000000175804.jpg	val2014/COCO_val2014_000000333020.jpg	306	23041	27987	21497	25209	0.8232750920070032	0.029475909619400054	0.17672490799299678	[.75,.9)
961	public1:2_211_34	official1	2	34	val2014/COCO_val2014_000000142665.jpg	val2014/COCO_val2014_000000324135.jpg	823	27689	55713	30340	36467	0.4969935203632904	0.3349915620399783	0.5030064796367095	[.25,.5)
962	public1:2_212_34	official1	2	34	val2014/COCO_val2014_000000206596.jpg	val2014/COCO_val2014_000000270185.jpg	824	11517	13347	12009	13720	0.8628905371993707	0.012401007990133661	0.1371094628006293	[.75,.9)
963	public1:2_213_2	official1	2	2	val2014/COCO_val2014_000000476704.jpg	val2014/COCO_val2014_000000500100.jpg	164	6560	107351	4541	46786	0.06110795428081713	0.03595099497750801	0.9388920457191828	[0,.25)
964	public1:2_214_38	official1	2	38	val2014/COCO_val2014_000000334327.jpg	val2014/COCO_val2014_000000133090.jpg	825	9188	10304	8987	10655	0.8916925465838509	-0.04823876901463453	0.10830745341614911	[.75,.9)
965	public1:2_215_46	official1	2	46	val2014/COCO_val2014_000000525118.jpg	val2014/COCO_val2014_000000000715.jpg	826	220302	239046	222069	239126	0.9215883135463467	0.007081090868062412	0.07841168645365326	[.9,1]
966	public1:2_216_74	official1	2	74	val2014/COCO_val2014_000000388770.jpg	val2014/COCO_val2014_000000060363.jpg	403	49177	54945	49196	54394	0.895022295022295	0.009415694461839208	0.10497770497770498	[.75,.9)
967	public1:2_217_18	official1	2	18	val2014/COCO_val2014_000000290521.jpg	val2014/COCO_val2014_000000459487.jpg	827	245798	275067	251871	282549	0.8935931972937502	-0.0021690549326022213	0.1064068027062498	[.75,.9)
968	public1:2_218_14	official1	2	14	val2014/COCO_val2014_000000388902.jpg	val2014/COCO_val2014_000000562851.jpg	828	16837	19893	17554	21871	0.8463781229578243	-0.04376278758221275	0.15362187704217567	[.75,.9)
969	public1:2_219_66	official1	2	66	val2014/COCO_val2014_000000134768.jpg	val2014/COCO_val2014_000000019916.jpg	829	211841	227221	214824	224869	0.9323125943464733	0.023016953078916602	0.06768740565352671	[.9,1]
970	public1:2_220_14	official1	2	14	val2014/COCO_val2014_000000376767.jpg	val2014/COCO_val2014_000000064909.jpg	807	9845	12801	9778	13075	0.769080540582767	-0.021241152437451505	0.23091945941723302	[.75,.9)
971	public1:2_221_10	official1	2	10	val2014/COCO_val2014_000000218751.jpg	val2014/COCO_val2014_000000445972.jpg	830	141496	171339	143002	173452	0.8258248268053391	-0.0013777175186200363	0.17417517319466091	[.75,.9)
972	public1:2_222_62	official1	2	62	val2014/COCO_val2014_000000077648.jpg	val2014/COCO_val2014_000000129832.jpg	831	41298	43968	41411	45567	0.9392740174672489	-0.030480372943799905	0.06072598253275108	[.9,1]
973	public1:2_223_66	official1	2	66	val2014/COCO_val2014_000000130130.jpg	val2014/COCO_val2014_000000364860.jpg	832	59850	256401	60660	238908	0.23342342658569976	0.020481842388131166	0.7665765734143002	[0,.25)
974	public1:2_224_58	official1	2	58	val2014/COCO_val2014_000000051773.jpg	val2014/COCO_val2014_000000166401.jpg	833	10448	15961	9888	13732	0.6545955767182507	0.06547433298172012	0.34540442328174925	[.5,.75)
975	public1:2_225_46	official1	2	46	val2014/COCO_val2014_000000209441.jpg	val2014/COCO_val2014_000000460732.jpg	469	269100	323075	270460	325975	0.8329335293662462	-0.0032380005680254786	0.1670664706337538	[.75,.9)
976	public1:2_226_50	official1	2	50	val2014/COCO_val2014_000000441541.jpg	val2014/COCO_val2014_000000226170.jpg	834	64171	71173	63151	70784	0.9016199963469294	-0.00945510032522956	0.09838000365307065	[.9,1]
977	public1:2_227_2	official1	2	2	val2014/COCO_val2014_000000117352.jpg	val2014/COCO_val2014_000000117836.jpg	835	17546	105504	17472	116193	0.1663064907491659	-0.0159359865019221	0.8336935092508341	[0,.25)
978	public1:2_228_62	official1	2	62	val2014/COCO_val2014_000000031773.jpg	val2014/COCO_val2014_000000185335.jpg	836	62284	108601	62368	103346	0.5735122144363312	0.029975100021896517	0.42648778556366884	[.5,.75)
979	public1:2_229_70	official1	2	70	val2014/COCO_val2014_000000275695.jpg	val2014/COCO_val2014_000000439827.jpg	48	15807	125801	15715	35009	0.12565082948466227	0.32323374305382785	0.8743491705153377	[0,.25)
980	public1:2_230_10	official1	2	10	val2014/COCO_val2014_000000117792.jpg	val2014/COCO_val2014_000000403295.jpg	837	17823	23439	18326	23703	0.7603993344425957	0.012751743480030164	0.23960066555740434	[.75,.9)
981	public1:2_231_38	official1	2	38	val2014/COCO_val2014_000000085881.jpg	val2014/COCO_val2014_000000203864.jpg	838	6313	8091	6356	9007	0.7802496601161785	-0.07457629495574769	0.21975033988382153	[.75,.9)
982	public1:2_232_62	official1	2	62	val2014/COCO_val2014_000000495680.jpg	val2014/COCO_val2014_000000570115.jpg	839	15510	105231	15140	104981	0.14739002765344814	-0.003173455130801167	0.8526099723465519	[0,.25)
983	public1:2_233_22	official1	2	22	val2014/COCO_val2014_000000011760.jpg	val2014/COCO_val2014_000000197200.jpg	840	273790	311810	277256	311828	0.8780667714313204	0.011064416274722655	0.12193322856867961	[.75,.9)
984	public1:2_234_22	official1	2	22	val2014/COCO_val2014_000000118911.jpg	val2014/COCO_val2014_000000487534.jpg	841	71941	79736	75158	83766	0.90223989164242	-0.005002348964006309	0.09776010835757998	[.9,1]
985	public1:2_235_18	official1	2	18	val2014/COCO_val2014_000000084980.jpg	val2014/COCO_val2014_000000288603.jpg	842	47254	54983	47921	57288	0.8594292781405162	-0.022936469873514387	0.14057072185948383	[.75,.9)
986	public1:2_236_10	official1	2	10	val2014/COCO_val2014_000000240589.jpg	val2014/COCO_val2014_000000309696.jpg	843	112735	118847	113118	120107	0.9485725344350299	-0.0067623152138354126	0.05142746556497013	[.9,1]
987	public1:2_237_66	official1	2	66	val2014/COCO_val2014_000000357992.jpg	val2014/COCO_val2014_000000484500.jpg	844	19242	31880	19778	32663	0.6035759096612296	0.0019410361183986868	0.39642409033877035	[.5,.75)
988	public1:2_238_14	official1	2	14	val2014/COCO_val2014_000000200546.jpg	val2014/COCO_val2014_000000121414.jpg	845	123110	146436	124513	148688	0.8407085689311371	-0.0032973454295768256	0.1592914310688629	[.75,.9)
989	public1:2_239_34	official1	2	34	val2014/COCO_val2014_000000298493.jpg	val2014/COCO_val2014_000000020001.jpg	846	9268	20229	10157	18175	0.4581541351525038	0.10069043156001334	0.5418458648474962	[.25,.5)
990	public1:2_240_30	official1	2	30	val2014/COCO_val2014_000000352760.jpg	val2014/COCO_val2014_000000403736.jpg	847	43203	53354	44690	58661	0.8097424747910185	-0.047907524824260306	0.19025752520898154	[.75,.9)
991	public1:2_241_2	official1	2	2	val2014/COCO_val2014_000000225700.jpg	val2014/COCO_val2014_000000247264.jpg	353	115704	143565	116203	143277	0.8059345940863024	0.005102767109144146	0.1940654059136976	[.75,.9)
992	public1:2_242_74	official1	2	74	val2014/COCO_val2014_000000490322.jpg	val2014/COCO_val2014_000000426202.jpg	848	32861	43352	33148	43615	0.7580042443255213	0.002009512409546943	0.24199575567447873	[.75,.9)
993	public1:2_243_66	official1	2	66	val2014/COCO_val2014_000000286342.jpg	val2014/COCO_val2014_000000463876.jpg	849	533680	542650	534136	545120	0.983470008292638	-0.003619700103615342	0.016529991707362024	[.9,1]
994	public1:2_244_10	official1	2	10	val2014/COCO_val2014_000000125524.jpg	val2014/COCO_val2014_000000384616.jpg	850	160822	167292	159965	167342	0.9613251081940559	-0.005408482361927702	0.03867489180594408	[.9,1]
995	public1:2_245_46	official1	2	46	val2014/COCO_val2014_000000114549.jpg	val2014/COCO_val2014_000000344875.jpg	851	127013	166096	128983	180086	0.764696320200366	-0.048466296767117445	0.23530367979963396	[.75,.9)
996	public1:2_246_70	official1	2	70	val2014/COCO_val2014_000000175364.jpg	val2014/COCO_val2014_000000229837.jpg	48	11298	14510	11231	14366	0.7786354238456237	0.003140992693426825	0.22136457615437632	[.75,.9)
997	public1:2_247_30	official1	2	30	val2014/COCO_val2014_000000019292.jpg	val2014/COCO_val2014_000000277710.jpg	852	11380	51952	11904	39299	0.2190483523252233	0.08386011862823606	0.7809516476747767	[0,.25)
998	public1:2_248_18	official1	2	18	val2014/COCO_val2014_000000259513.jpg	val2014/COCO_val2014_000000333730.jpg	853	107788	235082	107894	239017	0.4585123488825176	-0.007105126802079753	0.5414876511174824	[.25,.5)
999	public1:2_249_70	official1	2	70	val2014/COCO_val2014_000000159240.jpg	val2014/COCO_val2014_000000418882.jpg	48	5347	14163	0	14270	0.3775330085433877	-0.3775330085433877	0.6224669914566123	[.25,.5)
1000	public1:2_250_46	official1	2	46	val2014/COCO_val2014_000000118065.jpg	val2014/COCO_val2014_000000308849.jpg	814	48734	55662	49812	56271	0.8755344759440912	0.009681710013151434	0.12446552405590883	[.75,.9)
1001	public1:2_251_74	official1	2	74	val2014/COCO_val2014_000000245534.jpg	val2014/COCO_val2014_000000163601.jpg	854	135495	152489	141443	152208	0.8885558958351094	0.04071851812473504	0.11144410416489059	[.75,.9)
1002	public1:2_252_78	official1	2	78	val2014/COCO_val2014_000000293133.jpg	val2014/COCO_val2014_000000350002.jpg	306	12309	24001	12219	24318	0.5128536310987042	-0.010386322931914105	0.4871463689012958	[.5,.75)
1003	public1:2_253_10	official1	2	10	val2014/COCO_val2014_000000427376.jpg	val2014/COCO_val2014_000000327149.jpg	855	43546	46634	44304	48071	0.9337822189818588	-0.012145473334794987	0.06621778101814124	[.9,1]
1004	public1:2_254_10	official1	2	10	val2014/COCO_val2014_000000356181.jpg	val2014/COCO_val2014_000000102348.jpg	856	146216	155337	148075	157717	0.9412825019151908	-0.0024173193413401517	0.058717498084809194	[.9,1]
1005	public1:2_255_46	official1	2	46	val2014/COCO_val2014_000000224138.jpg	val2014/COCO_val2014_000000058705.jpg	857	21348	110359	21567	117503	0.19344140486956207	-0.009897154935517849	0.8065585951304379	[0,.25)
1006	public1:2_256_38	official1	2	38	val2014/COCO_val2014_000000570848.jpg	val2014/COCO_val2014_000000372230.jpg	858	16067	18223	16266	18165	0.8816879767327004	0.013770322193806583	0.11831202326729962	[.75,.9)
1007	public1:2_257_74	official1	2	74	val2014/COCO_val2014_000000051628.jpg	val2014/COCO_val2014_000000280007.jpg	859	7619	15062	7619	16677	0.505842517593945	-0.048985768778210814	0.49415748240605495	[.5,.75)
1008	public1:2_258_26	official1	2	26	val2014/COCO_val2014_000000004359.jpg	val2014/COCO_val2014_000000227326.jpg	860	39482	44124	37787	43635	0.8947964826398332	-0.02881733745821302	0.10520351736016675	[.75,.9)
1009	public1:2_259_14	official1	2	14	val2014/COCO_val2014_000000163460.jpg	val2014/COCO_val2014_000000234785.jpg	861	168519	192743	160661	192717	0.8743196899498296	-0.04065685792151863	0.12568031005017044	[.75,.9)
1010	public1:2_260_14	official1	2	14	val2014/COCO_val2014_000000531854.jpg	val2014/COCO_val2014_000000215570.jpg	862	10661	13254	11033	15711	0.8043609476384488	-0.1021141142096409	0.1956390523615512	[.75,.9)
1011	public1:2_261_38	official1	2	38	val2014/COCO_val2014_000000347688.jpg	val2014/COCO_val2014_000000476460.jpg	863	7271	8656	7360	8763	0.8399953789279113	-0.0001003658045517497	0.16000462107208868	[.75,.9)
1012	public1:2_262_62	official1	2	62	val2014/COCO_val2014_000000503826.jpg	val2014/COCO_val2014_000000364745.jpg	864	73801	169804	63665	172045	0.4346246260394337	-0.0645760922256059	0.5653753739605663	[.25,.5)
1013	public1:2_263_30	official1	2	30	val2014/COCO_val2014_000000361399.jpg	val2014/COCO_val2014_000000084825.jpg	865	10443	36776	10517	38324	0.28396236676093106	-0.009539028904757385	0.716037633239069	[.25,.5)
1014	public1:2_264_6	official1	2	6	val2014/COCO_val2014_000000377879.jpg	val2014/COCO_val2014_000000225093.jpg	866	42418	365536	32828	363425	0.11604328985380373	-0.02571378582958965	0.8839567101461963	[0,.25)
1015	public1:2_265_6	official1	2	6	val2014/COCO_val2014_000000472484.jpg	val2014/COCO_val2014_000000209388.jpg	867	266386	292268	272033	294516	0.9114442908563374	0.012216902423484388	0.08855570914366262	[.9,1]
1016	public1:2_266_14	official1	2	14	val2014/COCO_val2014_000000122838.jpg	val2014/COCO_val2014_000000139660.jpg	868	16320	18362	16141	19187	0.8887920705805468	-0.04754539314269823	0.11120792941945323	[.75,.9)
1017	public1:2_267_46	official1	2	46	val2014/COCO_val2014_000000127535.jpg	val2014/COCO_val2014_000000331339.jpg	869	540825	568158	542184	569722	0.9518919033085868	-0.00022775833963695202	0.04810809669141325	[.9,1]
1018	public1:2_268_10	official1	2	10	val2014/COCO_val2014_000000087875.jpg	val2014/COCO_val2014_000000182078.jpg	870	85249	97363	88197	99194	0.8755790187237451	0.013557420980269241	0.1244209812762549	[.75,.9)
1019	public1:2_269_66	official1	2	66	val2014/COCO_val2014_000000163348.jpg	val2014/COCO_val2014_000000463132.jpg	871	46065	108113	46356	108076	0.426081969790867	0.002838419564771655	0.573918030209133	[.25,.5)
1020	public1:2_270_58	official1	2	58	val2014/COCO_val2014_000000175443.jpg	val2014/COCO_val2014_000000192798.jpg	174	1147	618729	6415	636396	0.0018538002905957212	0.008226401344863962	0.9981461997094043	[0,.25)
1021	public1:2_271_46	official1	2	46	val2014/COCO_val2014_000000145728.jpg	val2014/COCO_val2014_000000134460.jpg	872	42212	49736	42500	50768	0.8487212481904456	-0.011579741729682902	0.1512787518095544	[.75,.9)
1022	public1:2_272_6	official1	2	6	val2014/COCO_val2014_000000174329.jpg	val2014/COCO_val2014_000000520503.jpg	873	330157	470614	332016	471720	0.7015452153994569	0.0022960463659971175	0.2984547846005431	[.5,.75)
1023	public1:2_273_22	official1	2	22	val2014/COCO_val2014_000000449406.jpg	val2014/COCO_val2014_000000131895.jpg	874	95588	111434	98875	112011	0.8577992354218641	0.024926568293842433	0.1422007645781359	[.75,.9)
1024	public1:2_274_62	official1	2	62	val2014/COCO_val2014_000000060792.jpg	val2014/COCO_val2014_000000021592.jpg	404	43843	57219	40208	57293	0.7662314965308726	-0.06443546560213786	0.23376850346912736	[.75,.9)
1025	public1:2_275_50	official1	2	50	val2014/COCO_val2014_000000087414.jpg	val2014/COCO_val2014_000000409217.jpg	875	29296	209358	29264	185371	0.1399325557179568	0.01793464033752115	0.8600674442820432	[0,.25)
1026	public1:2_276_2	official1	2	2	val2014/COCO_val2014_000000097892.jpg	val2014/COCO_val2014_000000228411.jpg	876	43284	60298	40494	58144	0.7178347540548609	-0.021391440901311065	0.28216524594513914	[.5,.75)
1027	public1:2_277_58	official1	2	58	val2014/COCO_val2014_000000514787.jpg	val2014/COCO_val2014_000000577735.jpg	877	11332	61217	19473	44449	0.18511197869872748	0.2529856162977854	0.8148880213012726	[0,.25)
1028	public1:2_278_78	official1	2	78	val2014/COCO_val2014_000000092020.jpg	val2014/COCO_val2014_000000333020.jpg	306	27673	39371	27988	43597	0.7028777526605877	-0.060906974854775364	0.2971222473394123	[.5,.75)
1029	public1:2_279_42	official1	2	42	val2014/COCO_val2014_000000152776.jpg	val2014/COCO_val2014_000000221846.jpg	878	64276	88634	65896	86180	0.7251844664575671	0.03944769877798637	0.27481553354243293	[.5,.75)
1030	public1:2_280_34	official1	2	34	val2014/COCO_val2014_000000254625.jpg	val2014/COCO_val2014_000000136915.jpg	879	23951	46467	24292	38842	0.5154410657025416	0.10996442320122246	0.48455893429745844	[.5,.75)
1031	public1:2_281_2	official1	2	2	val2014/COCO_val2014_000000190406.jpg	val2014/COCO_val2014_000000056865.jpg	880	48683	57608	49934	57585	0.8450736008887655	0.022061937880011095	0.15492639911123451	[.75,.9)
1032	public1:2_282_70	official1	2	70	val2014/COCO_val2014_000000439827.jpg	val2014/COCO_val2014_000000327047.jpg	48	181427	452414	178041	452383	0.4010198623384776	-0.007457327937317515	0.5989801376615225	[.25,.5)
1033	public1:2_283_6	official1	2	6	val2014/COCO_val2014_000000014473.jpg	val2014/COCO_val2014_000000084521.jpg	881	144159	172123	141029	170980	0.8375347861703549	-0.012707320969746694	0.16246521382964507	[.75,.9)
1034	public1:2_284_10	official1	2	10	val2014/COCO_val2014_000000125643.jpg	val2014/COCO_val2014_000000123053.jpg	882	165150	191807	167196	192077	0.8610217562445583	0.009441651659563455	0.13897824375544165	[.75,.9)
1035	public1:2_285_26	official1	2	26	val2014/COCO_val2014_000000011796.jpg	val2014/COCO_val2014_000000392575.jpg	883	77153	82649	77726	83355	0.9335019177485511	-0.0010323598336089423	0.06649808225144893	[.9,1]
1036	public1:2_286_14	official1	2	14	val2014/COCO_val2014_000000037705.jpg	val2014/COCO_val2014_000000061836.jpg	884	11934	24895	12633	19048	0.4793733681462141	0.1838458674690736	0.5206266318537859	[.25,.5)
1037	public1:2_287_74	official1	2	74	val2014/COCO_val2014_000000532833.jpg	val2014/COCO_val2014_000000176811.jpg	885	31254	33537	31948	34163	0.9319259325521067	0.003237841121165652	0.06807406744789335	[.9,1]
1038	public1:2_288_10	official1	2	10	val2014/COCO_val2014_000000326312.jpg	val2014/COCO_val2014_000000436387.jpg	886	65803	75153	67141	75869	0.8755871355767567	0.009372465841477329	0.12441286442324329	[.75,.9)
1039	public1:2_289_38	official1	2	38	val2014/COCO_val2014_000000574154.jpg	val2014/COCO_val2014_000000563575.jpg	887	13340	16755	11173	15084	0.7961802447030737	-0.05546160243311882	0.2038197552969263	[.75,.9)
1040	public1:2_290_66	official1	2	66	val2014/COCO_val2014_000000295768.jpg	val2014/COCO_val2014_000000064264.jpg	888	49166	75308	49260	72791	0.6528655654113773	0.023866448161729226	0.3471344345886227	[.5,.75)
1041	public1:2_291_46	official1	2	46	val2014/COCO_val2014_000000396608.jpg	val2014/COCO_val2014_000000113113.jpg	434	101906	106883	103324	109505	0.9534350645097911	-0.009879975701060917	0.0465649354902089	[.9,1]
1042	public1:2_292_30	official1	2	30	val2014/COCO_val2014_000000330986.jpg	val2014/COCO_val2014_000000419789.jpg	889	16194	45709	17120	47706	0.3542847141700759	0.0045799988639240174	0.6457152858299241	[.25,.5)
1043	public1:2_293_26	official1	2	26	val2014/COCO_val2014_000000160480.jpg	val2014/COCO_val2014_000000099515.jpg	890	62938	116125	61881	104865	0.5419849300322928	0.04811662911518255	0.45801506996770724	[.5,.75)
1044	public1:2_294_26	official1	2	26	val2014/COCO_val2014_000000213693.jpg	val2014/COCO_val2014_000000535770.jpg	891	7482	127211	7597	143825	0.058815668456344186	-0.00599453165815194	0.9411843315436558	[0,.25)
1045	public1:2_295_14	official1	2	14	val2014/COCO_val2014_000000128791.jpg	val2014/COCO_val2014_000000081630.jpg	892	69901	76693	66136	76528	0.9114391143911439	-0.047232549473728014	0.08856088560885611	[.9,1]
1046	public1:2_296_62	official1	2	62	val2014/COCO_val2014_000000373574.jpg	val2014/COCO_val2014_000000099477.jpg	893	116533	260861	126714	242718	0.44672450078777587	0.07533813980748277	0.5532754992122242	[.25,.5)
1047	public1:2_297_54	official1	2	54	val2014/COCO_val2014_000000132059.jpg	val2014/COCO_val2014_000000106736.jpg	894	78631	85609	78933	83822	0.9184898784006355	0.023184145125407785	0.08151012159936455	[.9,1]
1048	public1:2_298_18	official1	2	18	val2014/COCO_val2014_000000477085.jpg	val2014/COCO_val2014_000000340272.jpg	375	207060	257461	204313	258977	0.8042383118219847	-0.015314971139221312	0.19576168817801531	[.75,.9)
1049	public1:2_299_62	official1	2	62	val2014/COCO_val2014_000000278822.jpg	val2014/COCO_val2014_000000306127.jpg	895	16094	27163	20516	25796	0.5924971468541766	0.20281995657271124	0.40750285314582335	[.5,.75)
1050	public1:3_150_79	official1	3	79	val2014/COCO_val2014_000000293537.jpg	val2014/COCO_val2014_000000187177.jpg	452	47118	64052	47016	66050	0.735621057890464	-0.023796682417337567	0.26437894210953605	[.5,.75)
1051	public1:3_151_11	official1	3	11	val2014/COCO_val2014_000000459103.jpg	val2014/COCO_val2014_000000448053.jpg	896	16645	21015	16632	21392	0.7920532952652867	-0.014566384270522259	0.20794670473471333	[.75,.9)
1052	public1:3_152_35	official1	3	35	val2014/COCO_val2014_000000015032.jpg	val2014/COCO_val2014_000000444502.jpg	897	16548	18298	16928	18705	0.9043611323641928	0.0006375310947753787	0.0956388676358072	[.9,1]
1053	public1:3_153_75	official1	3	75	val2014/COCO_val2014_000000465275.jpg	val2014/COCO_val2014_000000434230.jpg	898	10040	11780	9451	11882	0.8522920203735145	-0.05688720636913813	0.14770797962648552	[.75,.9)
1054	public1:3_154_35	official1	3	35	val2014/COCO_val2014_000000397729.jpg	val2014/COCO_val2014_000000444502.jpg	897	14483	17082	14894	19036	0.8478515396323616	-0.06543926814675538	0.1521484603676384	[.75,.9)
1055	public1:3_155_19	official1	3	19	val2014/COCO_val2014_000000136941.jpg	val2014/COCO_val2014_000000506723.jpg	899	139844	218619	149699	234972	0.6396699280483398	-0.0025769978268666005	0.3603300719516602	[.5,.75)
1056	public1:3_156_35	official1	3	35	val2014/COCO_val2014_000000264572.jpg	val2014/COCO_val2014_000000500657.jpg	900	9282	10666	9712	10734	0.8702418901181324	0.034546632333889216	0.12975810988186764	[.75,.9)
1057	public1:3_157_47	official1	3	47	val2014/COCO_val2014_000000037705.jpg	val2014/COCO_val2014_000000292170.jpg	884	10838	17414	11181	16936	0.6223728034914436	0.0378185049639177	0.37762719650855636	[.5,.75)
1058	public1:3_158_23	official1	3	23	val2014/COCO_val2014_000000062865.jpg	val2014/COCO_val2014_000000290828.jpg	901	171317	247220	175171	246800	0.6929738694280398	0.01679517433208977	0.30702613057196015	[.5,.75)
1059	public1:3_159_63	official1	3	63	val2014/COCO_val2014_000000035705.jpg	val2014/COCO_val2014_000000054723.jpg	902	122321	154135	121327	154006	0.7935965225289519	-0.005789553969285377	0.20640347747104815	[.75,.9)
1060	public1:3_160_35	official1	3	35	val2014/COCO_val2014_000000109118.jpg	val2014/COCO_val2014_000000408364.jpg	903	16619	22267	16817	21844	0.7463511025284053	0.023517053486976525	0.2536488974715947	[.5,.75)
1061	public1:3_161_75	official1	3	75	val2014/COCO_val2014_000000374990.jpg	val2014/COCO_val2014_000000557884.jpg	904	11756	21119	11818	16442	0.5566551446564705	0.16211386154715435	0.4433448553435295	[.5,.75)
1062	public1:3_162_15	official1	3	15	val2014/COCO_val2014_000000531414.jpg	val2014/COCO_val2014_000000015070.jpg	905	445819	491530	454098	495449	0.907002624458324	0.00953570743860177	0.09299737554167598	[.9,1]
1063	public1:3_163_39	official1	3	39	val2014/COCO_val2014_000000387429.jpg	val2014/COCO_val2014_000000192458.jpg	558	1779	151132	251	76570	0.011771166926924807	-0.008493120694718984	0.9882288330730752	[0,.25)
1064	public1:3_164_31	official1	3	31	val2014/COCO_val2014_000000403792.jpg	val2014/COCO_val2014_000000522639.jpg	906	232870	274220	243039	278898	0.849208664575888	0.022217448196523493	0.15079133542411205	[.75,.9)
1065	public1:3_165_59	official1	3	59	val2014/COCO_val2014_000000422464.jpg	val2014/COCO_val2014_000000271864.jpg	907	193539	207990	193786	211551	0.9305206981104861	-0.014495720681875546	0.0694793018895139	[.9,1]
1066	public1:3_166_11	official1	3	11	val2014/COCO_val2014_000000330053.jpg	val2014/COCO_val2014_000000216254.jpg	908	7951	40362	8134	37683	0.19699222040533174	0.01886108214488985	0.8030077795946683	[0,.25)
1067	public1:3_167_7	official1	3	7	val2014/COCO_val2014_000000450577.jpg	val2014/COCO_val2014_000000459884.jpg	909	124366	532867	99411	511175	0.23339032066162851	-0.038914847487079685	0.7666096793383714	[0,.25)
1068	public1:3_168_71	official1	3	71	val2014/COCO_val2014_000000257685.jpg	val2014/COCO_val2014_000000047775.jpg	910	130980	140372	131525	143506	0.9330920696435187	-0.01657986806309697	0.06690793035648135	[.9,1]
1069	public1:3_169_3	official1	3	3	val2014/COCO_val2014_000000408830.jpg	val2014/COCO_val2014_000000508302.jpg	911	307110	522560	249917	528109	0.587702847519902	-0.11447288931051719	0.412297152480098	[.5,.75)
1070	public1:3_170_71	official1	3	71	val2014/COCO_val2014_000000381323.jpg	val2014/COCO_val2014_000000114401.jpg	912	24299	134006	27714	115318	0.181327701744698	0.058999046898185165	0.818672298255302	[0,.25)
1071	public1:3_171_79	official1	3	79	val2014/COCO_val2014_000000514089.jpg	val2014/COCO_val2014_000000047524.jpg	58	50945	63770	53887	72945	0.7988866238042966	-0.06015196070195927	0.20111337619570335	[.75,.9)
1072	public1:3_172_27	official1	3	27	val2014/COCO_val2014_000000222625.jpg	val2014/COCO_val2014_000000382625.jpg	913	31761	35670	32097	36850	0.8904121110176619	-0.0193944719403214	0.10958788898233807	[.75,.9)
1073	public1:3_173_79	official1	3	79	val2014/COCO_val2014_000000217561.jpg	val2014/COCO_val2014_000000022747.jpg	58	16069	25712	16561	27651	0.6249611076540137	-0.026031593350733573	0.3750388923459863	[.5,.75)
1074	public1:3_174_19	official1	3	19	val2014/COCO_val2014_000000062220.jpg	val2014/COCO_val2014_000000194411.jpg	914	182517	240713	184719	244489	0.7582349104535276	-0.002703986771889655	0.24176508954647236	[.75,.9)
1075	public1:3_175_51	official1	3	51	val2014/COCO_val2014_000000446265.jpg	val2014/COCO_val2014_000000066632.jpg	915	50240	111454	50005	71706	0.4507689270909972	0.2465925210444448	0.5492310729090029	[.25,.5)
1076	public1:3_176_75	official1	3	75	val2014/COCO_val2014_000000353817.jpg	val2014/COCO_val2014_000000043851.jpg	916	41248	144799	41216	140762	0.28486384574479107	0.007942451409270412	0.7151361542552089	[.25,.5)
1077	public1:3_177_43	official1	3	43	val2014/COCO_val2014_000000149284.jpg	val2014/COCO_val2014_000000519558.jpg	311	47897	56367	44383	57015	0.8497347738925257	-0.0712905048405219	0.15026522610747428	[.75,.9)
1078	public1:3_178_39	official1	3	39	val2014/COCO_val2014_000000213255.jpg	val2014/COCO_val2014_000000343248.jpg	917	48084	80751	48266	76103	0.5954601181409518	0.038759295022786855	0.4045398818590482	[.5,.75)
1079	public1:3_179_71	official1	3	71	val2014/COCO_val2014_000000312632.jpg	val2014/COCO_val2014_000000092016.jpg	918	37851	139009	36950	94111	0.2722917221187117	0.12032975677323504	0.7277082778812882	[.25,.5)
1080	public1:3_180_55	official1	3	55	val2014/COCO_val2014_000000318523.jpg	val2014/COCO_val2014_000000092177.jpg	919	74200	99546	89613	99105	0.7453840435577522	0.15883875044860463	0.25461595644224777	[.5,.75)
1081	public1:3_181_39	official1	3	39	val2014/COCO_val2014_000000292971.jpg	val2014/COCO_val2014_000000352011.jpg	200	16070	26843	15233	23353	0.5986663189658384	0.053626748306032423	0.40133368103416156	[.5,.75)
1082	public1:3_182_47	official1	3	47	val2014/COCO_val2014_000000455345.jpg	val2014/COCO_val2014_000000578203.jpg	920	427880	558213	492591	538417	0.7665174404752307	0.14837009093629605	0.23348255952476926	[.75,.9)
1083	public1:3_183_55	official1	3	55	val2014/COCO_val2014_000000086147.jpg	val2014/COCO_val2014_000000376295.jpg	921	75491	96580	71978	90752	0.7816421619382895	0.011486364154799311	0.2183578380617105	[.75,.9)
1084	public1:3_184_51	official1	3	51	val2014/COCO_val2014_000000298680.jpg	val2014/COCO_val2014_000000486254.jpg	432	261007	274251	260454	273524	0.9517084714367495	0.0005077874655771142	0.048291528563250474	[.9,1]
1085	public1:3_185_75	official1	3	75	val2014/COCO_val2014_000000181947.jpg	val2014/COCO_val2014_000000085826.jpg	922	110167	125344	108722	119911	0.87891721981108	0.027771907958682673	0.12108278018892005	[.75,.9)
1086	public1:3_186_79	official1	3	79	val2014/COCO_val2014_000000108758.jpg	val2014/COCO_val2014_000000244878.jpg	923	163068	179640	164046	179009	0.907748830995324	0.008663192981124168	0.092251169004676	[.9,1]
1087	public1:3_187_51	official1	3	51	val2014/COCO_val2014_000000257215.jpg	val2014/COCO_val2014_000000505911.jpg	25	54459	72125	55552	73518	0.7550641247833623	0.0005603481348346318	0.24493587521663773	[.75,.9)
1088	public1:3_188_11	official1	3	11	val2014/COCO_val2014_000000099741.jpg	val2014/COCO_val2014_000000080725.jpg	924	50222	100272	51205	86613	0.5008576671453646	0.09033534083265249	0.4991423328546354	[.5,.75)
1089	public1:3_189_67	official1	3	67	val2014/COCO_val2014_000000225658.jpg	val2014/COCO_val2014_000000453862.jpg	925	0	135762	0	133191	0.0	0.0	1.0	[0,.25)
1090	public1:3_190_7	official1	3	7	val2014/COCO_val2014_000000522175.jpg	val2014/COCO_val2014_000000278601.jpg	926	131607	148837	130697	146960	0.8842357747065582	0.005101459915107576	0.11576422529344177	[.75,.9)
1091	public1:3_191_63	official1	3	63	val2014/COCO_val2014_000000489407.jpg	val2014/COCO_val2014_000000212927.jpg	927	33478	56531	34219	55666	0.5922060462401161	0.022513890525593716	0.4077939537598839	[.5,.75)
1092	public1:3_192_63	official1	3	63	val2014/COCO_val2014_000000411727.jpg	val2014/COCO_val2014_000000479126.jpg	928	159129	261712	210840	263017	0.6080309653359418	0.19359022264810488	0.3919690346640582	[.5,.75)
1093	public1:3_193_31	official1	3	31	val2014/COCO_val2014_000000212817.jpg	val2014/COCO_val2014_000000151589.jpg	429	8798	22180	8660	22531	0.39666366095581607	-0.012304333806555046	0.6033363390441839	[.25,.5)
1094	public1:3_194_67	official1	3	67	val2014/COCO_val2014_000000372717.jpg	val2014/COCO_val2014_000000270096.jpg	641	148782	153890	149988	153981	0.9668074598739359	0.007260769323172878	0.033192540126064096	[.9,1]
1095	public1:3_195_35	official1	3	35	val2014/COCO_val2014_000000086001.jpg	val2014/COCO_val2014_000000437497.jpg	929	12008	14153	11704	14327	0.8484420264254928	-0.03152292263544609	0.15155797357450718	[.75,.9)
1096	public1:3_196_47	official1	3	47	val2014/COCO_val2014_000000229191.jpg	val2014/COCO_val2014_000000404758.jpg	602	45210	48522	45405	48806	0.9317423024607394	-0.0014263576998493344	0.06825769753926059	[.9,1]
1097	public1:3_197_63	official1	3	63	val2014/COCO_val2014_000000488563.jpg	val2014/COCO_val2014_000000221562.jpg	280	124706	158289	122291	155791	0.7878374365875077	-0.0028691136420230245	0.2121625634124923	[.75,.9)
1098	public1:3_198_11	official1	3	11	val2014/COCO_val2014_000000494122.jpg	val2014/COCO_val2014_000000085529.jpg	930	56412	60864	56713	60168	0.9268533123028391	0.015724137504367408	0.07314668769716093	[.9,1]
1099	public1:3_199_71	official1	3	71	val2014/COCO_val2014_000000557172.jpg	val2014/COCO_val2014_000000508730.jpg	931	63691	112344	63601	105157	0.5669283628854234	0.037891097540416085	0.43307163711457664	[.5,.75)
1100	public1:3_200_31	official1	3	31	val2014/COCO_val2014_000000326555.jpg	val2014/COCO_val2014_000000515424.jpg	932	28404	92643	28844	88422	0.30659628898027913	0.019612120691522017	0.6934037110197209	[.25,.5)
1101	public1:3_201_47	official1	3	47	val2014/COCO_val2014_000000187888.jpg	val2014/COCO_val2014_000000150685.jpg	434	83715	431290	85002	429770	0.19410373530571076	0.0036811263644849213	0.8058962646942892	[0,.25)
1102	public1:3_202_7	official1	3	7	val2014/COCO_val2014_000000532568.jpg	val2014/COCO_val2014_000000281534.jpg	933	17779	20008	17144	19507	0.88859456217513	-0.009730564635785144	0.11140543782487	[.75,.9)
1103	public1:3_203_31	official1	3	31	val2014/COCO_val2014_000000330205.jpg	val2014/COCO_val2014_000000015797.jpg	429	19650	22665	19949	22310	0.8669755129053607	0.02719750367913054	0.13302448709463932	[.75,.9)
1104	public1:3_204_51	official1	3	51	val2014/COCO_val2014_000000536183.jpg	val2014/COCO_val2014_000000465585.jpg	492	5872	274678	5103	269208	0.021377758684714466	-0.00242215558228066	0.9786222413152855	[0,.25)
1105	public1:3_205_27	official1	3	27	val2014/COCO_val2014_000000432519.jpg	val2014/COCO_val2014_000000056437.jpg	934	6115	23047	6513	24475	0.26532737449559596	0.000780899253127243	0.734672625504404	[.25,.5)
1106	public1:3_206_59	official1	3	59	val2014/COCO_val2014_000000085183.jpg	val2014/COCO_val2014_000000508514.jpg	935	101961	110253	102400	110416	0.9247911621452477	0.002610663677096836	0.0752088378547523	[.9,1]
1107	public1:3_207_43	official1	3	43	val2014/COCO_val2014_000000104669.jpg	val2014/COCO_val2014_000000223090.jpg	936	21857	32688	22523	26293	0.6686551639745473	0.18796066533363365	0.3313448360254527	[.5,.75)
1108	public1:3_208_19	official1	3	19	val2014/COCO_val2014_000000500389.jpg	val2014/COCO_val2014_000000354242.jpg	937	48728	57199	50501	58429	0.8519030052972955	0.01241094839008583	0.14809699470270454	[.75,.9)
1109	public1:3_209_19	official1	3	19	val2014/COCO_val2014_000000238404.jpg	val2014/COCO_val2014_000000092558.jpg	938	84955	120568	91370	123631	0.7046231172450401	0.03443100348519745	0.2953768827549599	[.5,.75)
1110	public1:3_210_7	official1	3	7	val2014/COCO_val2014_000000137211.jpg	val2014/COCO_val2014_000000184667.jpg	730	203937	323862	167483	323118	0.6297033921855605	-0.1113695327286438	0.3702966078144395	[.5,.75)
1111	public1:3_211_71	official1	3	71	val2014/COCO_val2014_000000204448.jpg	val2014/COCO_val2014_000000472445.jpg	939	13579	50662	14208	53322	0.26803126603766136	-0.0015746440054795197	0.7319687339623386	[.25,.5)
1112	public1:3_212_79	official1	3	79	val2014/COCO_val2014_000000403863.jpg	val2014/COCO_val2014_000000160666.jpg	940	158808	222910	162279	226827	0.7124310259746086	0.0029996767195150653	0.2875689740253914	[.5,.75)
1113	public1:3_213_11	official1	3	11	val2014/COCO_val2014_000000453870.jpg	val2014/COCO_val2014_000000273188.jpg	941	23181	27624	23559	25660	0.8391615986099045	0.0789599914134782	0.16083840139009553	[.75,.9)
1114	public1:3_214_47	official1	3	47	val2014/COCO_val2014_000000335774.jpg	val2014/COCO_val2014_000000322175.jpg	942	33683	96758	31206	96731	0.34811591806362263	-0.025509928256838843	0.6518840819363774	[.25,.5)
1115	public1:3_215_7	official1	3	7	val2014/COCO_val2014_000000184338.jpg	val2014/COCO_val2014_000000401018.jpg	943	79549	478851	76064	478837	0.1661247444403374	-0.007273193703865477	0.8338752555596626	[0,.25)
1116	public1:3_216_59	official1	3	59	val2014/COCO_val2014_000000208971.jpg	val2014/COCO_val2014_000000551815.jpg	944	96775	248961	96218	246866	0.3887155016247525	0.0010425047430746015	0.6112844983752475	[.25,.5)
1117	public1:3_217_71	official1	3	71	val2014/COCO_val2014_000000516868.jpg	val2014/COCO_val2014_000000273855.jpg	945	26462	118566	25766	117503	0.22318371202536982	-0.0039042042681210753	0.7768162879746302	[0,.25)
1118	public1:3_218_79	official1	3	79	val2014/COCO_val2014_000000549746.jpg	val2014/COCO_val2014_000000042779.jpg	58	7501	12622	7819	13456	0.5942798288702266	-0.013200756337527375	0.40572017112977343	[.5,.75)
1119	public1:3_219_27	official1	3	27	val2014/COCO_val2014_000000204943.jpg	val2014/COCO_val2014_000000222430.jpg	451	7405	113972	8261	114247	0.06497209841013582	0.007336146007660707	0.9350279015898642	[0,.25)
1120	public1:3_220_39	official1	3	39	val2014/COCO_val2014_000000217522.jpg	val2014/COCO_val2014_000000286322.jpg	946	44043	60880	44129	61007	0.7234395532194481	-9.63303106015223e-05	0.2765604467805519	[.5,.75)
1121	public1:3_221_35	official1	3	35	val2014/COCO_val2014_000000195715.jpg	val2014/COCO_val2014_000000361763.jpg	514	318591	386432	318608	387454	0.8244425927459423	-0.0021307828278617214	0.17555740725405766	[.75,.9)
1122	public1:3_222_27	official1	3	27	val2014/COCO_val2014_000000146334.jpg	val2014/COCO_val2014_000000037003.jpg	947	24701	30584	26150	30664	0.8076445200104629	0.04514702708058849	0.19235547998953706	[.75,.9)
1123	public1:3_223_31	official1	3	31	val2014/COCO_val2014_000000151589.jpg	val2014/COCO_val2014_000000015797.jpg	429	118033	127950	122481	131131	0.9224931613911684	0.011542268827467894	0.07750683860883156	[.9,1]
1124	public1:3_224_39	official1	3	39	val2014/COCO_val2014_000000201111.jpg	val2014/COCO_val2014_000000526804.jpg	948	3887	21082	4601	13226	0.1843752964614363	0.16350010048397423	0.8156247035385638	[0,.25)
1125	public1:3_225_63	official1	3	63	val2014/COCO_val2014_000000535770.jpg	val2014/COCO_val2014_000000466222.jpg	891	11290	389842	19477	329649	0.0289604506441071	0.030123605427654077	0.9710395493558929	[0,.25)
1126	public1:3_226_15	official1	3	15	val2014/COCO_val2014_000000412807.jpg	val2014/COCO_val2014_000000189966.jpg	949	343485	361848	344188	360586	0.949252172182795	0.005271852599087801	0.050747827817204993	[.9,1]
1127	public1:3_227_55	official1	3	55	val2014/COCO_val2014_000000250790.jpg	val2014/COCO_val2014_000000106338.jpg	61	25448	28242	26548	30476	0.9010693293676085	-0.029957634919518195	0.09893067063239147	[.9,1]
1128	public1:3_228_39	official1	3	39	val2014/COCO_val2014_000000115830.jpg	val2014/COCO_val2014_000000168909.jpg	950	27547	43152	27635	40741	0.6383713385242863	0.03993798132549653	0.3616286614757137	[.5,.75)
1129	public1:3_229_31	official1	3	31	val2014/COCO_val2014_000000258330.jpg	val2014/COCO_val2014_000000338291.jpg	951	6046	13064	6225	14140	0.4627985303123086	-0.02255807769561835	0.5372014696876914	[.25,.5)
1130	public1:3_230_47	official1	3	47	val2014/COCO_val2014_000000448012.jpg	val2014/COCO_val2014_000000188592.jpg	246	43271	116835	42154	114807	0.37035990927376217	-0.003187175903845707	0.6296400907262378	[.25,.5)
1131	public1:3_231_3	official1	3	3	val2014/COCO_val2014_000000371005.jpg	val2014/COCO_val2014_000000037751.jpg	952	310454	450686	296283	448592	0.6888476677775658	-0.02837445381030823	0.3111523322224342	[.5,.75)
1132	public1:3_232_23	official1	3	23	val2014/COCO_val2014_000000302160.jpg	val2014/COCO_val2014_000000157098.jpg	953	156106	187564	156189	188845	0.8322812480006825	-0.005206133488781184	0.16771875199931752	[.75,.9)
1133	public1:3_233_11	official1	3	11	val2014/COCO_val2014_000000454232.jpg	val2014/COCO_val2014_000000279136.jpg	954	50977	68368	46743	53820	0.7456266089398549	0.12287952260975488	0.2543733910601451	[.5,.75)
1134	public1:3_234_35	official1	3	35	val2014/COCO_val2014_000000502582.jpg	val2014/COCO_val2014_000000468302.jpg	955	23333	30644	24773	33165	0.7614214854457643	-0.014459326543306839	0.23857851455423573	[.75,.9)
1135	public1:3_235_75	official1	3	75	val2014/COCO_val2014_000000145209.jpg	val2014/COCO_val2014_000000205498.jpg	956	148165	159682	149612	159613	0.9278754023621949	0.0094667940754386	0.0721245976378051	[.9,1]
1136	public1:3_236_11	official1	3	11	val2014/COCO_val2014_000000059152.jpg	val2014/COCO_val2014_000000278934.jpg	534	41436	48886	41600	49318	0.8476046311827518	-0.004099217337908079	0.15239536881724824	[.75,.9)
1137	public1:3_237_27	official1	3	27	val2014/COCO_val2014_000000390555.jpg	val2014/COCO_val2014_000000471869.jpg	441	7049	69570	3963	20757	0.10132240908437545	0.08960113478034487	0.8986775909156246	[0,.25)
1138	public1:3_238_23	official1	3	23	val2014/COCO_val2014_000000089503.jpg	val2014/COCO_val2014_000000469096.jpg	957	218474	314998	213108	314687	0.6935726576041753	-0.016366417753148732	0.3064273423958247	[.5,.75)
1139	public1:3_239_63	official1	3	63	val2014/COCO_val2014_000000011696.jpg	val2014/COCO_val2014_000000423742.jpg	958	42803	50293	42970	49302	0.8510727138965661	0.02049436248978731	0.14892728610343386	[.75,.9)
1140	public1:3_240_11	official1	3	11	val2014/COCO_val2014_000000543393.jpg	val2014/COCO_val2014_000000012016.jpg	512	31324	33509	31914	33791	0.9347936375302157	0.009659027380559349	0.06520636246978428	[.9,1]
1141	public1:3_241_75	official1	3	75	val2014/COCO_val2014_000000167549.jpg	val2014/COCO_val2014_000000212766.jpg	203	140500	220208	145980	219727	0.6380331323112693	0.026336744854486338	0.36196686768873065	[.5,.75)
1142	public1:3_242_79	official1	3	79	val2014/COCO_val2014_000000138179.jpg	val2014/COCO_val2014_000000295097.jpg	959	17889	20594	18587	24013	0.8686510634165291	-0.09461200124187374	0.1313489365834709	[.75,.9)
1143	public1:3_243_19	official1	3	19	val2014/COCO_val2014_000000113672.jpg	val2014/COCO_val2014_000000440000.jpg	960	18749	30682	19388	31527	0.6110748973339417	0.0038900533432556506	0.3889251026660583	[.5,.75)
1144	public1:3_244_27	official1	3	27	val2014/COCO_val2014_000000153150.jpg	val2014/COCO_val2014_000000122549.jpg	451	13354	23086	12273	18635	0.5784458113142165	0.08015359839868941	0.42155418868578354	[.5,.75)
1145	public1:3_245_71	official1	3	71	val2014/COCO_val2014_000000268831.jpg	val2014/COCO_val2014_000000093331.jpg	961	4905	91834	0	77050	0.05341159047847203	-0.05341159047847203	0.946588409521528	[0,.25)
1146	public1:3_246_11	official1	3	11	val2014/COCO_val2014_000000480944.jpg	val2014/COCO_val2014_000000287099.jpg	962	10301	14954	10605	13758	0.6888457937675538	0.08197845394286918	0.31115420623244616	[.5,.75)
1147	public1:3_247_75	official1	3	75	val2014/COCO_val2014_000000512982.jpg	val2014/COCO_val2014_000000515904.jpg	794	23431	25481	22788	24900	0.9195478984341274	-0.004367175542561164	0.08045210156587257	[.9,1]
1148	public1:3_248_67	official1	3	67	val2014/COCO_val2014_000000112997.jpg	val2014/COCO_val2014_000000535689.jpg	963	316260	326400	311429	323946	0.9689338235294118	-0.007572979438112637	0.03106617647058818	[.9,1]
1149	public1:3_249_7	official1	3	7	val2014/COCO_val2014_000000453841.jpg	val2014/COCO_val2014_000000061660.jpg	236	83151	109917	84175	98207	0.7564889871448457	0.10062914089083408	0.2435110128551543	[.75,.9)
1150	public1:3_250_63	official1	3	63	val2014/COCO_val2014_000000535770.jpg	val2014/COCO_val2014_000000024385.jpg	891	27043	32528	27837	33067	0.8313760452533202	0.01046022655845591	0.1686239547466798	[.75,.9)
1151	public1:3_251_67	official1	3	67	val2014/COCO_val2014_000000000387.jpg	val2014/COCO_val2014_000000410375.jpg	964	41729	334912	44248	336526	0.12459690903879228	0.0068877310781674805	0.8754030909612077	[0,.25)
1152	public1:3_252_59	official1	3	59	val2014/COCO_val2014_000000319935.jpg	val2014/COCO_val2014_000000033650.jpg	965	24406	61816	18836	45078	0.3948168758897373	0.02303662249084748	0.6051831241102628	[.25,.5)
1153	public1:3_253_3	official1	3	3	val2014/COCO_val2014_000000265872.jpg	val2014/COCO_val2014_000000280761.jpg	475	250336	289714	257599	291004	0.8640797476131633	0.021128015854005477	0.1359202523868367	[.75,.9)
1154	public1:3_254_35	official1	3	35	val2014/COCO_val2014_000000022403.jpg	val2014/COCO_val2014_000000264572.jpg	900	10628	11818	10931	13357	0.8993061431714334	-0.08093375416192528	0.10069385682856657	[.75,.9)
1155	public1:3_255_59	official1	3	59	val2014/COCO_val2014_000000048185.jpg	val2014/COCO_val2014_000000271820.jpg	966	16290	18970	15273	19354	0.8587243015287296	-0.06958510549690156	0.14127569847127042	[.75,.9)
1156	public1:3_256_59	official1	3	59	val2014/COCO_val2014_000000191812.jpg	val2014/COCO_val2014_000000367848.jpg	967	48706	114072	55615	104844	0.4269759450171821	0.10347882588053253	0.5730240549828178	[.25,.5)
1157	public1:3_257_79	official1	3	79	val2014/COCO_val2014_000000293832.jpg	val2014/COCO_val2014_000000309484.jpg	940	544339	835711	682477	844225	0.6513483728226623	0.15705815387341981	0.34865162717733766	[.5,.75)
1158	public1:3_258_15	official1	3	15	val2014/COCO_val2014_000000416663.jpg	val2014/COCO_val2014_000000057812.jpg	968	303524	358846	309132	360592	0.8458335887818172	0.01145664505587185	0.15416641121818275	[.75,.9)
1159	public1:3_259_79	official1	3	79	val2014/COCO_val2014_000000026547.jpg	val2014/COCO_val2014_000000187177.jpg	452	47246	52384	47021	54228	0.9019166157605376	-0.034818437697544335	0.09808338423946239	[.9,1]
1160	public1:3_260_51	official1	3	51	val2014/COCO_val2014_000000104865.jpg	val2014/COCO_val2014_000000252137.jpg	489	9100	44445	9413	38261	0.2047474406569918	0.04127331154498934	0.7952525593430082	[0,.25)
1161	public1:3_261_59	official1	3	59	val2014/COCO_val2014_000000404602.jpg	val2014/COCO_val2014_000000504517.jpg	969	349272	610174	345871	497656	0.5724137704982514	0.12258639025536155	0.4275862295017486	[.5,.75)
1162	public1:3_262_39	official1	3	39	val2014/COCO_val2014_000000165831.jpg	val2014/COCO_val2014_000000047559.jpg	970	23595	25120	23756	25680	0.9392914012738853	-0.014213519653947682	0.06070859872611467	[.9,1]
1163	public1:3_263_15	official1	3	15	val2014/COCO_val2014_000000040042.jpg	val2014/COCO_val2014_000000047121.jpg	971	204410	336463	208973	221087	0.6075259389591129	0.33768115146230493	0.3924740610408871	[.5,.75)
1164	public1:3_264_23	official1	3	23	val2014/COCO_val2014_000000219965.jpg	val2014/COCO_val2014_000000424219.jpg	972	405962	469300	420807	469255	0.8650372895802259	0.031718205832715896	0.13496271041977415	[.75,.9)
1165	public1:3_265_19	official1	3	19	val2014/COCO_val2014_000000238404.jpg	val2014/COCO_val2014_000000059239.jpg	938	107952	121552	113745	125633	0.8881137291035935	0.01726145098444065	0.11188627089640646	[.75,.9)
1166	public1:3_266_75	official1	3	75	val2014/COCO_val2014_000000196878.jpg	val2014/COCO_val2014_000000512194.jpg	973	40022	79726	27228	75664	0.5019943305822442	-0.14214023880808474	0.4980056694177558	[.5,.75)
1167	public1:3_267_7	official1	3	7	val2014/COCO_val2014_000000358901.jpg	val2014/COCO_val2014_000000144300.jpg	974	11773	196627	9570	196803	0.05987478830475977	-0.011247480794203527	0.9401252116952402	[0,.25)
1168	public1:3_268_7	official1	3	7	val2014/COCO_val2014_000000081394.jpg	val2014/COCO_val2014_000000545749.jpg	975	329420	473694	329753	471667	0.6954278500466546	0.0036946240717382617	0.30457214995334536	[.5,.75)
1169	public1:3_269_59	official1	3	59	val2014/COCO_val2014_000000542776.jpg	val2014/COCO_val2014_000000134882.jpg	976	166166	182938	167898	182327	0.9083186653401699	0.012543302442988957	0.09168133465983008	[.9,1]
1170	public1:3_270_43	official1	3	43	val2014/COCO_val2014_000000045728.jpg	val2014/COCO_val2014_000000088349.jpg	977	48283	149346	48145	154936	0.32329623826550424	-0.012555028991997785	0.6767037617344958	[.25,.5)
1171	public1:3_271_23	official1	3	23	val2014/COCO_val2014_000000567863.jpg	val2014/COCO_val2014_000000577862.jpg	978	130409	150572	133166	151873	0.8660906410222352	0.01073407436496332	0.1339093589777648	[.75,.9)
1172	public1:3_272_3	official1	3	3	val2014/COCO_val2014_000000315868.jpg	val2014/COCO_val2014_000000047687.jpg	979	360665	448940	380027	448000	0.8033701608232726	0.04490439274815594	0.19662983917672738	[.75,.9)
1173	public1:3_273_47	official1	3	47	val2014/COCO_val2014_000000113113.jpg	val2014/COCO_val2014_000000187888.jpg	434	116392	291754	117786	346166	0.3989388320297237	-0.058680112224774594	0.6010611679702763	[.25,.5)
1174	public1:3_274_11	official1	3	11	val2014/COCO_val2014_000000562737.jpg	val2014/COCO_val2014_000000278535.jpg	980	58726	61348	57766	62483	0.9572602203820826	-0.03275275435132219	0.04273977961791742	[.9,1]
1175	public1:3_275_3	official1	3	3	val2014/COCO_val2014_000000263700.jpg	val2014/COCO_val2014_000000464006.jpg	981	232826	281727	234275	278211	0.8264241623983501	0.01565253478472317	0.17357583760164985	[.75,.9)
1176	public1:3_276_59	official1	3	59	val2014/COCO_val2014_000000389771.jpg	val2014/COCO_val2014_000000142999.jpg	982	300572	327482	295521	328125	0.9178275447200152	-0.017192116148586623	0.08217245527998485	[.9,1]
1177	public1:3_277_7	official1	3	7	val2014/COCO_val2014_000000007726.jpg	val2014/COCO_val2014_000000018975.jpg	983	52138	109074	58271	109117	0.4780057575590883	0.05601735524643242	0.5219942424409116	[.25,.5)
1178	public1:3_278_19	official1	3	19	val2014/COCO_val2014_000000377326.jpg	val2014/COCO_val2014_000000022596.jpg	984	169851	186190	172743	189062	0.9122455556152318	0.0014388442112801547	0.0877544443847682	[.9,1]
1179	public1:3_279_31	official1	3	31	val2014/COCO_val2014_000000044195.jpg	val2014/COCO_val2014_000000393271.jpg	932	25501	40572	25153	30723	0.6285369220151829	0.19016567864230505	0.37146307798481715	[.5,.75)
1180	public1:3_280_63	official1	3	63	val2014/COCO_val2014_000000447611.jpg	val2014/COCO_val2014_000000024385.jpg	891	112545	126699	117942	125607	0.8882864111003244	0.050689919836645725	0.11171358889967564	[.75,.9)
1181	public1:3_281_23	official1	3	23	val2014/COCO_val2014_000000185590.jpg	val2014/COCO_val2014_000000528261.jpg	494	29826	42390	31947	43221	0.7036093418259023	0.035545235809969156	0.2963906581740977	[.5,.75)
1182	public1:3_282_63	official1	3	63	val2014/COCO_val2014_000000191069.jpg	val2014/COCO_val2014_000000165742.jpg	985	181740	642349	175063	640748	0.2829303073562814	-0.009713691775741162	0.7170696926437186	[.25,.5)
1183	public1:3_283_55	official1	3	55	val2014/COCO_val2014_000000493728.jpg	val2014/COCO_val2014_000000405249.jpg	986	105401	127288	104480	123357	0.8280513481239394	0.018921259835073867	0.17194865187606057	[.75,.9)
1184	public1:3_284_67	official1	3	67	val2014/COCO_val2014_000000158498.jpg	val2014/COCO_val2014_000000174070.jpg	987	42599	69304	47538	69304	0.6146687059909962	0.07126572780791873	0.3853312940090038	[.5,.75)
1185	public1:3_285_7	official1	3	7	val2014/COCO_val2014_000000174004.jpg	val2014/COCO_val2014_000000294053.jpg	988	241427	321149	218363	320103	0.7517600864396277	-0.06959528323565889	0.24823991356037234	[.75,.9)
1186	public1:3_286_55	official1	3	55	val2014/COCO_val2014_000000573196.jpg	val2014/COCO_val2014_000000313176.jpg	989	55368	169676	53709	145160	0.32631603762464934	0.04368258458532587	0.6736839623753507	[.25,.5)
1187	public1:3_287_39	official1	3	39	val2014/COCO_val2014_000000453755.jpg	val2014/COCO_val2014_000000393838.jpg	423	11743	61194	12346	60544	0.19189789848677974	0.012019913352543737	0.8081021015132203	[0,.25)
1188	public1:3_288_47	official1	3	47	val2014/COCO_val2014_000000381031.jpg	val2014/COCO_val2014_000000135578.jpg	559	37927	38990	38205	41663	0.9727365991279815	-0.055735903066728154	0.027263400872018506	[.9,1]
1189	public1:3_289_7	official1	3	7	val2014/COCO_val2014_000000440329.jpg	val2014/COCO_val2014_000000516174.jpg	990	21186	141162	22595	154413	0.1500828834955583	-0.0037545303128599383	0.8499171165044417	[0,.25)
1190	public1:3_290_59	official1	3	59	val2014/COCO_val2014_000000451943.jpg	val2014/COCO_val2014_000000242665.jpg	991	426803	617942	177167	666292	0.6906845626288551	-0.4247846268649558	0.30931543737114486	[.5,.75)
1191	public1:3_291_71	official1	3	71	val2014/COCO_val2014_000000007519.jpg	val2014/COCO_val2014_000000097017.jpg	992	36279	56008	36608	41141	0.6477467504642194	0.24207119270682653	0.35225324953578063	[.5,.75)
1192	public1:3_292_11	official1	3	11	val2014/COCO_val2014_000000424293.jpg	val2014/COCO_val2014_000000092205.jpg	993	9106	10135	9326	10573	0.8984706462752837	-0.016412573826593668	0.10152935372471628	[.75,.9)
1193	public1:3_293_67	official1	3	67	val2014/COCO_val2014_000000469398.jpg	val2014/COCO_val2014_000000404944.jpg	994	107657	143233	110373	142912	0.7516214838759224	0.020692947382474403	0.24837851612407758	[.75,.9)
1194	public1:3_294_39	official1	3	39	val2014/COCO_val2014_000000552610.jpg	val2014/COCO_val2014_000000565957.jpg	995	54121	63388	47368	63346	0.8538051366189184	-0.10603890039247954	0.14619486338108156	[.75,.9)
1195	public1:3_295_51	official1	3	51	val2014/COCO_val2014_000000551908.jpg	val2014/COCO_val2014_000000558864.jpg	996	31173	244758	31479	245083	0.12736253769029	0.001079663523176455	0.87263746230971	[0,.25)
1196	public1:3_296_51	official1	3	51	val2014/COCO_val2014_000000007991.jpg	val2014/COCO_val2014_000000442301.jpg	642	227832	244625	232086	246149	0.9313520694941236	0.011515868218400116	0.06864793050587636	[.9,1]
1197	public1:3_297_11	official1	3	11	val2014/COCO_val2014_000000398525.jpg	val2014/COCO_val2014_000000386633.jpg	997	45728	48327	46437	49273	0.9462205392430733	-0.0037774162345289852	0.053779460756926745	[.9,1]
1198	public1:3_298_59	official1	3	59	val2014/COCO_val2014_000000546029.jpg	val2014/COCO_val2014_000000233223.jpg	739	652666	740157	684800	772588	0.8817939977599347	0.004577522377577137	0.11820600224006528	[.75,.9)
1199	public1:3_299_51	official1	3	51	val2014/COCO_val2014_000000215581.jpg	val2014/COCO_val2014_000000500473.jpg	998	25149	41206	25153	43689	0.6103237392612726	-0.03459529503045933	0.3896762607387274	[.5,.75)
1200	public2:0_300_60	official2	0	60	val2014/COCO_val2014_000000349414.jpg	val2014/COCO_val2014_000000003014.jpg	999	90050	132231	98567	119612	0.6810052105784574	0.14305090419263577	0.3189947894215426	[.5,.75)
1201	public2:0_301_8	official2	0	8	val2014/COCO_val2014_000000382850.jpg	val2014/COCO_val2014_000000385912.jpg	1000	83513	86578	84443	88612	0.9645983968213634	-0.011646200730540457	0.03540160317863661	[.9,1]
1202	public2:0_302_36	official2	0	36	val2014/COCO_val2014_000000132719.jpg	val2014/COCO_val2014_000000489924.jpg	1001	18472	179169	21685	271087	0.10309819220958982	-0.023105422360795894	0.8969018077904102	[0,.25)
1203	public2:0_303_72	official2	0	72	val2014/COCO_val2014_000000544538.jpg	val2014/COCO_val2014_000000030213.jpg	1002	37619	378956	37518	369344	0.09927009995883428	0.002309998810876346	0.9007299000411657	[0,.25)
1204	public2:0_304_52	official2	0	52	val2014/COCO_val2014_000000039009.jpg	val2014/COCO_val2014_000000109092.jpg	647	94691	110565	92549	110556	0.8564283453172342	-0.019305077471074794	0.14357165468276578	[.75,.9)
1205	public2:0_305_24	official2	0	24	val2014/COCO_val2014_000000355370.jpg	val2014/COCO_val2014_000000422200.jpg	660	3393	22388	2250	23201	0.15155440414507773	-0.054575825635530734	0.8484455958549223	[0,.25)
1206	public2:0_306_76	official2	0	76	val2014/COCO_val2014_000000512013.jpg	val2014/COCO_val2014_000000261182.jpg	642	30781	32412	30524	32995	0.9496791311859805	-0.024569266054899952	0.05032086881401954	[.9,1]
1207	public2:0_307_4	official2	0	4	val2014/COCO_val2014_000000289173.jpg	val2014/COCO_val2014_000000569705.jpg	1003	53220	96481	56599	90151	0.5516111980597216	0.07621322984457235	0.4483888019402784	[.5,.75)
1208	public2:0_308_24	official2	0	24	val2014/COCO_val2014_000000257036.jpg	val2014/COCO_val2014_000000318373.jpg	1004	117689	176348	116715	182976	0.667367931589811	-0.0294973911910702	0.332632068410189	[.5,.75)
1209	public2:0_309_56	official2	0	56	val2014/COCO_val2014_000000534041.jpg	val2014/COCO_val2014_000000287033.jpg	1005	0	695464	0	755320	0.0	0.0	1.0	[0,.25)
1210	public2:0_310_64	official2	0	64	val2014/COCO_val2014_000000554625.jpg	val2014/COCO_val2014_000000096832.jpg	1006	11465	95192	11070	87713	0.12044079334397849	0.0057662683230492034	0.8795592066560215	[0,.25)
1211	public2:0_311_16	official2	0	16	val2014/COCO_val2014_000000000074.jpg	val2014/COCO_val2014_000000303314.jpg	1007	66970	72760	68814	73707	0.9204233095107202	0.0131922222569546	0.07957669048927984	[.9,1]
1212	public2:0_312_24	official2	0	24	val2014/COCO_val2014_000000048320.jpg	val2014/COCO_val2014_000000183204.jpg	1008	52874	67079	54214	68750	0.7882347679601663	0.00033250476710633414	0.21176523203983366	[.75,.9)
1213	public2:0_313_20	official2	0	20	val2014/COCO_val2014_000000383921.jpg	val2014/COCO_val2014_000000077548.jpg	1009	402381	438899	408424	443054	0.9167963472233931	0.005041622866031714	0.0832036527766069	[.9,1]
1214	public2:0_314_60	official2	0	60	val2014/COCO_val2014_000000136270.jpg	val2014/COCO_val2014_000000395904.jpg	1010	6	134449	10	137476	4.462658703300136e-05	2.8113382125251716e-05	0.999955373412967	[0,.25)
1215	public2:0_315_16	official2	0	16	val2014/COCO_val2014_000000198518.jpg	val2014/COCO_val2014_000000477111.jpg	1011	12350	14809	13098	15044	0.833952326288068	0.036693778471304506	0.16604767371193196	[.75,.9)
1216	public2:0_316_0	official2	0	0	val2014/COCO_val2014_000000285451.jpg	val2014/COCO_val2014_000000222343.jpg	1012	159474	587746	174683	583763	0.2713314935363235	0.027904669084466094	0.7286685064636764	[.25,.5)
1217	public2:0_317_28	official2	0	28	val2014/COCO_val2014_000000342060.jpg	val2014/COCO_val2014_000000559470.jpg	1013	27935	61097	27159	58723	0.45722375894070083	0.005269642281988729	0.5427762410592991	[.25,.5)
1218	public2:0_318_24	official2	0	24	val2014/COCO_val2014_000000469242.jpg	val2014/COCO_val2014_000000086448.jpg	1014	13867	18758	11950	16331	0.7392579166222412	-0.007520729677167326	0.26074208337775884	[.5,.75)
1219	public2:0_319_16	official2	0	16	val2014/COCO_val2014_000000002477.jpg	val2014/COCO_val2014_000000528251.jpg	1015	33870	38129	34084	40082	0.8883002439088358	-0.03794347528451558	0.11169975609116423	[.75,.9)
1220	public2:0_320_36	official2	0	36	val2014/COCO_val2014_000000451084.jpg	val2014/COCO_val2014_000000371058.jpg	1016	16632	101325	16715	20338	0.16414507772020726	0.6577154788733615	0.8358549222797927	[0,.25)
1221	public2:0_321_28	official2	0	28	val2014/COCO_val2014_000000125983.jpg	val2014/COCO_val2014_000000229139.jpg	1017	73126	119104	71834	116386	0.6139676249328319	0.003237193516122505	0.38603237506716814	[.5,.75)
1222	public2:0_322_8	official2	0	8	val2014/COCO_val2014_000000303908.jpg	val2014/COCO_val2014_000000071724.jpg	1018	7902	46932	8873	48372	0.16837126054717463	0.015061303746218252	0.8316287394528253	[0,.25)
1223	public2:0_323_40	official2	0	40	val2014/COCO_val2014_000000552061.jpg	val2014/COCO_val2014_000000257187.jpg	1019	66831	74676	66938	75180	0.8949461674433553	-0.004576388246760432	0.10505383255664469	[.75,.9)
1224	public2:0_324_24	official2	0	24	val2014/COCO_val2014_000000152258.jpg	val2014/COCO_val2014_000000050159.jpg	1020	8230	22195	8232	23599	0.3708042351881054	-0.02197589500419933	0.6291957648118947	[.25,.5)
1225	public2:0_325_12	official2	0	12	val2014/COCO_val2014_000000291144.jpg	val2014/COCO_val2014_000000302200.jpg	1021	431546	656536	435333	663602	0.6573074439177745	-0.0012922420347181163	0.3426925560822255	[.5,.75)
1226	public2:0_326_16	official2	0	16	val2014/COCO_val2014_000000368905.jpg	val2014/COCO_val2014_000000044328.jpg	1022	129353	156636	129396	158027	0.8258190965039965	-0.006996996483114026	0.17418090349600346	[.75,.9)
1227	public2:0_327_56	official2	0	56	val2014/COCO_val2014_000000101936.jpg	val2014/COCO_val2014_000000386165.jpg	1023	76115	134947	76631	123116	0.5640362512690167	0.058393002442929776	0.4359637487309833	[.5,.75)
1228	public2:0_328_76	official2	0	76	val2014/COCO_val2014_000000568846.jpg	val2014/COCO_val2014_000000340930.jpg	1024	10044	22279	10568	16877	0.45082813411733025	0.17534950408851202	0.5491718658826698	[.25,.5)
1229	public2:0_329_40	official2	0	40	val2014/COCO_val2014_000000084410.jpg	val2014/COCO_val2014_000000467250.jpg	1025	31439	65579	31747	63834	0.4794065173302429	0.01793032510482301	0.5205934826697571	[.25,.5)
1230	public2:0_330_44	official2	0	44	val2014/COCO_val2014_000000251801.jpg	val2014/COCO_val2014_000000175593.jpg	1026	17191	23820	17023	25220	0.7217044500419816	-0.04672427557727099	0.2782955499580184	[.5,.75)
1231	public2:0_331_32	official2	0	32	val2014/COCO_val2014_000000306619.jpg	val2014/COCO_val2014_000000401901.jpg	1027	5557	6572	6071	7191	0.8455569080949482	-0.0013071514547035035	0.1544430919050518	[.75,.9)
1232	public2:0_332_52	official2	0	52	val2014/COCO_val2014_000000511906.jpg	val2014/COCO_val2014_000000277162.jpg	1028	358926	369981	358212	369258	0.9701200872477236	-3.413108699046319e-05	0.029879912752276416	[.9,1]
1233	public2:0_333_56	official2	0	56	val2014/COCO_val2014_000000100726.jpg	val2014/COCO_val2014_000000296676.jpg	1029	12654	44837	11995	33727	0.28222227178446374	0.07342750435927864	0.7177777282155362	[.25,.5)
1234	public2:0_334_24	official2	0	24	val2014/COCO_val2014_000000057359.jpg	val2014/COCO_val2014_000000391199.jpg	1030	18239	171215	17849	124155	0.10652688140641883	0.03723696217619968	0.8934731185935811	[0,.25)
1235	public2:0_335_24	official2	0	24	val2014/COCO_val2014_000000298403.jpg	val2014/COCO_val2014_000000160726.jpg	1031	20086	52046	18765	50849	0.38592783307074513	-0.01689402709619303	0.6140721669292548	[.25,.5)
1236	public2:0_336_44	official2	0	44	val2014/COCO_val2014_000000009050.jpg	val2014/COCO_val2014_000000413551.jpg	1032	18662	71577	18691	71574	0.2607262109336798	0.0004161033145108628	0.7392737890663201	[.25,.5)
1237	public2:0_337_28	official2	0	28	val2014/COCO_val2014_000000292206.jpg	val2014/COCO_val2014_000000222295.jpg	1033	75928	87390	76289	85212	0.8688408284700767	0.026443873215131974	0.1311591715299233	[.75,.9)
1238	public2:0_338_8	official2	0	8	val2014/COCO_val2014_000000223496.jpg	val2014/COCO_val2014_000000470882.jpg	1034	7320	63502	322	51323	0.11527195993826966	-0.10899796971945938	0.8847280400617303	[0,.25)
1239	public2:0_339_64	official2	0	64	val2014/COCO_val2014_000000304815.jpg	val2014/COCO_val2014_000000372641.jpg	1035	28110	32960	28390	31298	0.8528519417475728	0.05423477305848501	0.14714805825242716	[.75,.9)
1240	public2:0_340_48	official2	0	48	val2014/COCO_val2014_000000092634.jpg	val2014/COCO_val2014_000000494747.jpg	1036	183770	219503	182182	208691	0.8372095142207624	0.03576536251086471	0.1627904857792376	[.75,.9)
1241	public2:0_341_36	official2	0	36	val2014/COCO_val2014_000000525439.jpg	val2014/COCO_val2014_000000532812.jpg	1037	124646	142534	125627	137552	0.8745001192697882	0.03880539428145058	0.1254998807302118	[.75,.9)
1242	public2:0_342_72	official2	0	72	val2014/COCO_val2014_000000325239.jpg	val2014/COCO_val2014_000000295105.jpg	143	18499	81379	21231	65507	0.22731908723380725	0.0967836804093454	0.7726809127661928	[0,.25)
1243	public2:0_343_52	official2	0	52	val2014/COCO_val2014_000000200945.jpg	val2014/COCO_val2014_000000080690.jpg	1038	3940	603485	107	501362	0.006528745536343074	-0.006315326888739147	0.9934712544636569	[0,.25)
1244	public2:0_344_0	official2	0	0	val2014/COCO_val2014_000000038029.jpg	val2014/COCO_val2014_000000075719.jpg	1039	32905	62314	31975	63227	0.5280514812080752	-0.022333987099545594	0.4719485187919248	[.5,.75)
1245	public2:0_345_68	official2	0	68	val2014/COCO_val2014_000000339588.jpg	val2014/COCO_val2014_000000246436.jpg	1040	137648	147382	136983	147532	0.9339539428152691	-0.005457074339277446	0.06604605718473089	[.9,1]
1246	public2:0_346_4	official2	0	4	val2014/COCO_val2014_000000013348.jpg	val2014/COCO_val2014_000000552302.jpg	1041	101172	123172	95383	121892	0.8213879777871594	-0.03886738578768445	0.17861202221284056	[.75,.9)
1247	public2:0_347_52	official2	0	52	val2014/COCO_val2014_000000123946.jpg	val2014/COCO_val2014_000000432588.jpg	103	270474	294358	271291	295063	0.9188607070302149	0.0005734477096203117	0.08113929296978506	[.9,1]
1248	public2:0_348_40	official2	0	40	val2014/COCO_val2014_000000387429.jpg	val2014/COCO_val2014_000000053870.jpg	558	5538	18743	3268	12613	0.2954703089153284	-0.03637255263212852	0.7045296910846717	[.25,.5)
1249	public2:0_349_28	official2	0	28	val2014/COCO_val2014_000000505487.jpg	val2014/COCO_val2014_000000264654.jpg	1042	269516	361803	273975	358516	0.7449247242283784	0.019267111003521964	0.2550752757716216	[.5,.75)
1250	public2:0_350_68	official2	0	68	val2014/COCO_val2014_000000420389.jpg	val2014/COCO_val2014_000000047873.jpg	1043	203677	259110	203958	259097	0.7860638338929412	0.0011239760778419816	0.2139361661070588	[.75,.9)
1251	public2:0_351_16	official2	0	16	val2014/COCO_val2014_000000221776.jpg	val2014/COCO_val2014_000000445009.jpg	1044	21025	24861	20681	25721	0.8457021036965529	-0.041650939278373156	0.15429789630344715	[.75,.9)
1252	public2:0_352_36	official2	0	36	val2014/COCO_val2014_000000367608.jpg	val2014/COCO_val2014_000000357109.jpg	1045	28233	33696	28202	33388	0.8378739316239316	0.006800801813231394	0.16212606837606836	[.75,.9)
1253	public2:0_353_76	official2	0	76	val2014/COCO_val2014_000000310493.jpg	val2014/COCO_val2014_000000194595.jpg	1046	78523	153001	60471	152448	0.5132188678505369	-0.11655246356842108	0.48678113214946306	[.5,.75)
1254	public2:0_354_72	official2	0	72	val2014/COCO_val2014_000000045746.jpg	val2014/COCO_val2014_000000499480.jpg	1047	126635	148841	126588	147389	0.8508072372531762	0.008062827677042472	0.1491927627468238	[.75,.9)
1255	public2:0_355_56	official2	0	56	val2014/COCO_val2014_000000050828.jpg	val2014/COCO_val2014_000000302893.jpg	1048	46981	56031	45735	55731	0.838482268744088	-0.017843844886629934	0.16151773125591196	[.75,.9)
1256	public2:0_356_56	official2	0	56	val2014/COCO_val2014_000000570456.jpg	val2014/COCO_val2014_000000070744.jpg	1049	23246	68252	25036	72645	0.34059075191935767	0.0040441162752875015	0.6594092480806424	[.25,.5)
1257	public2:0_357_60	official2	0	60	val2014/COCO_val2014_000000448923.jpg	val2014/COCO_val2014_000000448897.jpg	1050	64216	548036	50605	540799	0.11717478413826829	-0.02360027678895736	0.8828252158617317	[0,.25)
1258	public2:0_358_68	official2	0	68	val2014/COCO_val2014_000000126744.jpg	val2014/COCO_val2014_000000576946.jpg	1051	45336	92844	44168	76942	0.48830295980354144	0.08573982567123173	0.5116970401964586	[.25,.5)
1259	public2:0_359_48	official2	0	48	val2014/COCO_val2014_000000258290.jpg	val2014/COCO_val2014_000000345353.jpg	1052	71177	81080	72328	82342	0.8778613714849531	0.0005238997010759139	0.12213862851504687	[.75,.9)
1260	public2:0_360_8	official2	0	8	val2014/COCO_val2014_000000186218.jpg	val2014/COCO_val2014_000000502168.jpg	1053	65748	203846	60826	159674	0.3225376019151713	0.05840106060972322	0.6774623980848287	[.25,.5)
1261	public2:0_361_36	official2	0	36	val2014/COCO_val2014_000000382041.jpg	val2014/COCO_val2014_000000496334.jpg	1054	18225	19661	18653	21122	0.9269620060017293	-0.043854345742284195	0.07303799399827071	[.9,1]
1262	public2:0_362_24	official2	0	24	val2014/COCO_val2014_000000150830.jpg	val2014/COCO_val2014_000000194208.jpg	1055	22132	53818	22495	53878	0.41123787580363447	0.006279478218415346	0.5887621241963655	[.25,.5)
1263	public2:0_363_40	official2	0	40	val2014/COCO_val2014_000000111032.jpg	val2014/COCO_val2014_000000557998.jpg	1056	116096	128599	113003	129441	0.902775293742564	-0.029767514136411433	0.09722470625743596	[.9,1]
1264	public2:0_364_56	official2	0	56	val2014/COCO_val2014_000000352978.jpg	val2014/COCO_val2014_000000111347.jpg	1057	87855	172260	90034	170546	0.5100139324277255	0.017902289588621945	0.4899860675722745	[.5,.75)
1265	public2:0_365_48	official2	0	48	val2014/COCO_val2014_000000498537.jpg	val2014/COCO_val2014_000000551822.jpg	168	91735	314176	91967	272500	0.2919860205744551	0.04550755740719625	0.7080139794255449	[.25,.5)
1266	public2:0_366_12	official2	0	12	val2014/COCO_val2014_000000333605.jpg	val2014/COCO_val2014_000000056070.jpg	1058	44672	172050	46257	206198	0.2596454519035164	-0.03531252917875671	0.7403545480964836	[.25,.5)
1267	public2:0_367_48	official2	0	48	val2014/COCO_val2014_000000140963.jpg	val2014/COCO_val2014_000000158806.jpg	1059	6456	36764	5699	36267	0.1756065716461756	-0.018466471830916542	0.8243934283538243	[0,.25)
1268	public2:0_368_24	official2	0	24	val2014/COCO_val2014_000000408208.jpg	val2014/COCO_val2014_000000544044.jpg	1060	25187	33958	25583	34605	0.7417103480770363	-0.002424117763497824	0.2582896519229637	[.5,.75)
1269	public2:0_369_24	official2	0	24	val2014/COCO_val2014_000000358399.jpg	val2014/COCO_val2014_000000436555.jpg	1061	0	78680	0	55449	0.0	0.0	1.0	[0,.25)
1270	public2:0_370_56	official2	0	56	val2014/COCO_val2014_000000441995.jpg	val2014/COCO_val2014_000000037865.jpg	1062	53179	60670	53424	60119	0.8765287621559255	0.012108773398558204	0.12347123784407454	[.75,.9)
1271	public2:0_371_76	official2	0	76	val2014/COCO_val2014_000000197336.jpg	val2014/COCO_val2014_000000433924.jpg	48	228284	569929	241277	577681	0.40054813845233356	0.017116628088369723	0.5994518615476665	[.25,.5)
1272	public2:0_372_16	official2	0	16	val2014/COCO_val2014_000000221776.jpg	val2014/COCO_val2014_000000351287.jpg	1044	19992	24208	21034	26510	0.8258426966292135	-0.0324062575496209	0.1741573033707865	[.75,.9)
1273	public2:0_373_24	official2	0	24	val2014/COCO_val2014_000000139530.jpg	val2014/COCO_val2014_000000233868.jpg	1063	7821	349794	7821	350322	0.0223588740801729	-3.3698955573247674e-05	0.9776411259198271	[0,.25)
1274	public2:0_374_76	official2	0	76	val2014/COCO_val2014_000000353130.jpg	val2014/COCO_val2014_000000197336.jpg	48	18316	25527	22202	29186	0.7175147882634074	0.04319240011458203	0.2824852117365926	[.5,.75)
1275	public2:0_375_16	official2	0	16	val2014/COCO_val2014_000000324937.jpg	val2014/COCO_val2014_000000404297.jpg	1064	356025	389088	349601	386021	0.9150243646681471	-0.009371563395677462	0.08497563533185293	[.9,1]
1276	public2:0_376_36	official2	0	36	val2014/COCO_val2014_000000008923.jpg	val2014/COCO_val2014_000000515540.jpg	1065	30308	41375	30013	36886	0.7325196374622357	0.08114950530195664	0.2674803625377643	[.5,.75)
1277	public2:0_377_12	official2	0	12	val2014/COCO_val2014_000000408568.jpg	val2014/COCO_val2014_000000089225.jpg	1066	249391	282830	253710	289964	0.8817699678251953	-0.006799281809000246	0.11823003217480466	[.75,.9)
1278	public2:0_378_24	official2	0	24	val2014/COCO_val2014_000000477112.jpg	val2014/COCO_val2014_000000527270.jpg	1067	7469	9028	7082	8566	0.8273150199379707	-0.0005580738721290279	0.17268498006202926	[.75,.9)
1279	public2:0_379_12	official2	0	12	val2014/COCO_val2014_000000203488.jpg	val2014/COCO_val2014_000000485123.jpg	1068	36842	50066	37393	50746	0.7358686533775416	0.0009973065010695503	0.2641313466224584	[.5,.75)
1280	public2:0_380_64	official2	0	64	val2014/COCO_val2014_000000348481.jpg	val2014/COCO_val2014_000000120070.jpg	1069	16076	27084	16276	18799	0.5935607738886427	0.27222995966101415	0.4064392261113573	[.5,.75)
1281	public2:0_381_24	official2	0	24	val2014/COCO_val2014_000000129502.jpg	val2014/COCO_val2014_000000065604.jpg	1070	9896	24105	10950	26728	0.41053723293922423	-0.0008545032175840128	0.5894627670607757	[.25,.5)
1282	public2:0_382_20	official2	0	20	val2014/COCO_val2014_000000555478.jpg	val2014/COCO_val2014_000000398746.jpg	1071	285202	320044	287651	321463	0.8911337191136218	0.0036846581179724724	0.10886628088637818	[.75,.9)
1283	public2:0_383_4	official2	0	4	val2014/COCO_val2014_000000494179.jpg	val2014/COCO_val2014_000000425303.jpg	1072	126189	157608	130030	160429	0.8006509821836455	0.009863326326661204	0.1993490178163545	[.75,.9)
1284	public2:0_384_72	official2	0	72	val2014/COCO_val2014_000000389108.jpg	val2014/COCO_val2014_000000385103.jpg	1073	21085	27764	19267	28681	0.7594366805935744	-0.08766791381417338	0.2405633194064256	[.75,.9)
1285	public2:0_385_72	official2	0	72	val2014/COCO_val2014_000000064152.jpg	val2014/COCO_val2014_000000149298.jpg	1074	283147	373228	282041	377135	0.7586435101332162	-0.010791945043791995	0.24135648986678382	[.75,.9)
1286	public2:0_386_20	official2	0	20	val2014/COCO_val2014_000000578467.jpg	val2014/COCO_val2014_000000419344.jpg	1075	162694	188925	164687	191022	0.8611565436019585	0.000979754834870783	0.13884345639804152	[.75,.9)
1287	public2:0_387_48	official2	0	48	val2014/COCO_val2014_000000398727.jpg	val2014/COCO_val2014_000000568426.jpg	1076	170632	192499	162156	192650	0.8864046046992452	-0.044691653751931404	0.1135953953007548	[.75,.9)
1288	public2:0_388_8	official2	0	8	val2014/COCO_val2014_000000519945.jpg	val2014/COCO_val2014_000000223496.jpg	1034	77515	152039	80820	152256	0.5098362920040252	0.02098022754200246	0.49016370799597475	[.5,.75)
1289	public2:0_389_76	official2	0	76	val2014/COCO_val2014_000000194425.jpg	val2014/COCO_val2014_000000368982.jpg	1077	28383	38891	32867	39532	0.7298089532282533	0.1015934549474018	0.27019104677174666	[.5,.75)
1290	public2:0_390_44	official2	0	44	val2014/COCO_val2014_000000161129.jpg	val2014/COCO_val2014_000000460675.jpg	41	8242	17801	8274	17371	0.4630076961968429	0.013303397004469641	0.5369923038031571	[.25,.5)
1291	public2:0_391_52	official2	0	52	val2014/COCO_val2014_000000404243.jpg	val2014/COCO_val2014_000000381318.jpg	569	40024	329752	40491	333552	0.12137606443630365	1.730151563188176e-05	0.8786239355636963	[0,.25)
1292	public2:0_392_4	official2	0	4	val2014/COCO_val2014_000000148531.jpg	val2014/COCO_val2014_000000097790.jpg	1078	319120	407710	321677	410061	0.7827132030119448	0.0017481332282731632	0.2172867969880552	[.75,.9)
1293	public2:0_393_52	official2	0	52	val2014/COCO_val2014_000000556028.jpg	val2014/COCO_val2014_000000266562.jpg	1079	155805	382048	77925	382039	0.4078152483457576	-0.2038439260462018	0.5921847516542424	[.25,.5)
1294	public2:0_394_20	official2	0	20	val2014/COCO_val2014_000000196989.jpg	val2014/COCO_val2014_000000105975.jpg	1080	329436	378250	314782	377570	0.8709477858559154	-0.037242777513091574	0.12905221414408463	[.75,.9)
1295	public2:0_395_28	official2	0	28	val2014/COCO_val2014_000000580255.jpg	val2014/COCO_val2014_000000022646.jpg	1081	70342	73941	68643	73640	0.9513260572618709	-0.019183200119013755	0.04867394273812908	[.9,1]
1296	public2:0_396_4	official2	0	4	val2014/COCO_val2014_000000021496.jpg	val2014/COCO_val2014_000000418106.jpg	1082	82375	97677	88005	104632	0.8433408069453403	-0.002250127229765697	0.1566591930546597	[.75,.9)
1297	public2:0_397_76	official2	0	76	val2014/COCO_val2014_000000310493.jpg	val2014/COCO_val2014_000000116226.jpg	1046	77458	153227	61939	152594	0.5055114307530657	-0.09960425222704239	0.4944885692469343	[.5,.75)
1298	public2:0_398_36	official2	0	36	val2014/COCO_val2014_000000291551.jpg	val2014/COCO_val2014_000000037783.jpg	1083	18097	27503	19493	26782	0.6580009453514162	0.06983864840558485	0.3419990546485838	[.5,.75)
1299	public2:0_399_36	official2	0	36	val2014/COCO_val2014_000000358982.jpg	val2014/COCO_val2014_000000185838.jpg	1084	27706	60250	26758	38435	0.459850622406639	0.236337747568644	0.540149377593361	[.25,.5)
1300	public2:0_400_76	official2	0	76	val2014/COCO_val2014_000000340930.jpg	val2014/COCO_val2014_000000131847.jpg	1024	458274	770761	465107	792385	0.594573415105331	-0.007602435089303472	0.405426584894669	[.5,.75)
1301	public2:0_401_28	official2	0	28	val2014/COCO_val2014_000000092093.jpg	val2014/COCO_val2014_000000359855.jpg	1085	32891	323497	32904	167771	0.10167327672281351	0.0944512024780019	0.8983267232771865	[0,.25)
1302	public2:0_402_28	official2	0	28	val2014/COCO_val2014_000000147577.jpg	val2014/COCO_val2014_000000261318.jpg	1086	6298	36759	2248	16516	0.17133219075600534	-0.03522175239320563	0.8286678092439946	[0,.25)
1303	public2:0_403_36	official2	0	36	val2014/COCO_val2014_000000026518.jpg	val2014/COCO_val2014_000000167110.jpg	1087	224004	240506	226091	239936	0.9313863271602372	0.010910785403113077	0.06861367283976283	[.9,1]
1304	public2:0_404_76	official2	0	76	val2014/COCO_val2014_000000479508.jpg	val2014/COCO_val2014_000000414122.jpg	616	43588	64416	44590	66241	0.6766641828117238	-0.003516132510550829	0.3233358171882762	[.5,.75)
1305	public2:0_405_4	official2	0	4	val2014/COCO_val2014_000000162998.jpg	val2014/COCO_val2014_000000575896.jpg	1088	121734	142270	121044	143980	0.8556547409854502	-0.014954643749723107	0.14434525901454975	[.75,.9)
1306	public2:0_406_48	official2	0	48	val2014/COCO_val2014_000000530630.jpg	val2014/COCO_val2014_000000100547.jpg	69	99696	128393	104895	127165	0.7764909301908982	0.0483822660502059	0.2235090698091018	[.75,.9)
1307	public2:0_407_52	official2	0	52	val2014/COCO_val2014_000000432588.jpg	val2014/COCO_val2014_000000271215.jpg	103	38664	42502	37891	42857	0.9096983671356642	-0.025572086714729436	0.09030163286433579	[.9,1]
1308	public2:0_408_60	official2	0	60	val2014/COCO_val2014_000000309935.jpg	val2014/COCO_val2014_000000154884.jpg	1089	202985	264457	194957	261675	0.7675538934495967	-0.022519021948689044	0.23244610655040332	[.75,.9)
1309	public2:0_409_36	official2	0	36	val2014/COCO_val2014_000000057286.jpg	val2014/COCO_val2014_000000116202.jpg	3	14697	24509	14669	24633	0.5996572687584153	-0.00415529985491192	0.4003427312415847	[.5,.75)
1310	public2:0_410_32	official2	0	32	val2014/COCO_val2014_000000568132.jpg	val2014/COCO_val2014_000000551633.jpg	101	6205	7503	6654	7710	0.8270025323204052	0.036032487134847746	0.17299746767959479	[.75,.9)
1311	public2:0_411_72	official2	0	72	val2014/COCO_val2014_000000513037.jpg	val2014/COCO_val2014_000000073280.jpg	1090	30594	131353	32601	129290	0.23291436053991915	0.019239711700780038	0.7670856394600809	[0,.25)
1312	public2:0_412_72	official2	0	72	val2014/COCO_val2014_000000207196.jpg	val2014/COCO_val2014_000000289201.jpg	1091	7325	322308	7795	334590	0.022726708614120655	0.0005704610562221532	0.9772732913858794	[0,.25)
1313	public2:0_413_72	official2	0	72	val2014/COCO_val2014_000000540502.jpg	val2014/COCO_val2014_000000257458.jpg	1092	103728	110792	104788	112634	0.9362408838183263	-0.0059001341335064295	0.06375911618167374	[.9,1]
1314	public2:0_414_52	official2	0	52	val2014/COCO_val2014_000000313599.jpg	val2014/COCO_val2014_000000028719.jpg	1093	1315	208243	1377	220087	0.006314738070427337	-5.812136885023373e-05	0.9936852619295726	[0,.25)
1315	public2:0_415_28	official2	0	28	val2014/COCO_val2014_000000230454.jpg	val2014/COCO_val2014_000000042752.jpg	1094	1456	298437	8504	293766	0.004878751629322101	0.024069458851128326	0.995121248370678	[0,.25)
1316	public2:0_416_8	official2	0	8	val2014/COCO_val2014_000000498259.jpg	val2014/COCO_val2014_000000159402.jpg	1095	77942	95475	76312	91674	0.8163603037444357	0.016067647474012237	0.1836396962555643	[.75,.9)
1317	public2:0_417_36	official2	0	36	val2014/COCO_val2014_000000460461.jpg	val2014/COCO_val2014_000000013465.jpg	1096	8341	15645	7489	12005	0.5331415787791627	0.09068182813462322	0.4668584212208373	[.5,.75)
1318	public2:0_418_8	official2	0	8	val2014/COCO_val2014_000000422706.jpg	val2014/COCO_val2014_000000309573.jpg	1097	46524	54622	46198	48942	0.8517447182453957	0.09218891748669533	0.14825528175460434	[.75,.9)
1319	public2:0_419_28	official2	0	28	val2014/COCO_val2014_000000177952.jpg	val2014/COCO_val2014_000000312795.jpg	1098	53234	55598	52996	55495	0.9574804849095291	-0.0025115687909598172	0.042519515090470916	[.9,1]
1320	public2:0_420_24	official2	0	24	val2014/COCO_val2014_000000124210.jpg	val2014/COCO_val2014_000000050054.jpg	1099	10502	12401	10437	11912	0.8468671881299895	0.029308097296471214	0.1531328118700105	[.75,.9)
1321	public2:0_421_72	official2	0	72	val2014/COCO_val2014_000000336001.jpg	val2014/COCO_val2014_000000397322.jpg	1100	193675	199910	194284	199496	0.9688109649342204	0.005063197956263643	0.031189035065779636	[.9,1]
1322	public2:0_422_48	official2	0	48	val2014/COCO_val2014_000000341828.jpg	val2014/COCO_val2014_000000038693.jpg	1101	81562	87844	83205	88363	0.9284868630754519	0.013140288560413826	0.07151313692454808	[.9,1]
1323	public2:0_423_60	official2	0	60	val2014/COCO_val2014_000000364187.jpg	val2014/COCO_val2014_000000400347.jpg	1102	546775	1040167	525382	1046782	0.5256607833165251	-0.023758763602773847	0.4743392166834749	[.5,.75)
1324	public2:0_424_24	official2	0	24	val2014/COCO_val2014_000000405736.jpg	val2014/COCO_val2014_000000029059.jpg	583	12291	16571	11168	16791	0.7417174582101261	-0.07659924011710006	0.25828254178987387	[.5,.75)
1325	public2:0_425_28	official2	0	28	val2014/COCO_val2014_000000033441.jpg	val2014/COCO_val2014_000000549932.jpg	1103	49799	198926	68689	235742	0.2503393221599992	0.041034298153733606	0.7496606778400008	[.25,.5)
1326	public2:0_426_60	official2	0	60	val2014/COCO_val2014_000000405334.jpg	val2014/COCO_val2014_000000025603.jpg	1104	121119	1000282	105646	991769	0.12108485407115194	-0.014562064994260035	0.878915145928848	[0,.25)
1327	public2:0_427_52	official2	0	52	val2014/COCO_val2014_000000153104.jpg	val2014/COCO_val2014_000000120398.jpg	613	23781	27735	23780	27366	0.8574364521362899	0.011525032918157208	0.14256354786371006	[.75,.9)
1328	public2:0_428_64	official2	0	64	val2014/COCO_val2014_000000188311.jpg	val2014/COCO_val2014_000000248314.jpg	1105	5803	10137	5491	10587	0.5724573345171156	-0.053802380328015764	0.42754266548288444	[.5,.75)
1329	public2:0_429_68	official2	0	68	val2014/COCO_val2014_000000419653.jpg	val2014/COCO_val2014_000000577744.jpg	1106	16447	120552	16280	90211	0.13643075187470968	0.0440350449793325	0.8635692481252903	[0,.25)
1330	public2:0_430_0	official2	0	0	val2014/COCO_val2014_000000002153.jpg	val2014/COCO_val2014_000000568653.jpg	1107	59684	87005	52043	86594	0.6859835641629791	-0.08498349487411383	0.3140164358370209	[.5,.75)
1331	public2:0_431_36	official2	0	36	val2014/COCO_val2014_000000455555.jpg	val2014/COCO_val2014_000000022479.jpg	1108	16506	22021	17348	22318	0.7495572408155852	0.027752553968893756	0.25044275918441483	[.5,.75)
1332	public2:0_432_8	official2	0	8	val2014/COCO_val2014_000000563056.jpg	val2014/COCO_val2014_000000018687.jpg	1109	9381	29627	9686	34446	0.31663685152057247	-0.03544309898036463	0.6833631484794276	[.25,.5)
1333	public2:0_433_60	official2	0	60	val2014/COCO_val2014_000000305993.jpg	val2014/COCO_val2014_000000112818.jpg	1110	51339	88365	49515	75598	0.5809879477168562	0.07398969719438475	0.41901205228314375	[.5,.75)
1334	public2:0_434_4	official2	0	4	val2014/COCO_val2014_000000497875.jpg	val2014/COCO_val2014_000000022797.jpg	1111	48015	89562	30129	85919	0.5361090641120118	-0.18544157496525726	0.46389093588798824	[.5,.75)
1335	public2:0_435_20	official2	0	20	val2014/COCO_val2014_000000002315.jpg	val2014/COCO_val2014_000000159608.jpg	1112	24349	35309	24867	36220	0.6895975530318049	-0.003043163191937426	0.3104024469681951	[.5,.75)
1336	public2:0_436_20	official2	0	20	val2014/COCO_val2014_000000315178.jpg	val2014/COCO_val2014_000000014990.jpg	1113	48198	62394	49706	59822	0.7724781228964324	0.05842020882099597	0.22752187710356764	[.75,.9)
1337	public2:0_437_4	official2	0	4	val2014/COCO_val2014_000000185622.jpg	val2014/COCO_val2014_000000064510.jpg	1114	35136	41480	37016	42498	0.8470588235294118	0.023946870856206393	0.15294117647058825	[.75,.9)
1338	public2:0_438_12	official2	0	12	val2014/COCO_val2014_000000460813.jpg	val2014/COCO_val2014_000000107004.jpg	36	42711	49252	43502	51219	0.8671932104280029	-0.017859955190688614	0.1328067895719971	[.75,.9)
1339	public2:0_439_76	official2	0	76	val2014/COCO_val2014_000000562030.jpg	val2014/COCO_val2014_000000549171.jpg	1115	14410	17260	15416	18490	0.8348783314020858	-0.001130359525395641	0.16512166859791422	[.75,.9)
1340	public2:0_440_56	official2	0	56	val2014/COCO_val2014_000000387482.jpg	val2014/COCO_val2014_000000144003.jpg	1116	12891	42073	12990	23988	0.3063960259548879	0.23512473442530224	0.6936039740451121	[.25,.5)
1341	public2:0_441_8	official2	0	8	val2014/COCO_val2014_000000450620.jpg	val2014/COCO_val2014_000000513555.jpg	1117	1003	110817	58	59990	0.00905095788552298	-0.008084130080888874	0.990949042114477	[0,.25)
1342	public2:0_442_44	official2	0	44	val2014/COCO_val2014_000000392850.jpg	val2014/COCO_val2014_000000198796.jpg	431	11130	35662	11488	15033	0.31209690987605854	0.45208854878156135	0.6879030901239415	[.25,.5)
1343	public2:0_443_60	official2	0	60	val2014/COCO_val2014_000000393511.jpg	val2014/COCO_val2014_000000370207.jpg	1118	256835	453197	254439	453190	0.5667182262901123	-0.005278212168000174	0.43328177370988774	[.5,.75)
1344	public2:0_444_56	official2	0	56	val2014/COCO_val2014_000000332845.jpg	val2014/COCO_val2014_000000192616.jpg	1119	11828	13884	12048	14153	0.8519158743877845	-0.0006475920448183459	0.1480841256122155	[.75,.9)
1345	public2:0_445_24	official2	0	24	val2014/COCO_val2014_000000319579.jpg	val2014/COCO_val2014_000000478320.jpg	1120	24877	32587	25583	32615	0.7634025838524565	0.020991100035325228	0.23659741614754348	[.75,.9)
1346	public2:0_446_48	official2	0	48	val2014/COCO_val2014_000000347216.jpg	val2014/COCO_val2014_000000399452.jpg	1121	80770	140404	80735	146154	0.5752685108686362	-0.02287172391788561	0.4247314891313638	[.5,.75)
1347	public2:0_447_20	official2	0	20	val2014/COCO_val2014_000000325184.jpg	val2014/COCO_val2014_000000549268.jpg	1122	227664	244347	233076	247961	0.9317241463983598	0.008246252172383173	0.06827585360164024	[.9,1]
1348	public2:0_448_0	official2	0	0	val2014/COCO_val2014_000000072514.jpg	val2014/COCO_val2014_000000542938.jpg	1123	45398	64428	35650	60769	0.704631526665425	-0.11798372926872602	0.29536847333457505	[.5,.75)
1349	public2:0_449_0	official2	0	0	val2014/COCO_val2014_000000493321.jpg	val2014/COCO_val2014_000000015818.jpg	1124	49011	64704	43356	62634	0.7574647626112759	-0.06525286491992621	0.24253523738872407	[.75,.9)
1350	public2:1_300_65	official2	1	65	val2014/COCO_val2014_000000174511.jpg	val2014/COCO_val2014_000000460251.jpg	404	8176	82103	8691	17612	0.09958223207434563	0.3938881290430743	0.9004177679256544	[0,.25)
1351	public2:1_301_21	official2	1	21	val2014/COCO_val2014_000000547645.jpg	val2014/COCO_val2014_000000414819.jpg	1125	125346	142676	132558	143224	0.8785359836272394	0.04699325728210546	0.12146401637276061	[.75,.9)
1352	public2:1_302_57	official2	1	57	val2014/COCO_val2014_000000464462.jpg	val2014/COCO_val2014_000000056651.jpg	1126	163936	226606	164856	225210	0.7234406855952623	0.008569438289112274	0.2765593144047377	[.5,.75)
1353	public2:1_303_5	official2	1	5	val2014/COCO_val2014_000000000641.jpg	val2014/COCO_val2014_000000383389.jpg	1127	264260	294376	273241	295651	0.8976954643041553	0.026505705318135897	0.10230453569584474	[.75,.9)
1354	public2:1_304_33	official2	1	33	val2014/COCO_val2014_000000263679.jpg	val2014/COCO_val2014_000000249347.jpg	1128	121021	128406	120538	133096	0.9424871111941809	-0.036840059442062145	0.05751288880581906	[.9,1]
1355	public2:1_305_77	official2	1	77	val2014/COCO_val2014_000000338054.jpg	val2014/COCO_val2014_000000322620.jpg	1129	98169	105848	99365	109036	0.927452573501625	-0.01614805022490906	0.07254742649837498	[.9,1]
1356	public2:1_306_77	official2	1	77	val2014/COCO_val2014_000000411938.jpg	val2014/COCO_val2014_000000328745.jpg	1130	41864	48392	44208	48999	0.8651016696974707	0.03712082463914845	0.1348983303025293	[.75,.9)
1357	public2:1_307_77	official2	1	77	val2014/COCO_val2014_000000116861.jpg	val2014/COCO_val2014_000000440522.jpg	206	89717	102060	87860	101172	0.8790613364687438	-0.010639243399515164	0.12093866353125615	[.75,.9)
1358	public2:1_308_29	official2	1	29	val2014/COCO_val2014_000000113975.jpg	val2014/COCO_val2014_000000565395.jpg	1131	10039	12516	11002	15665	0.8020933205496964	-0.09976328543957835	0.1979066794503036	[.75,.9)
1359	public2:1_309_53	official2	1	53	val2014/COCO_val2014_000000418471.jpg	val2014/COCO_val2014_000000475613.jpg	1132	288108	312850	288270	309934	0.9209141761227425	0.009187071239599165	0.07908582387725749	[.9,1]
1360	public2:1_310_65	official2	1	65	val2014/COCO_val2014_000000116582.jpg	val2014/COCO_val2014_000000383420.jpg	1133	35773	38679	35054	39134	0.9248687918508751	-0.029125959531153156	0.07513120814912488	[.9,1]
1361	public2:1_311_69	official2	1	69	val2014/COCO_val2014_000000262054.jpg	val2014/COCO_val2014_000000293607.jpg	1134	71742	120924	67826	119709	0.5932817306738116	-0.02669108168334311	0.4067182693261884	[.5,.75)
1362	public2:1_312_9	official2	1	9	val2014/COCO_val2014_000000277521.jpg	val2014/COCO_val2014_000000386032.jpg	1135	24585	35228	24955	32200	0.6978823662995345	0.07711763370046554	0.3021176337004655	[.5,.75)
1363	public2:1_313_5	official2	1	5	val2014/COCO_val2014_000000233527.jpg	val2014/COCO_val2014_000000577024.jpg	1136	265439	320946	290456	324755	0.8270519028123111	0.06733309510919894	0.1729480971876889	[.75,.9)
1364	public2:1_314_49	official2	1	49	val2014/COCO_val2014_000000549635.jpg	val2014/COCO_val2014_000000169111.jpg	469	17592	45990	17822	45608	0.38251793868232226	0.008246839426781394	0.6174820613176777	[.25,.5)
1365	public2:1_315_41	official2	1	41	val2014/COCO_val2014_000000114861.jpg	val2014/COCO_val2014_000000305343.jpg	1137	5083	332776	6698	359397	0.015274539029256918	0.003362233119648053	0.9847254609707431	[0,.25)
1366	public2:1_316_17	official2	1	17	val2014/COCO_val2014_000000570695.jpg	val2014/COCO_val2014_000000208031.jpg	1138	7251	9499	8634	12266	0.7633435098431414	-0.059446558921895654	0.23665649015685863	[.75,.9)
1367	public2:1_317_25	official2	1	25	val2014/COCO_val2014_000000488693.jpg	val2014/COCO_val2014_000000419453.jpg	1139	80829	91856	80360	91426	0.8799534053300818	-0.0009911845176214795	0.12004659466991818	[.75,.9)
1368	public2:1_318_73	official2	1	73	val2014/COCO_val2014_000000392642.jpg	val2014/COCO_val2014_000000389624.jpg	1140	20980	59349	20812	58511	0.3535021651586379	0.002191636006954878	0.6464978348413621	[.25,.5)
1369	public2:1_319_65	official2	1	65	val2014/COCO_val2014_000000499134.jpg	val2014/COCO_val2014_000000195086.jpg	1133	5604	77163	0	56262	0.07262548112437309	-0.07262548112437309	0.9273745188756269	[0,.25)
1370	public2:1_320_61	official2	1	61	val2014/COCO_val2014_000000385001.jpg	val2014/COCO_val2014_000000047938.jpg	1141	75892	82291	77053	82844	0.9222393700404662	0.007858162671619207	0.07776062995953381	[.9,1]
1371	public2:1_321_65	official2	1	65	val2014/COCO_val2014_000000289941.jpg	val2014/COCO_val2014_000000359965.jpg	1142	14391	17052	14904	17332	0.8439479239971851	0.015964376949041514	0.1560520760028149	[.75,.9)
1372	public2:1_322_9	official2	1	9	val2014/COCO_val2014_000000516476.jpg	val2014/COCO_val2014_000000240173.jpg	1143	7300	69198	7195	63845	0.10549437845024423	0.007200429287245	0.8945056215497558	[0,.25)
1373	public2:1_323_57	official2	1	57	val2014/COCO_val2014_000000040018.jpg	val2014/COCO_val2014_000000483525.jpg	1144	221969	265635	224158	262733	0.8356165414949084	0.017561399608797656	0.16438345850509162	[.75,.9)
1374	public2:1_324_5	official2	1	5	val2014/COCO_val2014_000000528786.jpg	val2014/COCO_val2014_000000217886.jpg	1145	74923	81199	75635	83906	0.9227084077390115	-0.021283003119556443	0.07729159226098847	[.9,1]
1375	public2:1_325_73	official2	1	73	val2014/COCO_val2014_000000431047.jpg	val2014/COCO_val2014_000000293228.jpg	1146	39191	87974	41078	46151	0.44548389296837704	0.4445943285219482	0.5545161070316229	[.25,.5)
1376	public2:1_326_77	official2	1	77	val2014/COCO_val2014_000000504353.jpg	val2014/COCO_val2014_000000151184.jpg	1147	320726	401387	328485	405040	0.7990443138417537	0.011949662061860766	0.20095568615824633	[.75,.9)
1377	public2:1_327_5	official2	1	5	val2014/COCO_val2014_000000362343.jpg	val2014/COCO_val2014_000000132336.jpg	1148	9526	43288	9466	11486	0.22006098687858067	0.6040727411381354	0.7799390131214193	[0,.25)
1378	public2:1_328_45	official2	1	45	val2014/COCO_val2014_000000370170.jpg	val2014/COCO_val2014_000000276127.jpg	1149	580343	892120	573784	894747	0.6505212303277585	-0.009240510750045505	0.34947876967224145	[.5,.75)
1379	public2:1_329_73	official2	1	73	val2014/COCO_val2014_000000166521.jpg	val2014/COCO_val2014_000000127865.jpg	1150	11894	53756	11024	44230	0.22125902224867922	0.027983573274721202	0.7787409777513208	[0,.25)
1380	public2:1_330_37	official2	1	37	val2014/COCO_val2014_000000443053.jpg	val2014/COCO_val2014_000000256067.jpg	1151	20805	32586	19246	33106	0.6384643712023569	-0.05711959986181436	0.3615356287976431	[.5,.75)
1381	public2:1_331_61	official2	1	61	val2014/COCO_val2014_000000304389.jpg	val2014/COCO_val2014_000000412996.jpg	1012	20367	35857	20367	42703	0.5680062470368408	-0.09106083336567011	0.4319937529631592	[.5,.75)
1382	public2:1_332_53	official2	1	53	val2014/COCO_val2014_000000274063.jpg	val2014/COCO_val2014_000000434043.jpg	1152	589373	963382	561229	965648	0.6117749760738731	-0.03058079351459686	0.3882250239261269	[.5,.75)
1383	public2:1_333_37	official2	1	37	val2014/COCO_val2014_000000193504.jpg	val2014/COCO_val2014_000000329498.jpg	710	10146	13581	11990	14331	0.747073116854429	0.08957470953591362	0.252926883145571	[.5,.75)
1384	public2:1_334_61	official2	1	61	val2014/COCO_val2014_000000210467.jpg	val2014/COCO_val2014_000000023666.jpg	1153	299678	335693	291098	336316	0.8927144742368771	-0.02716540728793626	0.10728552576312289	[.75,.9)
1385	public2:1_335_13	official2	1	13	val2014/COCO_val2014_000000351683.jpg	val2014/COCO_val2014_000000139475.jpg	1154	69947	518907	71269	485592	0.13479679403052955	0.01197045089937046	0.8652032059694704	[0,.25)
1386	public2:1_336_49	official2	1	49	val2014/COCO_val2014_000000008473.jpg	val2014/COCO_val2014_000000034915.jpg	775	644511	678002	651169	679485	0.9506033905504704	0.007723872008673638	0.049396609449529616	[.9,1]
1387	public2:1_337_1	official2	1	1	val2014/COCO_val2014_000000370208.jpg	val2014/COCO_val2014_000000223874.jpg	1155	225982	300700	235372	301528	0.7515197871632857	0.029077702953718365	0.2484802128367143	[.75,.9)
1388	public2:1_338_5	official2	1	5	val2014/COCO_val2014_000000188817.jpg	val2014/COCO_val2014_000000444703.jpg	1156	113129	314935	132897	315230	0.35921380602346514	0.0623736063421092	0.6407861939765349	[.25,.5)
1389	public2:1_339_53	official2	1	53	val2014/COCO_val2014_000000358075.jpg	val2014/COCO_val2014_000000062244.jpg	61	166160	221252	159598	207285	0.750998861027245	0.018945901015353317	0.249001138972755	[.75,.9)
1390	public2:1_340_69	official2	1	69	val2014/COCO_val2014_000000340511.jpg	val2014/COCO_val2014_000000479909.jpg	1157	35445	95200	35664	85444	0.3723214285714286	0.045074760745550946	0.6276785714285714	[.25,.5)
1391	public2:1_341_13	official2	1	13	val2014/COCO_val2014_000000126324.jpg	val2014/COCO_val2014_000000216369.jpg	1158	311165	639312	304560	637120	0.4867185349250444	-0.008692417396164442	0.5132814650749555	[.25,.5)
1392	public2:1_342_45	official2	1	45	val2014/COCO_val2014_000000124759.jpg	val2014/COCO_val2014_000000043261.jpg	60	122578	313494	112240	296128	0.39100588846995477	-0.011980602107300786	0.6089941115300452	[.25,.5)
1393	public2:1_343_5	official2	1	5	val2014/COCO_val2014_000000190406.jpg	val2014/COCO_val2014_000000248396.jpg	880	294352	314411	299561	315087	0.936201341556116	0.014523378917911778	0.063798658443884	[.9,1]
1394	public2:1_344_17	official2	1	17	val2014/COCO_val2014_000000244060.jpg	val2014/COCO_val2014_000000295194.jpg	1159	231396	363689	245167	362986	0.6362469032607531	0.03917033046175966	0.36375309673924694	[.5,.75)
1395	public2:1_345_77	official2	1	77	val2014/COCO_val2014_000000033066.jpg	val2014/COCO_val2014_000000521967.jpg	1160	127949	197279	128511	180516	0.648568778227789	0.06334041541709567	0.351431221772211	[.5,.75)
1396	public2:1_346_5	official2	1	5	val2014/COCO_val2014_000000007325.jpg	val2014/COCO_val2014_000000088225.jpg	1161	96312	154938	137485	152831	0.6216163884908802	0.27797204579274026	0.3783836115091198	[.5,.75)
1397	public2:1_347_17	official2	1	17	val2014/COCO_val2014_000000100510.jpg	val2014/COCO_val2014_000000251741.jpg	251	90532	127382	91089	127682	0.7107126595594354	0.0026925189308764086	0.2892873404405646	[.5,.75)
1398	public2:1_348_21	official2	1	21	val2014/COCO_val2014_000000090075.jpg	val2014/COCO_val2014_000000027272.jpg	1162	26868	32571	28388	33031	0.8249055908630377	0.0345294852775575	0.17509440913696228	[.75,.9)
1399	public2:1_349_49	official2	1	49	val2014/COCO_val2014_000000270609.jpg	val2014/COCO_val2014_000000025202.jpg	1163	73687	82823	74708	83556	0.8896924767274791	0.004414469512168617	0.11030752327252091	[.75,.9)
1400	public2:1_350_9	official2	1	9	val2014/COCO_val2014_000000372471.jpg	val2014/COCO_val2014_000000450324.jpg	1164	38876	50425	39333	47911	0.7709667823500248	0.0499929137531665	0.2290332176499752	[.75,.9)
1401	public2:1_351_17	official2	1	17	val2014/COCO_val2014_000000132408.jpg	val2014/COCO_val2014_000000572453.jpg	1165	113522	139253	106111	137541	0.8152212160599772	-0.04373489561734556	0.18477878394002278	[.75,.9)
1402	public2:1_352_53	official2	1	53	val2014/COCO_val2014_000000409985.jpg	val2014/COCO_val2014_000000059201.jpg	1166	96614	231625	108150	233171	0.4171138694009714	0.04670881866915738	0.5828861305990286	[.25,.5)
1403	public2:1_353_17	official2	1	17	val2014/COCO_val2014_000000256470.jpg	val2014/COCO_val2014_000000287235.jpg	1167	170620	187665	174706	187794	0.9091732608637733	0.021133351701058456	0.09082673913622674	[.9,1]
1404	public2:1_354_29	official2	1	29	val2014/COCO_val2014_000000182339.jpg	val2014/COCO_val2014_000000301541.jpg	1168	15421	21112	17724	20949	0.7304376657824934	0.11561703849933391	0.26956233421750664	[.5,.75)
1405	public2:1_355_65	official2	1	65	val2014/COCO_val2014_000000522235.jpg	val2014/COCO_val2014_000000508167.jpg	1169	26586	69550	26635	49825	0.3822573687994249	0.15231362969530665	0.6177426312005752	[.25,.5)
1406	public2:1_356_69	official2	1	69	val2014/COCO_val2014_000000303647.jpg	val2014/COCO_val2014_000000014629.jpg	1170	182082	261247	183957	286956	0.6969725968145088	-0.055909158517348345	0.30302740318549115	[.5,.75)
1407	public2:1_357_53	official2	1	53	val2014/COCO_val2014_000000534554.jpg	val2014/COCO_val2014_000000016733.jpg	1171	404062	478955	421433	483095	0.8436324915701893	0.02872801723242724	0.15636750842981073	[.75,.9)
1408	public2:1_358_49	official2	1	49	val2014/COCO_val2014_000000135399.jpg	val2014/COCO_val2014_000000335148.jpg	1172	7226	239339	6821	210476	0.030191485716911996	0.0022160096744865514	0.969808514283088	[0,.25)
1409	public2:1_359_17	official2	1	17	val2014/COCO_val2014_000000228914.jpg	val2014/COCO_val2014_000000074460.jpg	1173	168937	210698	170506	209206	0.8017968846405756	0.013217981089852726	0.19820311535942436	[.75,.9)
1410	public2:1_360_57	official2	1	57	val2014/COCO_val2014_000000036942.jpg	val2014/COCO_val2014_000000549230.jpg	198	237474	276959	235710	276597	0.8574337717857156	-0.005255331672482266	0.14256622821428444	[.75,.9)
1411	public2:1_361_21	official2	1	21	val2014/COCO_val2014_000000490720.jpg	val2014/COCO_val2014_000000375015.jpg	1174	41788	44762	42454	46436	0.9335597158303919	-0.019312149287192604	0.06644028416960812	[.9,1]
1412	public2:1_362_13	official2	1	13	val2014/COCO_val2014_000000359589.jpg	val2014/COCO_val2014_000000347210.jpg	1175	213627	238678	215152	238860	0.8950426935033812	0.005702512893671519	0.10495730649661883	[.75,.9)
1413	public2:1_363_61	official2	1	61	val2014/COCO_val2014_000000559440.jpg	val2014/COCO_val2014_000000431355.jpg	1176	149753	156568	152502	157651	0.956472586990956	0.010866662363630986	0.04352741300904395	[.9,1]
1414	public2:1_364_1	official2	1	1	val2014/COCO_val2014_000000291179.jpg	val2014/COCO_val2014_000000327663.jpg	1177	97975	193455	102154	195182	0.506448528081466	0.01692965228352672	0.493551471918534	[.5,.75)
1415	public2:1_365_29	official2	1	29	val2014/COCO_val2014_000000254074.jpg	val2014/COCO_val2014_000000284772.jpg	1178	15920	17674	15782	18067	0.9007581758515333	-0.027231857148926286	0.09924182414846672	[.9,1]
1416	public2:1_366_65	official2	1	65	val2014/COCO_val2014_000000205370.jpg	val2014/COCO_val2014_000000004092.jpg	206	5676	19212	5303	15763	0.2954403497813866	0.04098038231275791	0.7045596502186133	[.25,.5)
1417	public2:1_367_33	official2	1	33	val2014/COCO_val2014_000000132136.jpg	val2014/COCO_val2014_000000386638.jpg	1179	40748	59416	42439	116969	0.685808536421166	-0.3229859082034331	0.314191463578834	[.5,.75)
1418	public2:1_368_5	official2	1	5	val2014/COCO_val2014_000000424464.jpg	val2014/COCO_val2014_000000228306.jpg	707	92949	336313	90701	374170	0.27637647072816096	-0.033970612428457614	0.723623529271839	[.25,.5)
1419	public2:1_369_49	official2	1	49	val2014/COCO_val2014_000000224289.jpg	val2014/COCO_val2014_000000349485.jpg	775	15613	129637	14613	125118	0.12043629519350185	-0.0036425484903895855	0.8795637048064981	[0,.25)
1420	public2:1_370_49	official2	1	49	val2014/COCO_val2014_000000050896.jpg	val2014/COCO_val2014_000000296303.jpg	1180	366998	393159	372012	401046	0.9334594909438675	-0.005855176226852499	0.06654050905613251	[.9,1]
1421	public2:1_371_45	official2	1	45	val2014/COCO_val2014_000000047149.jpg	val2014/COCO_val2014_000000117466.jpg	246	547861	596177	555425	596813	0.9189569540589456	0.011694690593566981	0.08104304594105438	[.9,1]
1422	public2:1_372_61	official2	1	61	val2014/COCO_val2014_000000304447.jpg	val2014/COCO_val2014_000000163258.jpg	1181	86002	100852	86660	100990	0.8527545313925355	0.005350231455271137	0.14724546860746446	[.75,.9)
1423	public2:1_373_77	official2	1	77	val2014/COCO_val2014_000000128813.jpg	val2014/COCO_val2014_000000171107.jpg	1182	212365	229603	214419	231539	0.9249225837641494	0.001137388853854504	0.07507741623585062	[.9,1]
1424	public2:1_374_77	official2	1	77	val2014/COCO_val2014_000000153343.jpg	val2014/COCO_val2014_000000459449.jpg	1183	90863	193596	89933	193568	0.469343374863117	-0.004736621680772823	0.5306566251368829	[.25,.5)
1425	public2:1_375_53	official2	1	53	val2014/COCO_val2014_000000054683.jpg	val2014/COCO_val2014_000000229713.jpg	1184	44937	56857	45817	59530	0.7903512320382714	-0.020705675176185045	0.2096487679617286	[.75,.9)
1426	public2:1_376_1	official2	1	1	val2014/COCO_val2014_000000101762.jpg	val2014/COCO_val2014_000000435069.jpg	1185	193518	445863	191273	448388	0.43403018415970823	-0.007450971513517868	0.5659698158402917	[.25,.5)
1427	public2:1_377_33	official2	1	33	val2014/COCO_val2014_000000127074.jpg	val2014/COCO_val2014_000000475917.jpg	1186	45920	64113	38570	57890	0.7162353968773884	-0.04997179349165681	0.28376460312261165	[.5,.75)
1428	public2:1_378_73	official2	1	73	val2014/COCO_val2014_000000488563.jpg	val2014/COCO_val2014_000000210795.jpg	280	4641	56314	0	57650	0.08241289910146678	-0.08241289910146678	0.9175871008985332	[0,.25)
1429	public2:1_379_17	official2	1	17	val2014/COCO_val2014_000000123627.jpg	val2014/COCO_val2014_000000568765.jpg	1187	66455	91029	64276	95508	0.7300420745037296	-0.057051330272879786	0.2699579254962704	[.5,.75)
1430	public2:1_380_53	official2	1	53	val2014/COCO_val2014_000000141821.jpg	val2014/COCO_val2014_000000236762.jpg	1188	347906	428427	397708	428835	0.8120543289755314	0.11536064414933012	0.18794567102446857	[.75,.9)
1431	public2:1_381_45	official2	1	45	val2014/COCO_val2014_000000573149.jpg	val2014/COCO_val2014_000000537671.jpg	489	0	36630	0	40712	0.0	0.0	1.0	[0,.25)
1432	public2:1_382_17	official2	1	17	val2014/COCO_val2014_000000465879.jpg	val2014/COCO_val2014_000000196839.jpg	1189	126862	152708	126320	154462	0.8307488802158368	-0.012942558919984082	0.16925111978416318	[.75,.9)
1433	public2:1_383_25	official2	1	25	val2014/COCO_val2014_000000114946.jpg	val2014/COCO_val2014_000000230993.jpg	1190	35248	40248	36380	41247	0.8757702246074339	0.006233315043934651	0.12422977539256608	[.75,.9)
1434	public2:1_384_69	official2	1	69	val2014/COCO_val2014_000000199575.jpg	val2014/COCO_val2014_000000204044.jpg	360	52720	108620	53470	113673	0.48536181182102744	-0.014977463734850427	0.5146381881789726	[.25,.5)
1435	public2:1_385_73	official2	1	73	val2014/COCO_val2014_000000040426.jpg	val2014/COCO_val2014_000000222512.jpg	927	19631	26448	19940	21474	0.7422489413188142	0.18631583468938173	0.25775105868118575	[.5,.75)
1436	public2:1_386_9	official2	1	9	val2014/COCO_val2014_000000206290.jpg	val2014/COCO_val2014_000000273918.jpg	730	85591	92633	84701	90972	0.9239795753133333	0.007087126528991794	0.0760204246866667	[.9,1]
1437	public2:1_387_61	official2	1	61	val2014/COCO_val2014_000000263474.jpg	val2014/COCO_val2014_000000542527.jpg	1191	199921	287719	198711	288394	0.6948480983181506	-0.0058219743349887665	0.30515190168184936	[.5,.75)
1438	public2:1_388_61	official2	1	61	val2014/COCO_val2014_000000388581.jpg	val2014/COCO_val2014_000000314328.jpg	1192	126998	133241	126795	133590	0.9531450529491673	-0.004009638621747524	0.04685494705083271	[.9,1]
1439	public2:1_389_37	official2	1	37	val2014/COCO_val2014_000000273079.jpg	val2014/COCO_val2014_000000305376.jpg	267	7035	13001	6585	12666	0.5411122221367587	-0.02121643814812768	0.4588877778632413	[.5,.75)
1440	public2:1_390_5	official2	1	5	val2014/COCO_val2014_000000218208.jpg	val2014/COCO_val2014_000000433124.jpg	152	80901	131850	82605	94890	0.6135836177474403	0.2569506851295752	0.3864163822525597	[.5,.75)
1441	public2:1_391_73	official2	1	73	val2014/COCO_val2014_000000100726.jpg	val2014/COCO_val2014_000000030361.jpg	1029	14098	82217	13289	79962	0.17147305301823224	-0.005281612083788384	0.8285269469817678	[0,.25)
1442	public2:1_392_29	official2	1	29	val2014/COCO_val2014_000000139883.jpg	val2014/COCO_val2014_000000178616.jpg	1193	48487	60281	46753	58190	0.8043496292364095	-0.0008954274835309972	0.1956503707635905	[.75,.9)
1443	public2:1_393_1	official2	1	1	val2014/COCO_val2014_000000418523.jpg	val2014/COCO_val2014_000000330098.jpg	1194	37046	52856	28155	50801	0.70088542454972	-0.14666405095471202	0.29911457545028	[.5,.75)
1444	public2:1_394_33	official2	1	33	val2014/COCO_val2014_000000421865.jpg	val2014/COCO_val2014_000000412587.jpg	1195	15860	34375	17920	40295	0.46138181818181817	-0.01666162957280959	0.5386181818181819	[.25,.5)
1445	public2:1_395_45	official2	1	45	val2014/COCO_val2014_000000303413.jpg	val2014/COCO_val2014_000000574138.jpg	1196	8759	48488	8733	48711	0.18064263322884014	-0.0013607461807401133	0.8193573667711599	[0,.25)
1446	public2:1_396_53	official2	1	53	val2014/COCO_val2014_000000541965.jpg	val2014/COCO_val2014_000000358039.jpg	193	62443	84795	63820	86587	0.7363995518603691	0.0006625937273057048	0.2636004481396309	[.5,.75)
1447	public2:1_397_45	official2	1	45	val2014/COCO_val2014_000000277025.jpg	val2014/COCO_val2014_000000370170.jpg	1149	12512	196161	3521	197680	0.06378434041425156	-0.04597272568337337	0.9362156595857485	[0,.25)
1448	public2:1_398_25	official2	1	25	val2014/COCO_val2014_000000110313.jpg	val2014/COCO_val2014_000000146363.jpg	1197	15640	22784	15488	21415	0.6864466292134831	0.03678475066043707	0.3135533707865169	[.5,.75)
1449	public2:1_399_9	official2	1	9	val2014/COCO_val2014_000000275027.jpg	val2014/COCO_val2014_000000288799.jpg	1198	14574	27087	14247	27734	0.5380440801860671	-0.024342486474377423	0.4619559198139329	[.5,.75)
1450	public2:1_400_5	official2	1	5	val2014/COCO_val2014_000000301397.jpg	val2014/COCO_val2014_000000201496.jpg	1199	16109	64641	15272	66008	0.2492071595427051	-0.017841264499679987	0.7507928404572949	[0,.25)
1451	public2:1_401_41	official2	1	41	val2014/COCO_val2014_000000154193.jpg	val2014/COCO_val2014_000000024734.jpg	1200	41548	46986	42106	49180	0.884263397607798	-0.02810235653419091	0.11573660239220196	[.75,.9)
1452	public2:1_402_61	official2	1	61	val2014/COCO_val2014_000000047559.jpg	val2014/COCO_val2014_000000000939.jpg	970	32058	36864	31934	36594	0.86962890625	0.003027813430822035	0.13037109375	[.75,.9)
1453	public2:1_403_1	official2	1	1	val2014/COCO_val2014_000000398450.jpg	val2014/COCO_val2014_000000494014.jpg	1201	10257	17530	8650	15309	0.5851112378779235	-0.020084129640938753	0.4148887621220765	[.5,.75)
1454	public2:1_404_45	official2	1	45	val2014/COCO_val2014_000000410735.jpg	val2014/COCO_val2014_000000554392.jpg	759	58495	572311	44194	560689	0.10220841465566799	-0.0233875353446774	0.897791585344332	[0,.25)
1455	public2:1_405_21	official2	1	21	val2014/COCO_val2014_000000011364.jpg	val2014/COCO_val2014_000000521231.jpg	1202	15962	19673	16751	21065	0.811365831342449	-0.016160514466113884	0.188634168657551	[.75,.9)
1456	public2:1_406_9	official2	1	9	val2014/COCO_val2014_000000001779.jpg	val2014/COCO_val2014_000000124952.jpg	1203	18367	87018	18204	23122	0.21107127261026454	0.5762308638831184	0.7889287273897354	[0,.25)
1457	public2:1_407_17	official2	1	17	val2014/COCO_val2014_000000566274.jpg	val2014/COCO_val2014_000000156834.jpg	1204	98138	159224	98564	163919	0.6163518062603628	-0.015054824214352225	0.3836481937396372	[.5,.75)
1458	public2:1_408_5	official2	1	5	val2014/COCO_val2014_000000068520.jpg	val2014/COCO_val2014_000000474526.jpg	1205	186871	201793	191065	202909	0.9260529354338357	0.015576070672349784	0.07394706456616429	[.9,1]
1459	public2:1_409_61	official2	1	61	val2014/COCO_val2014_000000545162.jpg	val2014/COCO_val2014_000000106038.jpg	1206	9560	38325	9519	17870	0.24944553163731245	0.2832349384242433	0.7505544683626876	[0,.25)
1460	public2:1_410_57	official2	1	57	val2014/COCO_val2014_000000209145.jpg	val2014/COCO_val2014_000000277197.jpg	1207	11008	15970	11066	56840	0.6892924232936757	-0.494605583040333	0.3107075767063243	[.5,.75)
1461	public2:1_411_25	official2	1	25	val2014/COCO_val2014_000000449412.jpg	val2014/COCO_val2014_000000147879.jpg	1208	252505	260512	252375	261011	0.9692643716988085	-0.002351099844365656	0.030735628301191475	[.9,1]
1462	public2:1_412_21	official2	1	21	val2014/COCO_val2014_000000250365.jpg	val2014/COCO_val2014_000000292435.jpg	1209	41285	74617	35663	72775	0.5532921452215983	-0.0632474870285375	0.4467078547784017	[.5,.75)
1463	public2:1_413_57	official2	1	57	val2014/COCO_val2014_000000434417.jpg	val2014/COCO_val2014_000000100848.jpg	1210	188584	230474	193179	228318	0.818244140336871	0.027852093862797855	0.18175585966312902	[.75,.9)
1464	public2:1_414_37	official2	1	37	val2014/COCO_val2014_000000313762.jpg	val2014/COCO_val2014_000000028194.jpg	1211	37586	40706	38645	41497	0.9233528226797032	0.007919317475006737	0.0766471773202968	[.9,1]
1465	public2:1_415_1	official2	1	1	val2014/COCO_val2014_000000258472.jpg	val2014/COCO_val2014_000000072810.jpg	1212	19799	45767	15309	42123	0.43260427819171016	-0.06916862546042324	0.5673957218082899	[.25,.5)
1466	public2:1_416_61	official2	1	61	val2014/COCO_val2014_000000430287.jpg	val2014/COCO_val2014_000000331698.jpg	1213	47389	58554	44714	56128	0.8093213102435359	-0.012677923698496074	0.19067868975646407	[.75,.9)
1467	public2:1_417_13	official2	1	13	val2014/COCO_val2014_000000075344.jpg	val2014/COCO_val2014_000000349642.jpg	1214	13349	57121	12388	18749	0.23369688906006547	0.42703168313045137	0.7663031109399345	[0,.25)
1468	public2:1_418_69	official2	1	69	val2014/COCO_val2014_000000271897.jpg	val2014/COCO_val2014_000000163518.jpg	191	50647	451794	52944	451794	0.11210197567918122	0.005084175531326229	0.8878980243208188	[0,.25)
1469	public2:1_419_73	official2	1	73	val2014/COCO_val2014_000000387990.jpg	val2014/COCO_val2014_000000227359.jpg	1215	19774	63636	17687	62959	0.310736061348922	-0.029807202885477557	0.6892639386510779	[.25,.5)
1470	public2:1_420_77	official2	1	77	val2014/COCO_val2014_000000208844.jpg	val2014/COCO_val2014_000000412483.jpg	1216	60814	86450	61318	66193	0.7034586466165413	0.2228930824182509	0.29654135338345866	[.5,.75)
1471	public2:1_421_33	official2	1	33	val2014/COCO_val2014_000000574487.jpg	val2014/COCO_val2014_000000018073.jpg	1217	11049	40517	8077	39320	0.2727003480020732	-0.06728325746290739	0.7272996519979268	[.25,.5)
1472	public2:1_422_29	official2	1	29	val2014/COCO_val2014_000000113975.jpg	val2014/COCO_val2014_000000165012.jpg	1131	9744	12319	10603	14566	0.7909732932867928	-0.06304524165971603	0.20902670671320722	[.75,.9)
1473	public2:1_423_73	official2	1	73	val2014/COCO_val2014_000000522235.jpg	val2014/COCO_val2014_000000469152.jpg	1169	14821	272676	14597	287290	0.054353885197083715	-0.0035445984136941097	0.9456461148029163	[0,.25)
1474	public2:1_424_25	official2	1	25	val2014/COCO_val2014_000000277812.jpg	val2014/COCO_val2014_000000441432.jpg	1218	109237	216867	118735	190950	0.5037050358053553	0.11810695686288242	0.4962949641946447	[.5,.75)
1475	public2:1_425_29	official2	1	29	val2014/COCO_val2014_000000509471.jpg	val2014/COCO_val2014_000000298362.jpg	230	7003	7728	7200	8238	0.9061853002070394	-0.032186756871278255	0.09381469979296064	[.9,1]
1476	public2:1_426_13	official2	1	13	val2014/COCO_val2014_000000364439.jpg	val2014/COCO_val2014_000000112867.jpg	1219	12778	146487	18802	108633	0.08722958351253013	0.08584857874019233	0.9127704164874699	[0,.25)
1477	public2:1_427_61	official2	1	61	val2014/COCO_val2014_000000447038.jpg	val2014/COCO_val2014_000000555677.jpg	1220	17640	246220	18737	255619	0.07164324587767038	0.0016572521291288028	0.9283567541223297	[0,.25)
1478	public2:1_428_41	official2	1	41	val2014/COCO_val2014_000000316666.jpg	val2014/COCO_val2014_000000561004.jpg	1221	5130	74264	1891	59321	0.0690778843046429	-0.0372004715840212	0.9309221156953571	[0,.25)
1479	public2:1_429_53	official2	1	53	val2014/COCO_val2014_000000092861.jpg	val2014/COCO_val2014_000000212766.jpg	203	324206	392851	332919	400064	0.8252645405000878	0.006899813203319671	0.1747354594999122	[.75,.9)
1480	public2:1_430_37	official2	1	37	val2014/COCO_val2014_000000020179.jpg	val2014/COCO_val2014_000000524173.jpg	1222	114364	120672	114079	123881	0.947726067356139	-0.026850388277022685	0.05227393264386104	[.9,1]
1481	public2:1_431_5	official2	1	5	val2014/COCO_val2014_000000531796.jpg	val2014/COCO_val2014_000000159320.jpg	1223	58607	82784	59733	87118	0.707950811751063	-0.022294575382000303	0.292049188248937	[.5,.75)
1482	public2:1_432_45	official2	1	45	val2014/COCO_val2014_000000336872.jpg	val2014/COCO_val2014_000000121210.jpg	217	299034	836726	260565	819595	0.357385810886718	-0.039466594688473744	0.6426141891132819	[.25,.5)
1483	public2:1_433_61	official2	1	61	val2014/COCO_val2014_000000352584.jpg	val2014/COCO_val2014_000000152298.jpg	1224	151708	272825	153371	272590	0.5560634106111977	0.006580119965859388	0.4439365893888023	[.5,.75)
1484	public2:1_434_29	official2	1	29	val2014/COCO_val2014_000000475439.jpg	val2014/COCO_val2014_000000139883.jpg	1193	96648	102281	99901	103696	0.944926232633627	0.01847640584808885	0.05507376736637304	[.9,1]
1485	public2:1_435_5	official2	1	5	val2014/COCO_val2014_000000446206.jpg	val2014/COCO_val2014_000000220041.jpg	1225	49555	154314	49663	109088	0.32113094080899984	0.13412536602584907	0.6788690591910002	[.25,.5)
1486	public2:1_436_49	official2	1	49	val2014/COCO_val2014_000000022090.jpg	val2014/COCO_val2014_000000513342.jpg	269	528945	544438	528863	546013	0.9715431325513649	-0.002952641116179322	0.02845686744863507	[.9,1]
1487	public2:1_437_65	official2	1	65	val2014/COCO_val2014_000000116582.jpg	val2014/COCO_val2014_000000195086.jpg	1133	35236	38200	35495	39406	0.9224083769633508	-0.02165722231685019	0.07759162303664924	[.9,1]
1488	public2:1_438_41	official2	1	41	val2014/COCO_val2014_000000173340.jpg	val2014/COCO_val2014_000000126744.jpg	1051	4080	10157	4080	10202	0.4016934134094713	-0.0017718294063346351	0.5983065865905287	[.25,.5)
1489	public2:1_439_45	official2	1	45	val2014/COCO_val2014_000000247790.jpg	val2014/COCO_val2014_000000574241.jpg	1226	8124	11144	7886	10436	0.7290021536252692	0.026651353465570238	0.2709978463747308	[.5,.75)
1490	public2:1_440_37	official2	1	37	val2014/COCO_val2014_000000105996.jpg	val2014/COCO_val2014_000000241620.jpg	1227	26744	32939	27279	32661	0.8119250736209357	0.023291239412957965	0.1880749263790643	[.75,.9)
1491	public2:1_441_13	official2	1	13	val2014/COCO_val2014_000000505157.jpg	val2014/COCO_val2014_000000544876.jpg	1228	10318	16265	9938	15249	0.6343682754380572	0.01734659111056891	0.3656317245619428	[.5,.75)
1492	public2:1_442_57	official2	1	57	val2014/COCO_val2014_000000418578.jpg	val2014/COCO_val2014_000000063521.jpg	1229	338279	520683	359718	516338	0.6496832045601643	0.046988355541939364	0.35031679543983574	[.5,.75)
1493	public2:1_443_73	official2	1	73	val2014/COCO_val2014_000000357992.jpg	val2014/COCO_val2014_000000205863.jpg	844	14059	84747	14329	40324	0.16589377795084193	0.18945291384560686	0.8341062220491581	[0,.25)
1494	public2:1_444_61	official2	1	61	val2014/COCO_val2014_000000437910.jpg	val2014/COCO_val2014_000000193251.jpg	725	47900	55049	46726	52010	0.8701338807244455	0.028270272323045353	0.12986611927555447	[.75,.9)
1495	public2:1_445_77	official2	1	77	val2014/COCO_val2014_000000114503.jpg	val2014/COCO_val2014_000000523315.jpg	1230	220900	311390	225998	313676	0.7093997880471434	0.011082493032696927	0.29060021195285657	[.5,.75)
1496	public2:1_446_9	official2	1	9	val2014/COCO_val2014_000000429710.jpg	val2014/COCO_val2014_000000157019.jpg	1231	9182	15299	8156	14381	0.6001699457480881	-0.0330327508381375	0.39983005425191187	[.5,.75)
1497	public2:1_447_9	official2	1	9	val2014/COCO_val2014_000000185721.jpg	val2014/COCO_val2014_000000178156.jpg	1232	17781	33774	18584	32423	0.5264700657310357	0.046703298855831576	0.4735299342689643	[.5,.75)
1498	public2:1_448_37	official2	1	37	val2014/COCO_val2014_000000529939.jpg	val2014/COCO_val2014_000000516345.jpg	1233	123098	161602	111209	153952	0.7617356220838851	-0.03937410680639608	0.23826437791611488	[.75,.9)
1499	public2:1_449_33	official2	1	33	val2014/COCO_val2014_000000236505.jpg	val2014/COCO_val2014_000000381106.jpg	1234	8298	11043	8975	11797	0.7514262428687857	0.009360397802571474	0.24857375713121432	[.75,.9)
1500	public2:2_300_6	official2	2	6	val2014/COCO_val2014_000000408439.jpg	val2014/COCO_val2014_000000367511.jpg	1235	8112	99491	8722	62780	0.08153501321727594	0.05739458219527582	0.918464986782724	[0,.25)
1501	public2:2_301_6	official2	2	6	val2014/COCO_val2014_000000539143.jpg	val2014/COCO_val2014_000000168434.jpg	1236	286866	309857	283497	308478	0.9258012567087398	-0.0067827205408445	0.0741987432912602	[.9,1]
1502	public2:2_302_34	official2	2	34	val2014/COCO_val2014_000000409439.jpg	val2014/COCO_val2014_000000559547.jpg	879	23706	27303	24910	29550	0.8682562355785078	-0.025278232194413053	0.13174376442149216	[.75,.9)
1503	public2:2_303_14	official2	2	14	val2014/COCO_val2014_000000265001.jpg	val2014/COCO_val2014_000000482350.jpg	1237	12150	17351	12362	17109	0.7002478243328915	0.022295866122424512	0.29975217566710854	[.5,.75)
1504	public2:2_304_34	official2	2	34	val2014/COCO_val2014_000000294908.jpg	val2014/COCO_val2014_000000292330.jpg	498	8116	11305	7456	11826	0.7179124281291464	-0.08743720404661637	0.28208757187085365	[.5,.75)
1505	public2:2_305_50	official2	2	50	val2014/COCO_val2014_000000338581.jpg	val2014/COCO_val2014_000000105102.jpg	1238	45752	249145	46677	61873	0.18363603524052258	0.570764106986297	0.8163639647594774	[0,.25)
1506	public2:2_306_78	official2	2	78	val2014/COCO_val2014_000000024402.jpg	val2014/COCO_val2014_000000212058.jpg	306	76574	91283	74669	90839	0.8388637533823384	-0.016870996967142338	0.16113624661766157	[.75,.9)
1507	public2:2_307_58	official2	2	58	val2014/COCO_val2014_000000340175.jpg	val2014/COCO_val2014_000000465095.jpg	1239	13463	16605	13354	16154	0.8107798855766335	0.015888431867962294	0.1892201144233665	[.75,.9)
1508	public2:2_308_54	official2	2	54	val2014/COCO_val2014_000000383337.jpg	val2014/COCO_val2014_000000019358.jpg	1240	52035	87273	26212	85854	0.5962325117734008	-0.2909234987978842	0.40376748822659925	[.5,.75)
1509	public2:2_309_62	official2	2	62	val2014/COCO_val2014_000000142744.jpg	val2014/COCO_val2014_000000565034.jpg	1241	504548	820648	557514	830204	0.6148165839677913	0.05672197763875364	0.38518341603220874	[.5,.75)
1510	public2:2_310_74	official2	2	74	val2014/COCO_val2014_000000547227.jpg	val2014/COCO_val2014_000000178690.jpg	1242	22164	87952	22164	76697	0.252001091504457	0.03698022458352557	0.747998908495543	[.25,.5)
1511	public2:2_311_50	official2	2	50	val2014/COCO_val2014_000000348854.jpg	val2014/COCO_val2014_000000038190.jpg	75	200116	256834	193576	255924	0.7791647523302989	-0.022783951780135592	0.22083524766970108	[.75,.9)
1512	public2:2_312_10	official2	2	10	val2014/COCO_val2014_000000293071.jpg	val2014/COCO_val2014_000000087244.jpg	1243	68190	71982	70106	76719	0.9473201633741769	-0.033517845825720816	0.052679836625823095	[.9,1]
1513	public2:2_313_38	official2	2	38	val2014/COCO_val2014_000000450885.jpg	val2014/COCO_val2014_000000442861.jpg	1244	9143	10312	9047	10457	0.8866369278510473	-0.021474835472736098	0.11336307214895269	[.75,.9)
1514	public2:2_314_30	official2	2	30	val2014/COCO_val2014_000000169679.jpg	val2014/COCO_val2014_000000295377.jpg	1245	16388	41405	17621	39608	0.3957976089844222	0.049087262758660044	0.6042023910155778	[.25,.5)
1515	public2:2_315_74	official2	2	74	val2014/COCO_val2014_000000099927.jpg	val2014/COCO_val2014_000000004157.jpg	1246	59282	377933	62464	377933	0.1568584907906957	0.008419481759994518	0.8431415092093043	[0,.25)
1516	public2:2_316_22	official2	2	22	val2014/COCO_val2014_000000198921.jpg	val2014/COCO_val2014_000000157886.jpg	1247	661720	722258	673355	732436	0.916182306045762	0.003153990913972393	0.08381769395423799	[.9,1]
1517	public2:2_317_66	official2	2	66	val2014/COCO_val2014_000000127987.jpg	val2014/COCO_val2014_000000001347.jpg	1248	96942	136288	95307	116100	0.7113025358065274	0.10960185695833047	0.28869746419347264	[.5,.75)
1518	public2:2_318_34	official2	2	34	val2014/COCO_val2014_000000310185.jpg	val2014/COCO_val2014_000000292330.jpg	498	17148	129853	17306	117118	0.1320570183207165	0.015708483139349416	0.8679429816792835	[0,.25)
1519	public2:2_319_78	official2	2	78	val2014/COCO_val2014_000000333020.jpg	val2014/COCO_val2014_000000384136.jpg	306	16680	69567	17173	42378	0.23976885592306696	0.16546499182812469	0.760231144076933	[0,.25)
1520	public2:2_320_2	official2	2	2	val2014/COCO_val2014_000000006701.jpg	val2014/COCO_val2014_000000537005.jpg	1249	0	427484	0	425295	0.0	0.0	1.0	[0,.25)
1521	public2:2_321_62	official2	2	62	val2014/COCO_val2014_000000267932.jpg	val2014/COCO_val2014_000000011291.jpg	1250	10169	72917	9192	71050	0.13945993389744504	-0.010086253390759609	0.860540066102555	[0,.25)
1522	public2:2_322_66	official2	2	66	val2014/COCO_val2014_000000459164.jpg	val2014/COCO_val2014_000000516248.jpg	1251	220151	356488	213965	383010	0.6175551491214291	-0.05891438256180925	0.38244485087857094	[.5,.75)
1523	public2:2_323_66	official2	2	66	val2014/COCO_val2014_000000317062.jpg	val2014/COCO_val2014_000000111341.jpg	389	44961	48947	45179	47793	0.9185649784460743	0.026740819474123212	0.08143502155392568	[.9,1]
1524	public2:2_324_70	official2	2	70	val2014/COCO_val2014_000000124236.jpg	val2014/COCO_val2014_000000554037.jpg	48	8420	19520	8408	16419	0.43135245901639346	0.0807371932157766	0.5686475409836065	[.25,.5)
1525	public2:2_325_18	official2	2	18	val2014/COCO_val2014_000000068050.jpg	val2014/COCO_val2014_000000310082.jpg	287	36078	49763	38924	51365	0.7249964833309889	0.03279578767066593	0.2750035166690111	[.5,.75)
1526	public2:2_326_10	official2	2	10	val2014/COCO_val2014_000000503980.jpg	val2014/COCO_val2014_000000435703.jpg	1252	7316	9443	7936	9928	0.7747537858731336	0.02460157270865526	0.2252462141268664	[.75,.9)
1527	public2:2_327_54	official2	2	54	val2014/COCO_val2014_000000469982.jpg	val2014/COCO_val2014_000000236985.jpg	1253	41376	45340	42113	45432	0.9125716806352007	0.014374084464288672	0.08742831936479933	[.9,1]
1528	public2:2_328_74	official2	2	74	val2014/COCO_val2014_000000409331.jpg	val2014/COCO_val2014_000000042471.jpg	744	10753	12276	10915	12449	0.8759367872271098	0.0008404639577243023	0.12406321277289023	[.75,.9)
1529	public2:2_329_46	official2	2	46	val2014/COCO_val2014_000000527029.jpg	val2014/COCO_val2014_000000240273.jpg	1254	32221	76855	32180	73666	0.41924403096740614	0.017592501489901158	0.5807559690325939	[.25,.5)
1530	public2:2_330_6	official2	2	6	val2014/COCO_val2014_000000209610.jpg	val2014/COCO_val2014_000000543676.jpg	1255	160515	173663	160367	172325	0.9242901481605178	0.006317714888952719	0.0757098518394822	[.9,1]
1531	public2:2_331_62	official2	2	62	val2014/COCO_val2014_000000144539.jpg	val2014/COCO_val2014_000000221605.jpg	1256	0	166903	0	152061	0.0	0.0	1.0	[0,.25)
1532	public2:2_332_62	official2	2	62	val2014/COCO_val2014_000000192651.jpg	val2014/COCO_val2014_000000206257.jpg	1257	21807	60674	21514	62665	0.35941259847710716	-0.01609495705047348	0.6405874015228928	[.25,.5)
1533	public2:2_333_2	official2	2	2	val2014/COCO_val2014_000000234433.jpg	val2014/COCO_val2014_000000450845.jpg	1258	9762	18330	9998	18949	0.532569558101473	-0.004942770408191022	0.467430441898527	[.5,.75)
1534	public2:2_334_38	official2	2	38	val2014/COCO_val2014_000000428241.jpg	val2014/COCO_val2014_000000023084.jpg	310	34269	43147	34398	42522	0.7942383016200432	0.014707655766721284	0.20576169837995684	[.75,.9)
1535	public2:2_335_30	official2	2	30	val2014/COCO_val2014_000000211425.jpg	val2014/COCO_val2014_000000470779.jpg	1259	1784	34982	1746	16235	0.0509976559373392	0.05654777061024318	0.9490023440626608	[0,.25)
1536	public2:2_336_2	official2	2	2	val2014/COCO_val2014_000000379259.jpg	val2014/COCO_val2014_000000400456.jpg	1260	12032	50896	4254	50049	0.23640364665199623	-0.15140694342116245	0.7635963533480038	[0,.25)
1537	public2:2_337_38	official2	2	38	val2014/COCO_val2014_000000034015.jpg	val2014/COCO_val2014_000000012192.jpg	1261	12371	14390	11419	13924	0.8596942321056289	-0.039599431760900416	0.1403057678943711	[.75,.9)
1538	public2:2_338_2	official2	2	2	val2014/COCO_val2014_000000098493.jpg	val2014/COCO_val2014_000000431431.jpg	1262	42442	126511	42252	128437	0.3354807091873434	-0.006510085457421322	0.6645192908126566	[.25,.5)
1539	public2:2_339_54	official2	2	54	val2014/COCO_val2014_000000377814.jpg	val2014/COCO_val2014_000000458058.jpg	1263	684501	729969	692182	734665	0.9377124234042815	0.0044612203653278115	0.062287576595718486	[.9,1]
1540	public2:2_340_18	official2	2	18	val2014/COCO_val2014_000000161603.jpg	val2014/COCO_val2014_000000279824.jpg	1264	9386	32432	9390	35865	0.2894055254070054	-0.027590385298264297	0.7105944745929946	[.25,.5)
1541	public2:2_341_58	official2	2	58	val2014/COCO_val2014_000000045383.jpg	val2014/COCO_val2014_000000507782.jpg	1265	49590	99433	47984	98548	0.498727786549737	-0.011817854333963984	0.501272213450263	[.25,.5)
1542	public2:2_342_34	official2	2	34	val2014/COCO_val2014_000000525705.jpg	val2014/COCO_val2014_000000403675.jpg	502	7747	15669	8609	14947	0.4944157253175059	0.08155269643936836	0.5055842746824941	[.25,.5)
1543	public2:2_343_26	official2	2	26	val2014/COCO_val2014_000000392878.jpg	val2014/COCO_val2014_000000529917.jpg	1266	11583	239974	18839	202507	0.04826772900397543	0.044761153948218814	0.9517322709960245	[0,.25)
1544	public2:2_344_46	official2	2	46	val2014/COCO_val2014_000000313337.jpg	val2014/COCO_val2014_000000173008.jpg	48	98734	109182	99411	110498	0.9043065706801487	-0.00464322835721076	0.09569342931985125	[.9,1]
1545	public2:2_345_22	official2	2	22	val2014/COCO_val2014_000000262092.jpg	val2014/COCO_val2014_000000155355.jpg	1267	241384	265437	245722	264548	0.9093833941763959	0.01945371666927298	0.09061660582360409	[.9,1]
1546	public2:2_346_62	official2	2	62	val2014/COCO_val2014_000000562875.jpg	val2014/COCO_val2014_000000052869.jpg	1268	17379	131126	20401	142930	0.13253664414380062	0.01019756141136624	0.8674633558561994	[0,.25)
1547	public2:2_347_22	official2	2	22	val2014/COCO_val2014_000000241868.jpg	val2014/COCO_val2014_000000093571.jpg	1269	129675	157690	126077	156765	0.8223413025556472	-0.018099284247989234	0.1776586974443528	[.75,.9)
1548	public2:2_348_26	official2	2	26	val2014/COCO_val2014_000000038449.jpg	val2014/COCO_val2014_000000139518.jpg	1270	21389	126644	19269	124254	0.16889074887085057	-0.013813246335720925	0.8311092511291495	[0,.25)
1549	public2:2_349_10	official2	2	10	val2014/COCO_val2014_000000072397.jpg	val2014/COCO_val2014_000000339469.jpg	1271	87907	96403	88994	97173	0.9118699625530325	0.003960566503392604	0.08813003744696746	[.9,1]
1550	public2:2_350_34	official2	2	34	val2014/COCO_val2014_000000398028.jpg	val2014/COCO_val2014_000000054007.jpg	1272	13256	50015	9734	37236	0.2650404878536439	-0.0036268021731197253	0.7349595121463561	[.25,.5)
1551	public2:2_351_38	official2	2	38	val2014/COCO_val2014_000000265374.jpg	val2014/COCO_val2014_000000428241.jpg	310	8180	9451	8368	10279	0.8655168765210031	-0.051429903080006834	0.13448312347899694	[.75,.9)
1552	public2:2_352_66	official2	2	66	val2014/COCO_val2014_000000182867.jpg	val2014/COCO_val2014_000000494629.jpg	226	20067	26501	20323	27230	0.7572167088034414	-0.010870766827679401	0.24278329119655861	[.75,.9)
1553	public2:2_353_38	official2	2	38	val2014/COCO_val2014_000000367929.jpg	val2014/COCO_val2014_000000386879.jpg	1273	60606	66948	62354	67642	0.9052697616060226	0.016553957385136764	0.09473023839397743	[.9,1]
1554	public2:2_354_38	official2	2	38	val2014/COCO_val2014_000000141002.jpg	val2014/COCO_val2014_000000170474.jpg	1274	13955	14783	14130	15365	0.9439897179192316	-0.024367199207874557	0.056010282080768414	[.9,1]
1555	public2:2_355_74	official2	2	74	val2014/COCO_val2014_000000416660.jpg	val2014/COCO_val2014_000000271934.jpg	1275	14206	26538	14572	27874	0.5353078604265581	-0.012526774109560157	0.4646921395734419	[.5,.75)
1556	public2:2_356_66	official2	2	66	val2014/COCO_val2014_000000149222.jpg	val2014/COCO_val2014_000000160556.jpg	1276	79217	95408	79297	104441	0.8302972497065235	-0.0710456148121813	0.16970275029347648	[.75,.9)
1557	public2:2_357_14	official2	2	14	val2014/COCO_val2014_000000572517.jpg	val2014/COCO_val2014_000000557633.jpg	1277	97293	112570	100030	116034	0.8642888869148085	-0.002213977836434955	0.13571111308519146	[.75,.9)
1558	public2:2_358_54	official2	2	54	val2014/COCO_val2014_000000298252.jpg	val2014/COCO_val2014_000000463970.jpg	1278	165861	363626	156411	339733	0.4561307497263672	0.0042631478343643225	0.5438692502736329	[.25,.5)
1559	public2:2_359_66	official2	2	66	val2014/COCO_val2014_000000315790.jpg	val2014/COCO_val2014_000000253263.jpg	488	13547	46730	13547	48199	0.2898994222127113	-0.008835499724692886	0.7101005777872886	[.25,.5)
1560	public2:2_360_2	official2	2	2	val2014/COCO_val2014_000000156071.jpg	val2014/COCO_val2014_000000169166.jpg	1279	19781	32644	20328	32693	0.6059612792549932	0.0158232006030804	0.3940387207450068	[.5,.75)
1561	public2:2_361_22	official2	2	22	val2014/COCO_val2014_000000217228.jpg	val2014/COCO_val2014_000000478553.jpg	1280	110163	121379	117065	129852	0.9075952182832285	-0.0060688652043386915	0.09240478171677147	[.9,1]
1562	public2:2_362_54	official2	2	54	val2014/COCO_val2014_000000197499.jpg	val2014/COCO_val2014_000000380525.jpg	819	84850	88785	85629	89722	0.9556794503576055	-0.001298139196463266	0.04432054964239451	[.9,1]
1563	public2:2_363_46	official2	2	46	val2014/COCO_val2014_000000461435.jpg	val2014/COCO_val2014_000000301506.jpg	1281	10870	13394	11667	13711	0.8115574137673586	0.039365203109601565	0.18844258623264143	[.75,.9)
1564	public2:2_364_6	official2	2	6	val2014/COCO_val2014_000000236951.jpg	val2014/COCO_val2014_000000168811.jpg	1282	159378	170683	156250	168603	0.9337661044157883	-0.007032890890524834	0.06623389558421167	[.9,1]
1565	public2:2_365_46	official2	2	46	val2014/COCO_val2014_000000266932.jpg	val2014/COCO_val2014_000000472228.jpg	1283	143637	167473	151516	172817	0.857672580057681	0.019069870048500692	0.142327419942319	[.75,.9)
1566	public2:2_366_14	official2	2	14	val2014/COCO_val2014_000000055272.jpg	val2014/COCO_val2014_000000561009.jpg	1284	120641	128418	121327	129677	0.9394399539005436	-0.0038307093930364244	0.06056004609945642	[.9,1]
1567	public2:2_367_2	official2	2	2	val2014/COCO_val2014_000000516798.jpg	val2014/COCO_val2014_000000106166.jpg	1285	2245	300950	368	297257	0.007459710915434458	-0.006221724930243193	0.9925402890845656	[0,.25)
1568	public2:2_368_34	official2	2	34	val2014/COCO_val2014_000000311928.jpg	val2014/COCO_val2014_000000436264.jpg	1286	28981	41749	29099	35898	0.6941723155045629	0.11642994645989191	0.30582768449543707	[.5,.75)
1569	public2:2_369_22	official2	2	22	val2014/COCO_val2014_000000134194.jpg	val2014/COCO_val2014_000000117841.jpg	1287	49806	66381	50655	67606	0.7503050571699733	-0.0010372407039791476	0.2496949428300267	[.75,.9)
1570	public2:2_370_6	official2	2	6	val2014/COCO_val2014_000000112212.jpg	val2014/COCO_val2014_000000429109.jpg	1288	397984	913805	401109	913904	0.43552399034805017	0.0033722175687551093	0.5644760096519499	[.25,.5)
1571	public2:2_371_74	official2	2	74	val2014/COCO_val2014_000000065231.jpg	val2014/COCO_val2014_000000010192.jpg	1289	63767	93599	64890	92132	0.6812786461393818	0.023036901118899777	0.3187213538606182	[.5,.75)
1572	public2:2_372_38	official2	2	38	val2014/COCO_val2014_000000007304.jpg	val2014/COCO_val2014_000000563575.jpg	887	24108	26306	24886	27057	0.9164449175093135	0.003317066450475137	0.08355508249068655	[.9,1]
1573	public2:2_373_2	official2	2	2	val2014/COCO_val2014_000000139740.jpg	val2014/COCO_val2014_000000342515.jpg	1290	37573	52726	37826	47821	0.7126085802071085	0.07838282524238027	0.2873914197928915	[.5,.75)
1574	public2:2_374_38	official2	2	38	val2014/COCO_val2014_000000034015.jpg	val2014/COCO_val2014_000000459265.jpg	1261	12460	14709	11701	14185	0.8471004147120811	-0.022214972343381767	0.15289958528791892	[.75,.9)
1575	public2:2_375_42	official2	2	42	val2014/COCO_val2014_000000188616.jpg	val2014/COCO_val2014_000000015883.jpg	709	5193	10068	6545	11779	0.515792610250298	0.039857275138954096	0.484207389749702	[.5,.75)
1576	public2:2_376_14	official2	2	14	val2014/COCO_val2014_000000548095.jpg	val2014/COCO_val2014_000000222235.jpg	501	4936	11148	5451	11212	0.44277000358808755	0.04340552263381753	0.5572299964119125	[.25,.5)
1577	public2:2_377_62	official2	2	62	val2014/COCO_val2014_000000277289.jpg	val2014/COCO_val2014_000000527497.jpg	1291	9060	42807	10344	28694	0.2116476277244376	0.14884585523367214	0.7883523722755624	[0,.25)
1578	public2:2_378_22	official2	2	22	val2014/COCO_val2014_000000306506.jpg	val2014/COCO_val2014_000000298979.jpg	1292	492134	550404	501977	555844	0.8941323100849558	0.008957405734590695	0.10586768991504425	[.75,.9)
1579	public2:2_379_26	official2	2	26	val2014/COCO_val2014_000000054899.jpg	val2014/COCO_val2014_000000155811.jpg	1293	13712	15805	13883	16638	0.8675735526732047	-0.033158358539294386	0.13242644732679532	[.75,.9)
1580	public2:2_380_14	official2	2	14	val2014/COCO_val2014_000000275501.jpg	val2014/COCO_val2014_000000388881.jpg	1294	79084	93961	75930	96523	0.8416683517629655	-0.05501646568399987	0.1583316482370345	[.75,.9)
1581	public2:2_381_18	official2	2	18	val2014/COCO_val2014_000000044699.jpg	val2014/COCO_val2014_000000468043.jpg	1295	52741	62611	53118	63378	0.8423599686955966	-0.004245796585400585	0.1576400313044034	[.75,.9)
1582	public2:2_382_30	official2	2	30	val2014/COCO_val2014_000000056187.jpg	val2014/COCO_val2014_000000488375.jpg	1296	7615	82541	7617	52745	0.0922571812796065	0.052154611307368565	0.9077428187203935	[0,.25)
1583	public2:2_383_26	official2	2	26	val2014/COCO_val2014_000000210522.jpg	val2014/COCO_val2014_000000398246.jpg	505	18995	23798	18823	24406	0.7981763173375914	-0.02693154146280652	0.20182368266240858	[.75,.9)
1584	public2:2_384_10	official2	2	10	val2014/COCO_val2014_000000084168.jpg	val2014/COCO_val2014_000000054011.jpg	358	11025	16161	11119	15809	0.6821978837943197	0.0211356603893732	0.31780211620568033	[.5,.75)
1585	public2:2_385_2	official2	2	2	val2014/COCO_val2014_000000485489.jpg	val2014/COCO_val2014_000000100283.jpg	1297	20407	23075	20667	24078	0.8843770314192849	-0.026041621501517676	0.11562296858071508	[.75,.9)
1586	public2:2_386_42	official2	2	42	val2014/COCO_val2014_000000278988.jpg	val2014/COCO_val2014_000000547041.jpg	246	7733	11148	9263	12117	0.6936670254754216	0.07079612546953173	0.3063329745245784	[.5,.75)
1587	public2:2_387_22	official2	2	22	val2014/COCO_val2014_000000120935.jpg	val2014/COCO_val2014_000000558736.jpg	517	197438	235058	197957	234991	0.8399543942346145	0.002448080753789328	0.1600456057653855	[.75,.9)
1588	public2:2_388_34	official2	2	34	val2014/COCO_val2014_000000090125.jpg	val2014/COCO_val2014_000000525705.jpg	502	30477	42062	30934	43745	0.7245732490133612	-0.017429575450668255	0.2754267509866388	[.5,.75)
1589	public2:2_389_6	official2	2	6	val2014/COCO_val2014_000000286507.jpg	val2014/COCO_val2014_000000461976.jpg	1298	150382	163589	151143	167390	0.9192671878916064	-0.01632794420918815	0.08073281210839356	[.9,1]
1590	public2:2_390_18	official2	2	18	val2014/COCO_val2014_000000154028.jpg	val2014/COCO_val2014_000000545788.jpg	1299	3019	8302	4065	8955	0.363647313900265	0.09028903450844522	0.636352686099735	[.25,.5)
1591	public2:2_391_74	official2	2	74	val2014/COCO_val2014_000000078176.jpg	val2014/COCO_val2014_000000262262.jpg	1300	143445	230790	144156	225882	0.6215390614844664	0.016652560689943252	0.37846093851553364	[.5,.75)
1592	public2:2_392_34	official2	2	34	val2014/COCO_val2014_000000200567.jpg	val2014/COCO_val2014_000000157093.jpg	502	7097	8989	7465	9774	0.7895205250862165	-0.02575952651858815	0.2104794749137835	[.75,.9)
1593	public2:2_393_46	official2	2	46	val2014/COCO_val2014_000000403345.jpg	val2014/COCO_val2014_000000313562.jpg	599	120815	151146	121385	153469	0.7993264790335173	-0.008384985963255542	0.20067352096648272	[.75,.9)
1594	public2:2_394_54	official2	2	54	val2014/COCO_val2014_000000147818.jpg	val2014/COCO_val2014_000000539787.jpg	1301	97049	112231	103692	117216	0.8647254323671713	0.019897827256088352	0.13527456763282875	[.75,.9)
1595	public2:2_395_74	official2	2	74	val2014/COCO_val2014_000000505663.jpg	val2014/COCO_val2014_000000116370.jpg	1302	85578	90468	86642	90027	0.9459477384268471	0.01645243041139033	0.054052261573152904	[.9,1]
1596	public2:2_396_14	official2	2	14	val2014/COCO_val2014_000000278306.jpg	val2014/COCO_val2014_000000404568.jpg	1303	244285	315107	243681	299434	0.775244599453519	0.0385607800291049	0.22475540054648102	[.75,.9)
1597	public2:2_397_74	official2	2	74	val2014/COCO_val2014_000000062041.jpg	val2014/COCO_val2014_000000568560.jpg	1304	18512	23282	18553	41348	0.7951206940984451	-0.3464170083095315	0.2048793059015549	[.75,.9)
1598	public2:2_398_42	official2	2	42	val2014/COCO_val2014_000000304984.jpg	val2014/COCO_val2014_000000222842.jpg	572	42268	70467	42361	69111	0.5998268693147147	0.013114630591233634	0.40017313068528526	[.5,.75)
1599	public2:2_399_22	official2	2	22	val2014/COCO_val2014_000000497760.jpg	val2014/COCO_val2014_000000526560.jpg	1305	543439	587631	548260	591434	0.9247963432834551	0.0022048098460573096	0.07520365671654494	[.9,1]
1600	public2:2_400_6	official2	2	6	val2014/COCO_val2014_000000491881.jpg	val2014/COCO_val2014_000000157261.jpg	1306	15480	167593	17141	167838	0.09236662629107421	0.009761616419158278	0.9076333737089258	[0,.25)
1601	public2:2_401_42	official2	2	42	val2014/COCO_val2014_000000320832.jpg	val2014/COCO_val2014_000000561889.jpg	1307	15592	84457	14447	82153	0.1846146559787821	-0.008759848485446503	0.8153853440212179	[0,.25)
1602	public2:2_402_78	official2	2	78	val2014/COCO_val2014_000000569976.jpg	val2014/COCO_val2014_000000117759.jpg	306	32795	38271	32294	37663	0.8569151576912022	0.0005311423911067426	0.1430848423087978	[.75,.9)
1603	public2:2_403_78	official2	2	78	val2014/COCO_val2014_000000186276.jpg	val2014/COCO_val2014_000000092020.jpg	306	19514	21037	18791	20877	0.9276037457812426	-0.02752231645710601	0.0723962542187574	[.9,1]
1604	public2:2_404_42	official2	2	42	val2014/COCO_val2014_000000266487.jpg	val2014/COCO_val2014_000000291845.jpg	1308	11315	89805	11600	94729	0.12599521184789267	-0.003540630885357443	0.8740047881521074	[0,.25)
1605	public2:2_405_10	official2	2	10	val2014/COCO_val2014_000000581262.jpg	val2014/COCO_val2014_000000514248.jpg	1309	63325	69257	64102	69050	0.9143480081435812	0.013993773174304391	0.08565199185641881	[.9,1]
1606	public2:2_406_34	official2	2	34	val2014/COCO_val2014_000000224257.jpg	val2014/COCO_val2014_000000158227.jpg	1310	10113	12983	10857	13352	0.7789416929831318	0.034194915764621414	0.22105830701686824	[.75,.9)
1607	public2:2_407_26	official2	2	26	val2014/COCO_val2014_000000158588.jpg	val2014/COCO_val2014_000000448076.jpg	349	16476	26396	13895	26234	0.6241854826488862	-0.09452931126823516	0.3758145173511138	[.5,.75)
1608	public2:2_408_66	official2	2	66	val2014/COCO_val2014_000000113588.jpg	val2014/COCO_val2014_000000230190.jpg	1311	16672	19509	16703	19425	0.8545799374647599	0.0052913624065399345	0.1454200625352401	[.75,.9)
1609	public2:2_409_34	official2	2	34	val2014/COCO_val2014_000000214257.jpg	val2014/COCO_val2014_000000153631.jpg	879	22259	26518	22760	26694	0.8393921110189305	0.013233947271321989	0.16060788898106948	[.75,.9)
1610	public2:2_410_30	official2	2	30	val2014/COCO_val2014_000000534018.jpg	val2014/COCO_val2014_000000295124.jpg	1312	9418	25826	8393	23702	0.36467126151939905	-0.01056612271254731	0.635328738480601	[.25,.5)
1611	public2:2_411_6	official2	2	6	val2014/COCO_val2014_000000368038.jpg	val2014/COCO_val2014_000000057377.jpg	1313	455334	499289	470039	500576	0.9119648139654589	0.02703146232425535	0.08803518603454108	[.9,1]
1612	public2:2_412_50	official2	2	50	val2014/COCO_val2014_000000253718.jpg	val2014/COCO_val2014_000000431370.jpg	1314	345548	448799	387363	449326	0.7699393269592847	0.09215857078088618	0.2300606730407153	[.75,.9)
1613	public2:2_413_26	official2	2	26	val2014/COCO_val2014_000000515779.jpg	val2014/COCO_val2014_000000078871.jpg	1315	0	88195	0	86038	0.0	0.0	1.0	[0,.25)
1614	public2:2_414_22	official2	2	22	val2014/COCO_val2014_000000054611.jpg	val2014/COCO_val2014_000000480105.jpg	1316	326320	379443	329548	377435	0.8599974172668886	0.013127756604109031	0.1400025827331114	[.75,.9)
1615	public2:2_415_18	official2	2	18	val2014/COCO_val2014_000000492658.jpg	val2014/COCO_val2014_000000295231.jpg	1317	220342	247639	215379	249473	0.889770997298487	-0.02643508519577442	0.11022900270151303	[.75,.9)
1616	public2:2_416_74	official2	2	74	val2014/COCO_val2014_000000477435.jpg	val2014/COCO_val2014_000000225700.jpg	353	13227	14649	13165	15238	0.9029285275445423	-0.03897000280376273	0.09707147245545766	[.9,1]
1617	public2:2_417_38	official2	2	38	val2014/COCO_val2014_000000502570.jpg	val2014/COCO_val2014_000000121744.jpg	1318	38589	45974	38743	47107	0.8393657284552138	-0.016918958336123224	0.16063427154478616	[.75,.9)
1618	public2:2_418_22	official2	2	22	val2014/COCO_val2014_000000433460.jpg	val2014/COCO_val2014_000000253693.jpg	1319	141754	173139	148811	177395	0.8187294601447392	0.02013860265297207	0.18127053985526076	[.75,.9)
1619	public2:2_419_38	official2	2	38	val2014/COCO_val2014_000000423894.jpg	val2014/COCO_val2014_000000029934.jpg	1320	8432	10411	8631	11681	0.809912592450293	-0.07102037431828379	0.190087407549707	[.75,.9)
1620	public2:2_420_34	official2	2	34	val2014/COCO_val2014_000000574135.jpg	val2014/COCO_val2014_000000080429.jpg	1321	8788	15226	8852	15855	0.5771706291869171	-0.01886094769842761	0.4228293708130829	[.5,.75)
1621	public2:2_421_70	official2	2	70	val2014/COCO_val2014_000000275695.jpg	val2014/COCO_val2014_000000291784.jpg	48	6062	32387	4373	23933	0.1871738660573687	-0.004455443795220199	0.8128261339426313	[0,.25)
1622	public2:2_422_42	official2	2	42	val2014/COCO_val2014_000000335427.jpg	val2014/COCO_val2014_000000253930.jpg	806	31355	94471	25844	54009	0.3319007949529485	0.1466120454995687	0.6680992050470516	[.25,.5)
1623	public2:2_423_62	official2	2	62	val2014/COCO_val2014_000000064196.jpg	val2014/COCO_val2014_000000098839.jpg	559	8928	350615	9040	338080	0.02546382784535744	0.0012754054722005324	0.9745361721546426	[0,.25)
1624	public2:2_424_62	official2	2	62	val2014/COCO_val2014_000000180751.jpg	val2014/COCO_val2014_000000567254.jpg	96	5302	48268	5302	46981	0.10984503190519598	0.003009100616461702	0.890154968094804	[0,.25)
1625	public2:2_425_22	official2	2	22	val2014/COCO_val2014_000000091474.jpg	val2014/COCO_val2014_000000093571.jpg	1269	174355	197114	179111	199954	0.8845388962732226	0.011222128762535699	0.11546110372677743	[.75,.9)
1626	public2:2_426_30	official2	2	30	val2014/COCO_val2014_000000248655.jpg	val2014/COCO_val2014_000000409572.jpg	608	10498	29864	10818	26487	0.3515269220466113	0.056899853352641194	0.6484730779533887	[.25,.5)
1627	public2:2_427_38	official2	2	38	val2014/COCO_val2014_000000080194.jpg	val2014/COCO_val2014_000000336961.jpg	1322	391825	707643	436301	710775	0.5537043396175755	0.06013407619614897	0.4462956603824245	[.5,.75)
1628	public2:2_428_66	official2	2	66	val2014/COCO_val2014_000000313603.jpg	val2014/COCO_val2014_000000026564.jpg	1323	240938	351142	245259	351110	0.6861554584754885	0.012369220400077485	0.31384454152451147	[.5,.75)
1629	public2:2_429_18	official2	2	18	val2014/COCO_val2014_000000547383.jpg	val2014/COCO_val2014_000000087444.jpg	1324	242116	348393	242214	350120	0.6949508170370817	-0.0031480065720982386	0.3050491829629183	[.5,.75)
1630	public2:2_430_30	official2	2	30	val2014/COCO_val2014_000000466602.jpg	val2014/COCO_val2014_000000550601.jpg	1325	24922	43205	26614	47376	0.576831385256336	-0.015070155941915186	0.42316861474366396	[.5,.75)
1631	public2:2_431_62	official2	2	62	val2014/COCO_val2014_000000166166.jpg	val2014/COCO_val2014_000000177927.jpg	1326	19444	117935	15909	116346	0.16487047950142028	-0.028131786293230904	0.8351295204985797	[0,.25)
1632	public2:2_432_62	official2	2	62	val2014/COCO_val2014_000000300403.jpg	val2014/COCO_val2014_000000315790.jpg	488	6992	50576	5087	50070	0.13824739006643466	-0.03664962693481892	0.8617526099335653	[0,.25)
1633	public2:2_433_66	official2	2	66	val2014/COCO_val2014_000000057542.jpg	val2014/COCO_val2014_000000270570.jpg	1327	25289	31970	25222	29831	0.7910228339067876	0.05447346189288382	0.20897716609321237	[.75,.9)
1634	public2:2_434_38	official2	2	38	val2014/COCO_val2014_000000443453.jpg	val2014/COCO_val2014_000000162581.jpg	1328	29348	34961	28378	34645	0.8394496724922056	-0.020341576085797786	0.1605503275077944	[.75,.9)
1635	public2:2_435_78	official2	2	78	val2014/COCO_val2014_000000293133.jpg	val2014/COCO_val2014_000000134290.jpg	306	12616	28659	12895	28913	0.4402107540388709	0.005782397830530417	0.5597892459611291	[.25,.5)
1636	public2:2_436_74	official2	2	74	val2014/COCO_val2014_000000531415.jpg	val2014/COCO_val2014_000000191013.jpg	1329	49082	89482	49082	90821	0.5485125500100579	-0.008086877533428072	0.45148744998994206	[.5,.75)
1637	public2:2_437_26	official2	2	26	val2014/COCO_val2014_000000561780.jpg	val2014/COCO_val2014_000000366367.jpg	1330	30722	34566	32034	34497	0.8887924550135972	0.039810032159200426	0.11120754498640284	[.75,.9)
1638	public2:2_438_10	official2	2	10	val2014/COCO_val2014_000000479727.jpg	val2014/COCO_val2014_000000097767.jpg	1331	247	22902	0	23355	0.010785084272115972	-0.010785084272115972	0.989214915727884	[0,.25)
1639	public2:2_439_78	official2	2	78	val2014/COCO_val2014_000000333020.jpg	val2014/COCO_val2014_000000212058.jpg	306	16408	21306	15393	21198	0.7701117056228293	-0.04395829492370673	0.22988829437717073	[.75,.9)
1640	public2:2_440_2	official2	2	2	val2014/COCO_val2014_000000026609.jpg	val2014/COCO_val2014_000000375219.jpg	1332	66833	109579	62667	107976	0.6099070077295832	-0.02952803462444875	0.3900929922704168	[.5,.75)
1641	public2:2_441_2	official2	2	2	val2014/COCO_val2014_000000542625.jpg	val2014/COCO_val2014_000000397522.jpg	313	51035	288897	44145	290303	0.1766546554654427	-0.0245893995087354	0.8233453445345573	[0,.25)
1642	public2:2_442_74	official2	2	74	val2014/COCO_val2014_000000125017.jpg	val2014/COCO_val2014_000000478614.jpg	1333	21231	23638	21534	22953	0.8981724342160927	0.04000558172953528	0.10182756578390728	[.75,.9)
1643	public2:2_443_18	official2	2	18	val2014/COCO_val2014_000000357943.jpg	val2014/COCO_val2014_000000206473.jpg	1334	11026	17041	12071	18076	0.6470277565870548	0.020763790215335143	0.3529722434129452	[.5,.75)
1644	public2:2_444_18	official2	2	18	val2014/COCO_val2014_000000575958.jpg	val2014/COCO_val2014_000000576714.jpg	301	10749	13544	11984	14858	0.7936355581807443	0.012933293616267494	0.20636444181925573	[.75,.9)
1645	public2:2_445_6	official2	2	6	val2014/COCO_val2014_000000313057.jpg	val2014/COCO_val2014_000000375409.jpg	1335	152557	195703	160004	193090	0.7795332723565811	0.049116580043853886	0.2204667276434189	[.75,.9)
1646	public2:2_446_54	official2	2	54	val2014/COCO_val2014_000000146601.jpg	val2014/COCO_val2014_000000370677.jpg	1336	32381	56911	30250	56874	0.5689761206093725	-0.037098637049222005	0.4310238793906275	[.5,.75)
1647	public2:2_447_62	official2	2	62	val2014/COCO_val2014_000000369309.jpg	val2014/COCO_val2014_000000471955.jpg	1337	73245	209868	71925	130421	0.34900508891303106	0.20247818448619148	0.6509949110869689	[.25,.5)
1648	public2:2_448_26	official2	2	26	val2014/COCO_val2014_000000456465.jpg	val2014/COCO_val2014_000000224807.jpg	1338	31919	59603	26309	60936	0.5355267352314481	-0.10377867168937116	0.4644732647685519	[.5,.75)
1649	public2:2_449_58	official2	2	58	val2014/COCO_val2014_000000079469.jpg	val2014/COCO_val2014_000000472399.jpg	1339	27406	157165	46710	104341	0.17437724684249037	0.27328953802635314	0.8256227531575097	[0,.25)
1650	public2:3_300_79	official2	3	79	val2014/COCO_val2014_000000000208.jpg	val2014/COCO_val2014_000000241319.jpg	58	21056	25107	20010	25526	0.8386505755367029	-0.054743970506537565	0.16134942446329714	[.75,.9)
1651	public2:3_301_11	official2	3	11	val2014/COCO_val2014_000000538533.jpg	val2014/COCO_val2014_000000477741.jpg	1340	80379	104272	80606	105508	0.7708589074727635	-0.006878924912199436	0.22914109252723647	[.75,.9)
1652	public2:3_302_75	official2	3	75	val2014/COCO_val2014_000000275279.jpg	val2014/COCO_val2014_000000218365.jpg	1341	2739	141888	0	105746	0.01930395805142084	-0.01930395805142084	0.9806960419485792	[0,.25)
1653	public2:3_303_31	official2	3	31	val2014/COCO_val2014_000000264819.jpg	val2014/COCO_val2014_000000422328.jpg	201	47891	54981	49647	55905	0.8710463614703261	0.0170137404883538	0.1289536385296739	[.75,.9)
1654	public2:3_304_71	official2	3	71	val2014/COCO_val2014_000000158344.jpg	val2014/COCO_val2014_000000039828.jpg	1342	61118	148551	61472	133690	0.4114277251583631	0.048382283069627	0.5885722748416369	[.25,.5)
1655	public2:3_305_19	official2	3	19	val2014/COCO_val2014_000000037119.jpg	val2014/COCO_val2014_000000062220.jpg	914	198608	230641	200603	234393	0.8611131585450982	-0.005272753754852699	0.13888684145490182	[.75,.9)
1656	public2:3_306_59	official2	3	59	val2014/COCO_val2014_000000113836.jpg	val2014/COCO_val2014_000000170267.jpg	720	132527	476228	45847	464756	0.2782847711600326	-0.17963730883571616	0.7217152288399674	[.25,.5)
1657	public2:3_307_27	official2	3	27	val2014/COCO_val2014_000000056437.jpg	val2014/COCO_val2014_000000092416.jpg	934	26397	105805	26397	106655	0.24948726430697982	-0.0019883191098488684	0.7505127356930201	[0,.25)
1658	public2:3_308_59	official2	3	59	val2014/COCO_val2014_000000546569.jpg	val2014/COCO_val2014_000000322620.jpg	1129	48561	54352	48428	54473	0.8934537827494848	-0.004426191098575227	0.10654621725051516	[.75,.9)
1659	public2:3_309_3	official2	3	3	val2014/COCO_val2014_000000325557.jpg	val2014/COCO_val2014_000000060988.jpg	1343	150009	330442	125785	331782	0.4539646897186193	-0.07484526792961327	0.5460353102813806	[.25,.5)
1660	public2:3_310_43	official2	3	43	val2014/COCO_val2014_000000054870.jpg	val2014/COCO_val2014_000000544565.jpg	535	57291	87776	57573	89325	0.6526954976303317	-0.008161492592548392	0.34730450236966826	[.5,.75)
1661	public2:3_311_75	official2	3	75	val2014/COCO_val2014_000000557510.jpg	val2014/COCO_val2014_000000482007.jpg	1344	311935	433737	317740	434147	0.7191800561169557	0.012691867448104133	0.2808199438830443	[.5,.75)
1662	public2:3_312_31	official2	3	31	val2014/COCO_val2014_000000338291.jpg	val2014/COCO_val2014_000000276149.jpg	951	12294	74900	13084	79547	0.1641388518024032	0.0003425239880100184	0.8358611481975968	[0,.25)
1663	public2:3_313_59	official2	3	59	val2014/COCO_val2014_000000553361.jpg	val2014/COCO_val2014_000000156025.jpg	1345	52670	239767	55312	232340	0.21967159784290582	0.018393307037872342	0.7803284021570942	[0,.25)
1664	public2:3_314_11	official2	3	11	val2014/COCO_val2014_000000561647.jpg	val2014/COCO_val2014_000000537389.jpg	1346	80660	82237	81166	84003	0.9808237168184637	-0.014596320177867494	0.019176283181536302	[.9,1]
1665	public2:3_315_23	official2	3	23	val2014/COCO_val2014_000000531928.jpg	val2014/COCO_val2014_000000196650.jpg	1347	108472	130316	110400	131882	0.8323766843672304	0.004735279357917843	0.16762331563276955	[.75,.9)
1666	public2:3_316_15	official2	3	15	val2014/COCO_val2014_000000475634.jpg	val2014/COCO_val2014_000000453369.jpg	7	184070	210846	184657	217071	0.8730068391148041	-0.02233125370726463	0.12699316088519585	[.75,.9)
1667	public2:3_317_15	official2	3	15	val2014/COCO_val2014_000000296471.jpg	val2014/COCO_val2014_000000533536.jpg	1348	134969	143600	132769	142385	0.9398955431754875	-0.00743074702420754	0.06010445682451249	[.9,1]
1668	public2:3_318_23	official2	3	23	val2014/COCO_val2014_000000079589.jpg	val2014/COCO_val2014_000000161873.jpg	473	51269	64921	57000	67509	0.7897136519770183	0.05461821488517793	0.21028634802298174	[.75,.9)
1669	public2:3_319_59	official2	3	59	val2014/COCO_val2014_000000053800.jpg	val2014/COCO_val2014_000000533462.jpg	1349	53701	86637	53081	84011	0.6198390987684246	0.011994827741199199	0.3801609012315754	[.5,.75)
1670	public2:3_320_75	official2	3	75	val2014/COCO_val2014_000000322475.jpg	val2014/COCO_val2014_000000521282.jpg	1350	52006	72520	50280	58778	0.7171263099834528	0.13829578671939513	0.28287369001654716	[.5,.75)
1671	public2:3_321_11	official2	3	11	val2014/COCO_val2014_000000553678.jpg	val2014/COCO_val2014_000000460229.jpg	248	12783	14839	12937	15559	0.8614461890963003	-0.029966016848726573	0.13855381090369967	[.75,.9)
1672	public2:3_322_67	official2	3	67	val2014/COCO_val2014_000000134075.jpg	val2014/COCO_val2014_000000204661.jpg	1351	24564	41917	24210	39904	0.5860152205549061	0.02069087407219894	0.41398477944509393	[.5,.75)
1673	public2:3_323_3	official2	3	3	val2014/COCO_val2014_000000510755.jpg	val2014/COCO_val2014_000000147068.jpg	1352	87104	104917	85921	103523	0.8302181724601352	-0.00024802089961240004	0.16978182753986482	[.75,.9)
1674	public2:3_324_27	official2	3	27	val2014/COCO_val2014_000000122549.jpg	val2014/COCO_val2014_000000204943.jpg	451	44264	113653	48147	136623	0.3894661821509331	-0.0370584616353537	0.6105338178490669	[.25,.5)
1675	public2:3_325_31	official2	3	31	val2014/COCO_val2014_000000021979.jpg	val2014/COCO_val2014_000000438728.jpg	1353	10663	30959	1315	20312	0.3444232694854485	-0.27968321434562965	0.6555767305145515	[.25,.5)
1676	public2:3_326_31	official2	3	31	val2014/COCO_val2014_000000352681.jpg	val2014/COCO_val2014_000000184358.jpg	515	12422	33806	12523	37485	0.3674495651659469	-0.03336926637976578	0.6325504348340532	[.25,.5)
1677	public2:3_327_39	official2	3	39	val2014/COCO_val2014_000000571635.jpg	val2014/COCO_val2014_000000397352.jpg	1354	7508	17663	5926	14660	0.4250693540168714	-0.02084015892819474	0.5749306459831286	[.25,.5)
1678	public2:3_328_31	official2	3	31	val2014/COCO_val2014_000000459645.jpg	val2014/COCO_val2014_000000049731.jpg	1355	17752	20690	17732	20726	0.8579990333494442	-0.0024552718904071735	0.14200096665055584	[.75,.9)
1679	public2:3_329_67	official2	3	67	val2014/COCO_val2014_000000360400.jpg	val2014/COCO_val2014_000000510861.jpg	530	15683	36861	15486	33653	0.42546322671658393	0.03470377176794942	0.5745367732834161	[.25,.5)
1680	public2:3_330_71	official2	3	71	val2014/COCO_val2014_000000341011.jpg	val2014/COCO_val2014_000000514537.jpg	1356	38821	60330	38979	44993	0.6434775401955909	0.2228572229897935	0.3565224598044091	[.5,.75)
1681	public2:3_331_27	official2	3	27	val2014/COCO_val2014_000000064146.jpg	val2014/COCO_val2014_000000148549.jpg	1357	35895	51206	36074	43915	0.7009920712416514	0.12045845819020562	0.2990079287583486	[.5,.75)
1682	public2:3_332_31	official2	3	31	val2014/COCO_val2014_000000096638.jpg	val2014/COCO_val2014_000000143107.jpg	1358	21188	35394	21250	35585	0.5986325365881223	-0.0014708111420074221	0.4013674634118777	[.5,.75)
1683	public2:3_333_23	official2	3	23	val2014/COCO_val2014_000000576822.jpg	val2014/COCO_val2014_000000436865.jpg	1347	141232	170699	144261	170392	0.8273745013151805	0.01926735980505989	0.17262549868481947	[.75,.9)
1684	public2:3_334_75	official2	3	75	val2014/COCO_val2014_000000528176.jpg	val2014/COCO_val2014_000000526732.jpg	1359	252039	441720	254147	319128	0.570585438739473	0.2257940704229947	0.429414561260527	[.5,.75)
1685	public2:3_335_67	official2	3	67	val2014/COCO_val2014_000000251064.jpg	val2014/COCO_val2014_000000305589.jpg	1360	191683	217591	190665	219153	0.8809325753362961	-0.010923951224374284	0.1190674246637039	[.75,.9)
1686	public2:3_336_11	official2	3	11	val2014/COCO_val2014_000000218388.jpg	val2014/COCO_val2014_000000537389.jpg	1346	139478	153907	150594	155616	0.9062485786871293	0.06147967547696698	0.09375142131287073	[.9,1]
1687	public2:3_337_35	official2	3	35	val2014/COCO_val2014_000000361763.jpg	val2014/COCO_val2014_000000491921.jpg	514	8120	9112	8226	9177	0.8911325724319579	0.005238790758627321	0.10886742756804213	[.75,.9)
1688	public2:3_338_47	official2	3	47	val2014/COCO_val2014_000000374806.jpg	val2014/COCO_val2014_000000154884.jpg	1089	116962	151605	118102	156604	0.7714917054186867	-0.01734749454284701	0.22850829458131328	[.75,.9)
1689	public2:3_339_3	official2	3	3	val2014/COCO_val2014_000000534605.jpg	val2014/COCO_val2014_000000147068.jpg	1352	209373	258280	221821	260056	0.8106434876877807	0.04233048714840837	0.18935651231221928	[.75,.9)
1690	public2:3_340_75	official2	3	75	val2014/COCO_val2014_000000237263.jpg	val2014/COCO_val2014_000000275999.jpg	482	30544	40960	32029	39892	0.745703125	0.05718968558858917	0.254296875	[.5,.75)
1691	public2:3_341_51	official2	3	51	val2014/COCO_val2014_000000208663.jpg	val2014/COCO_val2014_000000504005.jpg	1	49460	63067	49098	61940	0.7842453263989091	0.008424999723144477	0.2157546736010909	[.75,.9)
1692	public2:3_342_11	official2	3	11	val2014/COCO_val2014_000000320203.jpg	val2014/COCO_val2014_000000456768.jpg	1361	176017	190344	177014	191367	0.9247310133232464	0.0002665045351095685	0.07526898667675364	[.9,1]
1693	public2:3_343_27	official2	3	27	val2014/COCO_val2014_000000396385.jpg	val2014/COCO_val2014_000000522194.jpg	671	23872	52749	23896	57215	0.4525583423382434	-0.034905628888973084	0.5474416576617567	[.25,.5)
1694	public2:3_344_19	official2	3	19	val2014/COCO_val2014_000000505471.jpg	val2014/COCO_val2014_000000400046.jpg	1362	168861	200177	181768	200544	0.8435584507710676	0.06281621015122374	0.1564415492289324	[.75,.9)
1695	public2:3_345_27	official2	3	27	val2014/COCO_val2014_000000061722.jpg	val2014/COCO_val2014_000000505573.jpg	1363	10807	66240	10450	45498	0.163149154589372	0.0665312709238374	0.836850845410628	[0,.25)
1696	public2:3_346_19	official2	3	19	val2014/COCO_val2014_000000403432.jpg	val2014/COCO_val2014_000000503008.jpg	1364	30407	40691	28905	36812	0.74726598019218	0.03793993092376036	0.25273401980781995	[.5,.75)
1697	public2:3_347_3	official2	3	3	val2014/COCO_val2014_000000218637.jpg	val2014/COCO_val2014_000000207179.jpg	1365	48114	53642	49282	55500	0.8969464225793222	-0.00898245861535829	0.10305357742067778	[.75,.9)
1698	public2:3_348_67	official2	3	67	val2014/COCO_val2014_000000435309.jpg	val2014/COCO_val2014_000000252573.jpg	1366	232008	323751	261690	322664	0.7166248135140896	0.09440461648119969	0.2833751864859104	[.5,.75)
1699	public2:3_349_23	official2	3	23	val2014/COCO_val2014_000000531928.jpg	val2014/COCO_val2014_000000576822.jpg	1347	119049	131119	111777	131001	0.9079462167954301	-0.054693188192594944	0.09205378320456992	[.9,1]
1700	public2:3_350_27	official2	3	27	val2014/COCO_val2014_000000453369.jpg	val2014/COCO_val2014_000000207585.jpg	7	38394	62382	39304	60664	0.6154659998076368	0.03243061103240008	0.38453400019236317	[.5,.75)
1701	public2:3_351_75	official2	3	75	val2014/COCO_val2014_000000015259.jpg	val2014/COCO_val2014_000000196878.jpg	973	110345	119183	114764	122364	0.9258451289193929	0.012045100232972228	0.07415487108060714	[.9,1]
1702	public2:3_352_79	official2	3	79	val2014/COCO_val2014_000000303089.jpg	val2014/COCO_val2014_000000193348.jpg	1367	9043	14838	8015	12553	0.6094487127645235	0.029044077803468182	0.3905512872354765	[.5,.75)
1703	public2:3_353_59	official2	3	59	val2014/COCO_val2014_000000437872.jpg	val2014/COCO_val2014_000000567755.jpg	1368	158571	186896	159332	184966	0.8484451245612533	0.012967243117130822	0.15155487543874668	[.75,.9)
1704	public2:3_354_63	official2	3	63	val2014/COCO_val2014_000000419143.jpg	val2014/COCO_val2014_000000061925.jpg	1369	151291	279669	151775	259342	0.5409644973164706	0.04426658750588752	0.45903550268352944	[.5,.75)
1705	public2:3_355_15	official2	3	15	val2014/COCO_val2014_000000285733.jpg	val2014/COCO_val2014_000000304357.jpg	1370	60106	69477	60985	71820	0.8651208313542611	-0.01598410063858302	0.1348791686457389	[.75,.9)
1706	public2:3_356_35	official2	3	35	val2014/COCO_val2014_000000399991.jpg	val2014/COCO_val2014_000000027565.jpg	1371	17208	19964	17758	19797	0.8619515127229013	0.03505308393315776	0.13804848727709873	[.75,.9)
1707	public2:3_357_35	official2	3	35	val2014/COCO_val2014_000000073093.jpg	val2014/COCO_val2014_000000462809.jpg	1372	16720	26851	17263	27630	0.622695616550594	0.0020962763194747325	0.377304383449406	[.5,.75)
1708	public2:3_358_35	official2	3	35	val2014/COCO_val2014_000000387950.jpg	val2014/COCO_val2014_000000392967.jpg	1373	11882	23239	11868	22545	0.5112956667670726	0.01511817222161671	0.4887043332329274	[.5,.75)
1709	public2:3_359_43	official2	3	43	val2014/COCO_val2014_000000476787.jpg	val2014/COCO_val2014_000000559513.jpg	1374	18953	33017	18796	30802	0.5740376169851894	0.03618249859172118	0.4259623830148106	[.5,.75)
1710	public2:3_360_19	official2	3	19	val2014/COCO_val2014_000000342165.jpg	val2014/COCO_val2014_000000277749.jpg	1375	275820	339217	272681	334676	0.8131078336286212	0.001653308490921379	0.18689216637137884	[.75,.9)
1711	public2:3_361_59	official2	3	59	val2014/COCO_val2014_000000071938.jpg	val2014/COCO_val2014_000000506614.jpg	1376	311115	554574	319626	608974	0.560998171569529	-0.036138325336356525	0.439001828430471	[.5,.75)
1712	public2:3_362_63	official2	3	63	val2014/COCO_val2014_000000356790.jpg	val2014/COCO_val2014_000000118542.jpg	1377	174627	522283	165104	461930	0.3343532146365093	0.023068905598158274	0.6656467853634906	[.25,.5)
1713	public2:3_363_43	official2	3	43	val2014/COCO_val2014_000000112437.jpg	val2014/COCO_val2014_000000192457.jpg	122	7930	9336	8125	9905	0.8494001713796058	-0.029107389956082308	0.15059982862039423	[.75,.9)
1714	public2:3_364_75	official2	3	75	val2014/COCO_val2014_000000083059.jpg	val2014/COCO_val2014_000000388988.jpg	40	12130	84442	11613	66281	0.143648895099595	0.03155968654522026	0.856351104900405	[0,.25)
1715	public2:3_365_7	official2	3	7	val2014/COCO_val2014_000000139468.jpg	val2014/COCO_val2014_000000019923.jpg	1378	0	89852	0	92266	0.0	0.0	1.0	[0,.25)
1716	public2:3_366_35	official2	3	35	val2014/COCO_val2014_000000219690.jpg	val2014/COCO_val2014_000000093985.jpg	514	7771	9576	7948	10015	0.8115079365079365	-0.01789835088636882	0.1884920634920635	[.75,.9)
1717	public2:3_367_43	official2	3	43	val2014/COCO_val2014_000000429811.jpg	val2014/COCO_val2014_000000319283.jpg	1379	7681	26768	7584	24131	0.2869471010161387	0.0273374292561252	0.7130528989838614	[.25,.5)
1718	public2:3_368_43	official2	3	43	val2014/COCO_val2014_000000113571.jpg	val2014/COCO_val2014_000000192457.jpg	122	9336	11043	9170	11687	0.8454224395544689	-0.06078994190751075	0.15457756044553106	[.75,.9)
1719	public2:3_369_59	official2	3	59	val2014/COCO_val2014_000000568893.jpg	val2014/COCO_val2014_000000052232.jpg	1380	144446	157113	142675	158143	0.9193764997167644	-0.017186709463639094	0.08062350028323562	[.9,1]
1720	public2:3_370_55	official2	3	55	val2014/COCO_val2014_000000037725.jpg	val2014/COCO_val2014_000000143901.jpg	1032	120747	414327	149538	415516	0.2914292334315649	0.06845582514620346	0.7085707665684351	[.25,.5)
1721	public2:3_371_75	official2	3	75	val2014/COCO_val2014_000000428079.jpg	val2014/COCO_val2014_000000536429.jpg	1381	128852	134368	129113	134773	0.9589485591807573	-0.0009451015149043451	0.041051440819242724	[.9,1]
1722	public2:3_372_71	official2	3	71	val2014/COCO_val2014_000000090255.jpg	val2014/COCO_val2014_000000577857.jpg	1382	6614	32747	6486	35713	0.20197269978929366	-0.02035816166592122	0.7980273002107063	[0,.25)
1723	public2:3_373_51	official2	3	51	val2014/COCO_val2014_000000460675.jpg	val2014/COCO_val2014_000000327794.jpg	41	36396	274909	37433	310470	0.13239290092357836	-0.011824085901192952	0.8676070990764216	[0,.25)
1724	public2:3_374_15	official2	3	15	val2014/COCO_val2014_000000194120.jpg	val2014/COCO_val2014_000000084312.jpg	1383	253031	259738	254429	261009	0.9741778253470805	0.0006123159890419894	0.025822174652919472	[.9,1]
1725	public2:3_375_55	official2	3	55	val2014/COCO_val2014_000000108303.jpg	val2014/COCO_val2014_000000080369.jpg	1384	153449	159931	152381	158769	0.9594700214467489	0.0002954239487628074	0.040529978553251134	[.9,1]
1726	public2:3_376_43	official2	3	43	val2014/COCO_val2014_000000544565.jpg	val2014/COCO_val2014_000000275202.jpg	535	13444	21365	14126	19559	0.6292534519073251	0.09297161072368876	0.37074654809267493	[.5,.75)
1727	public2:3_377_31	official2	3	31	val2014/COCO_val2014_000000052803.jpg	val2014/COCO_val2014_000000235130.jpg	1385	63050	69640	61594	71660	0.9053704767375071	-0.045839357563630556	0.09462952326249285	[.9,1]
1728	public2:3_378_19	official2	3	19	val2014/COCO_val2014_000000403432.jpg	val2014/COCO_val2014_000000557016.jpg	1364	31950	41747	30461	37618	0.7653244544518168	0.044420880228389414	0.23467554554818315	[.75,.9)
1729	public2:3_379_43	official2	3	43	val2014/COCO_val2014_000000037900.jpg	val2014/COCO_val2014_000000183766.jpg	1386	25964	60496	25172	49569	0.42918540068764877	0.07863198517851755	0.5708145993123512	[.25,.5)
1730	public2:3_380_31	official2	3	31	val2014/COCO_val2014_000000407644.jpg	val2014/COCO_val2014_000000495131.jpg	1387	55516	76671	58056	80536	0.724080812823623	-0.0032106429616979293	0.275919187176377	[.5,.75)
1731	public2:3_381_3	official2	3	3	val2014/COCO_val2014_000000421370.jpg	val2014/COCO_val2014_000000024396.jpg	1388	290106	338576	294605	333605	0.8568415953877416	0.026253681961219022	0.14315840461225837	[.75,.9)
1732	public2:3_382_63	official2	3	63	val2014/COCO_val2014_000000332512.jpg	val2014/COCO_val2014_000000177842.jpg	1389	16777	22260	16036	21149	0.7536837376460018	0.004555422597981362	0.24631626235399817	[.75,.9)
1733	public2:3_383_3	official2	3	3	val2014/COCO_val2014_000000468115.jpg	val2014/COCO_val2014_000000581401.jpg	1390	17544	36445	9888	39293	0.481382905748388	-0.22973502953634006	0.518617094251612	[.25,.5)
1734	public2:3_384_31	official2	3	31	val2014/COCO_val2014_000000422017.jpg	val2014/COCO_val2014_000000074860.jpg	461	60881	64147	61845	66803	0.9490856937970599	-0.023303917529526985	0.05091430620294013	[.9,1]
1735	public2:3_385_51	official2	3	51	val2014/COCO_val2014_000000313562.jpg	val2014/COCO_val2014_000000118367.jpg	599	51259	88433	50394	56947	0.5796365610122918	0.3052915300197204	0.4203634389877082	[.5,.75)
1736	public2:3_386_79	official2	3	79	val2014/COCO_val2014_000000007559.jpg	val2014/COCO_val2014_000000389464.jpg	1391	193870	374097	215591	381901	0.5182345755245298	0.046286072496816044	0.4817654244754702	[.5,.75)
1737	public2:3_387_35	official2	3	35	val2014/COCO_val2014_000000562062.jpg	val2014/COCO_val2014_000000022403.jpg	900	41497	44572	42417	45500	0.9310104998653863	0.0012312583763719465	0.06898950013461369	[.9,1]
1738	public2:3_388_11	official2	3	11	val2014/COCO_val2014_000000494473.jpg	val2014/COCO_val2014_000000015440.jpg	1392	97127	102631	97876	102204	0.9463709795286025	0.011282341280759223	0.053629020471397504	[.9,1]
1739	public2:3_389_19	official2	3	19	val2014/COCO_val2014_000000166505.jpg	val2014/COCO_val2014_000000297439.jpg	1393	117101	139719	121291	142706	0.8381179367158368	0.011818295818184166	0.1618820632841632	[.75,.9)
1740	public2:3_390_79	official2	3	79	val2014/COCO_val2014_000000119460.jpg	val2014/COCO_val2014_000000063478.jpg	58	22069	51521	21176	48489	0.4283496050154306	0.008368001039550932	0.5716503949845694	[.25,.5)
1741	public2:3_391_55	official2	3	55	val2014/COCO_val2014_000000332968.jpg	val2014/COCO_val2014_000000218761.jpg	499	112952	406984	29032	405692	0.27753425196076503	-0.2059725746291933	0.7224657480392349	[.25,.5)
1742	public2:3_392_71	official2	3	71	val2014/COCO_val2014_000000124135.jpg	val2014/COCO_val2014_000000543961.jpg	257	4663	167268	5717	166356	0.02787741827486429	0.006488640057867926	0.9721225817251357	[0,.25)
1743	public2:3_393_27	official2	3	27	val2014/COCO_val2014_000000112440.jpg	val2014/COCO_val2014_000000085329.jpg	1394	258732	409554	258080	403868	0.6317408693359118	0.007279800784028345	0.3682591306640882	[.5,.75)
1744	public2:3_394_15	official2	3	15	val2014/COCO_val2014_000000346985.jpg	val2014/COCO_val2014_000000046877.jpg	1395	226230	256359	241738	256195	0.8824734064339461	0.06109692085581364	0.11752659356605388	[.75,.9)
1745	public2:3_395_23	official2	3	23	val2014/COCO_val2014_000000429283.jpg	val2014/COCO_val2014_000000486046.jpg	1396	63194	86557	71529	87364	0.730085377265848	0.08866147498450683	0.269914622734152	[.5,.75)
1746	public2:3_396_39	official2	3	39	val2014/COCO_val2014_000000037729.jpg	val2014/COCO_val2014_000000406426.jpg	1397	82412	157384	82903	163198	0.5236364560565242	-0.01564616205782321	0.4763635439434758	[.5,.75)
1747	public2:3_397_31	official2	3	31	val2014/COCO_val2014_000000376393.jpg	val2014/COCO_val2014_000000512320.jpg	1398	0	158393	0	130076	0.0	0.0	1.0	[0,.25)
1748	public2:3_398_47	official2	3	47	val2014/COCO_val2014_000000149251.jpg	val2014/COCO_val2014_000000142177.jpg	444	346560	372642	347958	377053	0.9300078896098668	-0.007172107902785885	0.0699921103901332	[.9,1]
1749	public2:3_399_67	official2	3	67	val2014/COCO_val2014_000000445334.jpg	val2014/COCO_val2014_000000260695.jpg	1399	7134	18050	7359	15787	0.39523545706371194	0.07090757201084308	0.604764542936288	[.25,.5)
1750	public2:3_400_23	official2	3	23	val2014/COCO_val2014_000000076026.jpg	val2014/COCO_val2014_000000302452.jpg	1400	194768	242152	204913	243706	0.8043212527668572	0.03649924406128824	0.19567874723314282	[.75,.9)
1751	public2:3_401_27	official2	3	27	val2014/COCO_val2014_000000216841.jpg	val2014/COCO_val2014_000000397303.jpg	543	584204	864637	589633	897919	0.6756638913208665	-0.018997755511289016	0.32433610867913354	[.5,.75)
1752	public2:3_402_23	official2	3	23	val2014/COCO_val2014_000000186497.jpg	val2014/COCO_val2014_000000305821.jpg	1401	82117	90348	82507	91208	0.9088967104971887	-0.004294044064419578	0.09110328950281132	[.9,1]
1753	public2:3_403_19	official2	3	19	val2014/COCO_val2014_000000133061.jpg	val2014/COCO_val2014_000000397309.jpg	1402	212524	235471	213106	236520	0.9025485091582403	-0.001542251759288793	0.09745149084175975	[.9,1]
1754	public2:3_404_51	official2	3	51	val2014/COCO_val2014_000000027326.jpg	val2014/COCO_val2014_000000512013.jpg	642	18300	60533	18170	60261	0.3023144400574893	-0.0007927261795251384	0.6976855599425107	[.25,.5)
1755	public2:3_405_43	official2	3	43	val2014/COCO_val2014_000000573149.jpg	val2014/COCO_val2014_000000179720.jpg	489	28959	53541	29558	54899	0.5408752171233261	-0.0024683244659006176	0.4591247828766739	[.5,.75)
1756	public2:3_406_79	official2	3	79	val2014/COCO_val2014_000000482432.jpg	val2014/COCO_val2014_000000308645.jpg	1367	46357	54927	46353	53975	0.8439747300963096	0.014811745123699649	0.15602526990369037	[.75,.9)
1757	public2:3_407_51	official2	3	51	val2014/COCO_val2014_000000167131.jpg	val2014/COCO_val2014_000000116182.jpg	629	67108	110110	69599	110011	0.6094632640087185	0.023191652317830602	0.39053673599128147	[.5,.75)
1758	public2:3_408_23	official2	3	23	val2014/COCO_val2014_000000312724.jpg	val2014/COCO_val2014_000000299082.jpg	1403	7185	55650	8225	59477	0.12911051212938005	0.00917823814383481	0.8708894878706199	[0,.25)
1759	public2:3_409_27	official2	3	27	val2014/COCO_val2014_000000271907.jpg	val2014/COCO_val2014_000000568814.jpg	1404	40842	74903	38804	65119	0.5452652096711748	0.05062846191469117	0.45473479032882524	[.5,.75)
1760	public2:3_410_55	official2	3	55	val2014/COCO_val2014_000000376295.jpg	val2014/COCO_val2014_000000168032.jpg	921	31224	34969	30882	35759	0.8929051445566073	-0.029290390229025465	0.1070948554433927	[.75,.9)
1761	public2:3_411_27	official2	3	27	val2014/COCO_val2014_000000466784.jpg	val2014/COCO_val2014_000000359066.jpg	451	34289	69080	30806	63705	0.49636653155761434	-0.012793813560596834	0.5036334684423857	[.25,.5)
1762	public2:3_412_11	official2	3	11	val2014/COCO_val2014_000000274629.jpg	val2014/COCO_val2014_000000365618.jpg	1405	316701	360003	317044	364084	0.8797176690194248	-0.008918622645511132	0.12028233098057517	[.75,.9)
1763	public2:3_413_31	official2	3	31	val2014/COCO_val2014_000000210890.jpg	val2014/COCO_val2014_000000142790.jpg	1406	153083	271049	154301	264967	0.5647797999623684	0.017560642432344897	0.4352202000376316	[.5,.75)
1764	public2:3_414_51	official2	3	51	val2014/COCO_val2014_000000279027.jpg	val2014/COCO_val2014_000000348854.jpg	75	32736	296511	30919	244881	0.11040399850258506	0.01585732842763818	0.8895960014974149	[0,.25)
1765	public2:3_415_7	official2	3	7	val2014/COCO_val2014_000000553912.jpg	val2014/COCO_val2014_000000555472.jpg	1407	0	41991	0	40958	0.0	0.0	1.0	[0,.25)
1766	public2:3_416_79	official2	3	79	val2014/COCO_val2014_000000514089.jpg	val2014/COCO_val2014_000000191691.jpg	58	30235	65208	31356	61789	0.46367010182799656	0.04379886514023407	0.5363298981720035	[.25,.5)
1767	public2:3_417_39	official2	3	39	val2014/COCO_val2014_000000244181.jpg	val2014/COCO_val2014_000000394517.jpg	1408	52253	65706	52243	63403	0.7952546190606642	0.02872847322203531	0.2047453809393358	[.75,.9)
1768	public2:3_418_7	official2	3	7	val2014/COCO_val2014_000000160501.jpg	val2014/COCO_val2014_000000178835.jpg	1409	55205	71940	53465	70616	0.7673755907700862	-0.010252559162518549	0.2326244092299138	[.75,.9)
1769	public2:3_419_55	official2	3	55	val2014/COCO_val2014_000000467908.jpg	val2014/COCO_val2014_000000092602.jpg	1410	243779	291375	249759	291959	0.8366503646503647	0.018808792286054477	0.1633496353496353	[.75,.9)
1770	public2:3_420_7	official2	3	7	val2014/COCO_val2014_000000308947.jpg	val2014/COCO_val2014_000000374806.jpg	1089	299659	374083	288379	368750	0.8010494997099574	-0.019004753947245545	0.19895050029004258	[.75,.9)
1771	public2:3_421_75	official2	3	75	val2014/COCO_val2014_000000492911.jpg	val2014/COCO_val2014_000000087742.jpg	1411	89445	99867	89117	95480	0.8956412027997236	0.03771656846127347	0.10435879720027641	[.75,.9)
1772	public2:3_422_3	official2	3	3	val2014/COCO_val2014_000000077628.jpg	val2014/COCO_val2014_000000407602.jpg	1412	73204	99453	76994	103761	0.736066282565634	0.0059658875175379045	0.263933717434366	[.5,.75)
1773	public2:3_423_47	official2	3	47	val2014/COCO_val2014_000000194140.jpg	val2014/COCO_val2014_000000102641.jpg	1413	15717	66406	15876	41870	0.23668042044393578	0.14249321222862216	0.7633195795560642	[0,.25)
1774	public2:3_424_23	official2	3	23	val2014/COCO_val2014_000000434735.jpg	val2014/COCO_val2014_000000501385.jpg	1414	19319	27091	22057	28988	0.7131150566608837	0.04778600584774051	0.2868849433391163	[.5,.75)
1775	public2:3_425_71	official2	3	71	val2014/COCO_val2014_000000251062.jpg	val2014/COCO_val2014_000000550597.jpg	1415	58415	90696	57023	90813	0.644074711122872	-0.016158003162557888	0.35592528887712804	[.5,.75)
1776	public2:3_426_15	official2	3	15	val2014/COCO_val2014_000000070353.jpg	val2014/COCO_val2014_000000100000.jpg	260	161585	180144	161776	183384	0.8969768629540812	-0.014806117414666642	0.10302313704591881	[.75,.9)
1777	public2:3_427_59	official2	3	59	val2014/COCO_val2014_000000242615.jpg	val2014/COCO_val2014_000000271820.jpg	966	400633	437687	370028	441240	0.9153413283922072	-0.0767319548086699	0.08465867160779283	[.9,1]
1778	public2:3_428_31	official2	3	31	val2014/COCO_val2014_000000276840.jpg	val2014/COCO_val2014_000000044195.jpg	932	7026	14412	6951	13935	0.4875104079933389	0.01130552311538019	0.5124895920066611	[.25,.5)
1779	public2:3_429_27	official2	3	27	val2014/COCO_val2014_000000260478.jpg	val2014/COCO_val2014_000000398045.jpg	441	7131	26543	7145	23739	0.26865840334551483	0.03232310387888382	0.7313415966544852	[.25,.5)
1780	public2:3_430_15	official2	3	15	val2014/COCO_val2014_000000022892.jpg	val2014/COCO_val2014_000000389969.jpg	1416	218187	250267	218400	230791	0.8718168995512793	0.07449383180306302	0.12818310044872072	[.75,.9)
1781	public2:3_431_7	official2	3	7	val2014/COCO_val2014_000000270066.jpg	val2014/COCO_val2014_000000463151.jpg	1417	162657	217298	162933	216090	0.7485434748594096	0.005461800720209964	0.25145652514059036	[.5,.75)
1782	public2:3_432_23	official2	3	23	val2014/COCO_val2014_000000470714.jpg	val2014/COCO_val2014_000000492075.jpg	1418	321008	389546	322689	389151	0.8240567224409954	0.005156102400775575	0.17594327755900463	[.75,.9)
1783	public2:3_433_43	official2	3	43	val2014/COCO_val2014_000000578418.jpg	val2014/COCO_val2014_000000438905.jpg	1419	14243	41617	14266	40887	0.34223995002042434	0.0066729073670093175	0.6577600499795757	[.25,.5)
1784	public2:3_434_63	official2	3	63	val2014/COCO_val2014_000000044263.jpg	val2014/COCO_val2014_000000308702.jpg	1420	29877	132627	29799	127735	0.22527087244678684	0.008016793423961194	0.7747291275532131	[0,.25)
1785	public2:3_435_43	official2	3	43	val2014/COCO_val2014_000000488522.jpg	val2014/COCO_val2014_000000183766.jpg	1386	54570	64002	55014	66088	0.8526296053248336	-0.02019406483336761	0.14737039467516644	[.75,.9)
1786	public2:3_436_47	official2	3	47	val2014/COCO_val2014_000000369379.jpg	val2014/COCO_val2014_000000551660.jpg	1421	36465	41440	37517	41429	0.8799469111969112	0.025626479423185855	0.12005308880308885	[.75,.9)
1787	public2:3_437_19	official2	3	19	val2014/COCO_val2014_000000416960.jpg	val2014/COCO_val2014_000000545959.jpg	1422	7729	27653	7425	14596	0.2794995118070372	0.22920150216939467	0.7205004881929629	[.25,.5)
1788	public2:3_438_11	official2	3	11	val2014/COCO_val2014_000000365618.jpg	val2014/COCO_val2014_000000141501.jpg	1405	11642	23355	10482	19486	0.49847998287304646	0.039444680988187264	0.5015200171269536	[.25,.5)
1789	public2:3_439_75	official2	3	75	val2014/COCO_val2014_000000283890.jpg	val2014/COCO_val2014_000000132375.jpg	1423	161463	177626	163485	177555	0.909005438393028	0.011751510158125145	0.09099456160697195	[.9,1]
1790	public2:3_440_19	official2	3	19	val2014/COCO_val2014_000000500389.jpg	val2014/COCO_val2014_000000285235.jpg	937	48372	58494	49077	58009	0.8269566109344548	0.019067281909759037	0.17304338906554517	[.75,.9)
1791	public2:3_441_47	official2	3	47	val2014/COCO_val2014_000000158660.jpg	val2014/COCO_val2014_000000017909.jpg	434	67111	70808	66669	71015	0.9477883854931646	-0.008986723872380198	0.052211614506835424	[.9,1]
1792	public2:3_442_43	official2	3	43	val2014/COCO_val2014_000000556073.jpg	val2014/COCO_val2014_000000211282.jpg	1424	30	115431	0	113657	0.00025989552200015594	-0.00025989552200015594	0.9997401044779999	[0,.25)
1793	public2:3_443_63	official2	3	63	val2014/COCO_val2014_000000208995.jpg	val2014/COCO_val2014_000000447611.jpg	891	9851	20108	9511	15617	0.48990451561567533	0.11911130048216673	0.5100954843843246	[.25,.5)
1794	public2:3_444_39	official2	3	39	val2014/COCO_val2014_000000522232.jpg	val2014/COCO_val2014_000000505709.jpg	1425	14367	96541	14490	98046	0.1488176008120902	-0.001029827725987753	0.8511823991879098	[0,.25)
1795	public2:3_445_19	official2	3	19	val2014/COCO_val2014_000000002124.jpg	val2014/COCO_val2014_000000306582.jpg	1426	6453	13963	6450	14376	0.46214996777196876	-0.013485527037411182	0.5378500322280313	[.25,.5)
1796	public2:3_446_11	official2	3	11	val2014/COCO_val2014_000000158306.jpg	val2014/COCO_val2014_000000418092.jpg	1427	430871	524490	451536	526797	0.8215046998036187	0.03563002192030906	0.17849530019638127	[.75,.9)
1797	public2:3_447_31	official2	3	31	val2014/COCO_val2014_000000162902.jpg	val2014/COCO_val2014_000000029045.jpg	1428	115647	159447	115629	159283	0.7253005700953922	0.0006337731804125779	0.27469942990460783	[.5,.75)
1798	public2:3_448_15	official2	3	15	val2014/COCO_val2014_000000037707.jpg	val2014/COCO_val2014_000000534942.jpg	1429	197922	229861	202294	230723	0.8610508089671585	0.015732173223607093	0.13894919103284153	[.75,.9)
1799	public2:3_449_59	official2	3	59	val2014/COCO_val2014_000000120380.jpg	val2014/COCO_val2014_000000118966.jpg	1430	274341	353350	284269	358081	0.7764001698033112	0.01746769808132942	0.22359983019668883	[.75,.9)
1800	public3:0_450_32	official3	0	32	val2014/COCO_val2014_000000268058.jpg	val2014/COCO_val2014_000000355247.jpg	1431	57252	105961	56485	105446	0.540312001585489	-0.004634972584863117	0.459687998414511	[.5,.75)
1801	public3:0_451_60	official3	0	60	val2014/COCO_val2014_000000489550.jpg	val2014/COCO_val2014_000000580791.jpg	1432	194180	454588	238901	578250	0.4271560181966968	-0.014011184647193975	0.5728439818033032	[.25,.5)
1802	public3:0_452_24	official3	0	24	val2014/COCO_val2014_000000567740.jpg	val2014/COCO_val2014_000000538721.jpg	639	322	118331	0	140323	0.002721180417642038	-0.002721180417642038	0.997278819582358	[0,.25)
1803	public3:0_453_64	official3	0	64	val2014/COCO_val2014_000000104982.jpg	val2014/COCO_val2014_000000025846.jpg	357	37088	58773	37088	59635	0.631038061694996	-0.009121402015277669	0.368961938305004	[.5,.75)
1804	public3:0_454_0	official3	0	0	val2014/COCO_val2014_000000222628.jpg	val2014/COCO_val2014_000000168162.jpg	1433	392523	477833	397564	476646	0.8214648213915741	0.012621691450241501	0.17853517860842594	[.75,.9)
1805	public3:0_455_68	official3	0	68	val2014/COCO_val2014_000000568717.jpg	val2014/COCO_val2014_000000296604.jpg	1434	9295	20364	7479	18316	0.4564427420938912	-0.048111228663011096	0.5435572579061088	[.25,.5)
1806	public3:0_456_4	official3	0	4	val2014/COCO_val2014_000000409052.jpg	val2014/COCO_val2014_000000235663.jpg	1435	98558	191918	78122	185594	0.5135422419991872	-0.09261268608681933	0.4864577580008128	[.5,.75)
1807	public3:0_457_64	official3	0	64	val2014/COCO_val2014_000000281208.jpg	val2014/COCO_val2014_000000021503.jpg	1436	14849	19736	14791	16261	0.7523814349412241	0.1572182206765116	0.24761856505877589	[.75,.9)
1808	public3:0_458_56	official3	0	56	val2014/COCO_val2014_000000526359.jpg	val2014/COCO_val2014_000000323561.jpg	1437	5414	120343	15947	114994	0.044988075750147495	0.09368872477857576	0.9550119242498525	[0,.25)
1809	public3:0_459_72	official3	0	72	val2014/COCO_val2014_000000104392.jpg	val2014/COCO_val2014_000000280918.jpg	1438	54502	65565	54825	59328	0.8312666819187067	0.09283323717514447	0.16873331808129333	[.75,.9)
1810	public3:0_460_12	official3	0	12	val2014/COCO_val2014_000000145480.jpg	val2014/COCO_val2014_000000230600.jpg	1439	574074	599990	575808	600431	0.9568059467657795	0.0021851779429714613	0.04319405323422054	[.9,1]
1811	public3:0_461_64	official3	0	64	val2014/COCO_val2014_000000122953.jpg	val2014/COCO_val2014_000000317062.jpg	389	13369	22581	13381	24825	0.5920464106992605	-0.05303331905776998	0.40795358930073955	[.5,.75)
1812	public3:0_462_12	official3	0	12	val2014/COCO_val2014_000000203488.jpg	val2014/COCO_val2014_000000503252.jpg	1068	36727	49568	37370	51218	0.7409417366042608	-0.011315433351498094	0.25905826339573923	[.5,.75)
1813	public3:0_463_52	official3	0	52	val2014/COCO_val2014_000000538661.jpg	val2014/COCO_val2014_000000218736.jpg	1440	308	59309	0	40040	0.005193141007267026	-0.005193141007267026	0.994806858992733	[0,.25)
1814	public3:0_464_60	official3	0	60	val2014/COCO_val2014_000000349152.jpg	val2014/COCO_val2014_000000536403.jpg	1441	388174	740996	417478	867481	0.5238543797807276	-0.042601188068171314	0.4761456202192724	[.5,.75)
1815	public3:0_465_56	official3	0	56	val2014/COCO_val2014_000000054628.jpg	val2014/COCO_val2014_000000125129.jpg	1442	46950	85440	47487	88129	0.5495084269662921	-0.010673310262369395	0.4504915730337079	[.5,.75)
1816	public3:0_466_64	official3	0	64	val2014/COCO_val2014_000000414501.jpg	val2014/COCO_val2014_000000396178.jpg	389	6501	69231	8077	73148	0.09390302032326558	0.01651695014756069	0.9060969796767344	[0,.25)
1817	public3:0_467_44	official3	0	44	val2014/COCO_val2014_000000029640.jpg	val2014/COCO_val2014_000000551660.jpg	1421	47293	56277	45402	58342	0.8403610711303019	-0.06215669006691704	0.1596389288696981	[.75,.9)
1818	public3:0_468_20	official3	0	20	val2014/COCO_val2014_000000317033.jpg	val2014/COCO_val2014_000000026026.jpg	1443	215949	222966	216669	222898	0.9685288339926267	0.0035256483266403738	0.03147116600737332	[.9,1]
1819	public3:0_469_20	official3	0	20	val2014/COCO_val2014_000000484175.jpg	val2014/COCO_val2014_000000301908.jpg	1444	158626	185045	160500	187317	0.8572293225972061	-0.0003930503955372755	0.14277067740279392	[.75,.9)
1820	public3:0_470_60	official3	0	60	val2014/COCO_val2014_000000467887.jpg	val2014/COCO_val2014_000000556025.jpg	1445	28199	117715	25666	97362	0.23955315805122543	0.024060982989426966	0.7604468419487745	[0,.25)
1821	public3:0_471_60	official3	0	60	val2014/COCO_val2014_000000122047.jpg	val2014/COCO_val2014_000000256771.jpg	1446	187660	738013	167590	738013	0.25427736367787557	-0.027194642912794192	0.7457226363221244	[.25,.5)
1822	public3:0_472_32	official3	0	32	val2014/COCO_val2014_000000315248.jpg	val2014/COCO_val2014_000000402623.jpg	7	26988	30081	27539	31277	0.8971776204248529	-0.016690361416636046	0.10282237957514706	[.75,.9)
1823	public3:0_473_52	official3	0	52	val2014/COCO_val2014_000000569988.jpg	val2014/COCO_val2014_000000279730.jpg	1447	123046	188576	145565	185555	0.6525008484642797	0.13198353621950676	0.3474991515357203	[.5,.75)
1824	public3:0_474_12	official3	0	12	val2014/COCO_val2014_000000554740.jpg	val2014/COCO_val2014_000000234757.jpg	1448	419989	438685	418579	438892	0.9573817203688296	-0.003664177100781929	0.042618279631170375	[.9,1]
1825	public3:0_475_0	official3	0	0	val2014/COCO_val2014_000000103603.jpg	val2014/COCO_val2014_000000084498.jpg	1449	61797	103727	51967	96121	0.595765808323773	-0.05512432519313559	0.404234191676227	[.5,.75)
1826	public3:0_476_8	official3	0	8	val2014/COCO_val2014_000000291712.jpg	val2014/COCO_val2014_000000002764.jpg	1450	59435	65929	59803	66945	0.9015000985909084	-0.0081846904200219	0.0984999014090916	[.9,1]
1827	public3:0_477_0	official3	0	0	val2014/COCO_val2014_000000408989.jpg	val2014/COCO_val2014_000000495081.jpg	1451	188765	229089	184570	228389	0.8239810728581468	-0.015842327121705968	0.1760189271418532	[.75,.9)
1828	public3:0_478_32	official3	0	32	val2014/COCO_val2014_000000315248.jpg	val2014/COCO_val2014_000000345595.jpg	7	26733	29486	27368	29672	0.9066336566506139	0.015717381365023764	0.0933663433493861	[.9,1]
1829	public3:0_479_24	official3	0	24	val2014/COCO_val2014_000000137993.jpg	val2014/COCO_val2014_000000009679.jpg	1452	12146	24005	11430	20369	0.5059779212664028	0.05516891952106828	0.49402207873359716	[.5,.75)
1830	public3:0_480_68	official3	0	68	val2014/COCO_val2014_000000508312.jpg	val2014/COCO_val2014_000000028682.jpg	650	39740	139882	39593	148584	0.2840965957020918	-0.01762779690814359	0.7159034042979082	[.25,.5)
1831	public3:0_481_60	official3	0	60	val2014/COCO_val2014_000000436273.jpg	val2014/COCO_val2014_000000551336.jpg	1453	68695	297830	73387	293974	0.23065171406507068	0.01898600899887376	0.7693482859349293	[0,.25)
1832	public3:0_482_44	official3	0	44	val2014/COCO_val2014_000000066632.jpg	val2014/COCO_val2014_000000076384.jpg	915	24352	51833	25198	52881	0.4698165261512936	0.00668732211178763	0.5301834738487063	[.25,.5)
1833	public3:0_483_0	official3	0	0	val2014/COCO_val2014_000000482590.jpg	val2014/COCO_val2014_000000383777.jpg	774	314607	360634	302272	360825	0.8723719893299023	-0.03464733056180147	0.12762801067009766	[.75,.9)
1834	public3:0_484_44	official3	0	44	val2014/COCO_val2014_000000423309.jpg	val2014/COCO_val2014_000000158708.jpg	1454	48029	51664	48645	53575	0.9296415298854135	-0.021662061849949232	0.07035847011458651	[.9,1]
1835	public3:0_485_20	official3	0	20	val2014/COCO_val2014_000000347630.jpg	val2014/COCO_val2014_000000348931.jpg	67	311731	345559	317617	346524	0.902106442025819	0.014473650550741346	0.09789355797418098	[.9,1]
1836	public3:0_486_28	official3	0	28	val2014/COCO_val2014_000000020632.jpg	val2014/COCO_val2014_000000505487.jpg	1042	258966	650714	221353	649863	0.3979720737528315	-0.057357205696025704	0.6020279262471685	[.25,.5)
1837	public3:0_487_0	official3	0	0	val2014/COCO_val2014_000000004134.jpg	val2014/COCO_val2014_000000494393.jpg	1455	512316	648620	524377	649398	0.7898553852795165	0.017626313155033713	0.2101446147204835	[.75,.9)
1838	public3:0_488_0	official3	0	0	val2014/COCO_val2014_000000043286.jpg	val2014/COCO_val2014_000000346154.jpg	1456	6741	124620	1826	120840	0.05409244102070294	-0.03898155058707169	0.945907558979297	[0,.25)
1839	public3:0_489_16	official3	0	16	val2014/COCO_val2014_000000102735.jpg	val2014/COCO_val2014_000000361022.jpg	1457	62940	78481	66792	78813	0.8019775487060562	0.04549685272517978	0.1980224512939438	[.75,.9)
1840	public3:0_490_48	official3	0	48	val2014/COCO_val2014_000000528399.jpg	val2014/COCO_val2014_000000373374.jpg	701	0	164071	0	166346	0.0	0.0	1.0	[0,.25)
1841	public3:0_491_64	official3	0	64	val2014/COCO_val2014_000000046031.jpg	val2014/COCO_val2014_000000298622.jpg	1458	17427	21903	17329	21635	0.7956444322695522	0.0053262171411250225	0.20435556773044783	[.75,.9)
1842	public3:0_492_44	official3	0	44	val2014/COCO_val2014_000000281601.jpg	val2014/COCO_val2014_000000021217.jpg	1459	3	27187	0	21119	0.0001103468569536911	-0.0001103468569536911	0.9998896531430463	[0,.25)
1843	public3:0_493_68	official3	0	68	val2014/COCO_val2014_000000110027.jpg	val2014/COCO_val2014_000000034114.jpg	121	14627	20549	8467	19702	0.7118107937125894	-0.28205746917700925	0.2881892062874106	[.5,.75)
1844	public3:0_494_48	official3	0	48	val2014/COCO_val2014_000000087383.jpg	val2014/COCO_val2014_000000360101.jpg	48	109240	266757	110679	179652	0.409511278054559	0.20656313247245994	0.590488721945441	[.25,.5)
1845	public3:0_495_76	official3	0	76	val2014/COCO_val2014_000000369913.jpg	val2014/COCO_val2014_000000186125.jpg	1460	16148	51323	15633	50378	0.3146347641408335	-0.004320738177119199	0.6853652358591664	[.25,.5)
1846	public3:0_496_68	official3	0	68	val2014/COCO_val2014_000000068833.jpg	val2014/COCO_val2014_000000269866.jpg	140	10217	16231	10372	12729	0.6294744624484012	0.18535781031458098	0.3705255375515988	[.5,.75)
1847	public3:0_497_72	official3	0	72	val2014/COCO_val2014_000000261558.jpg	val2014/COCO_val2014_000000311879.jpg	1461	123615	409221	113192	408637	0.30207394048692515	-0.025075039261632293	0.6979260595130748	[.25,.5)
1848	public3:0_498_36	official3	0	36	val2014/COCO_val2014_000000332292.jpg	val2014/COCO_val2014_000000036333.jpg	1462	14445	23885	14105	20151	0.6047728700020933	0.09519239226776921	0.39522712999790666	[.5,.75)
1849	public3:0_499_52	official3	0	52	val2014/COCO_val2014_000000311744.jpg	val2014/COCO_val2014_000000151826.jpg	1463	166690	365200	166990	367099	0.45643483023001097	-0.0015439152452248472	0.543565169769989	[.25,.5)
1850	public3:0_500_68	official3	0	68	val2014/COCO_val2014_000000504747.jpg	val2014/COCO_val2014_000000531967.jpg	1464	83009	92824	87735	99606	0.8942622597604067	-0.013441827256340688	0.10573774023959326	[.75,.9)
1851	public3:0_501_60	official3	0	60	val2014/COCO_val2014_000000520871.jpg	val2014/COCO_val2014_000000428867.jpg	254	133783	275145	123534	269959	0.486227261989133	-0.028624440819992547	0.513772738010867	[.25,.5)
1852	public3:0_502_48	official3	0	48	val2014/COCO_val2014_000000190185.jpg	val2014/COCO_val2014_000000214471.jpg	1465	219756	373999	238944	374956	0.5875844587819754	0.04967431291390356	0.4124155412180246	[.5,.75)
1853	public3:0_503_4	official3	0	4	val2014/COCO_val2014_000000534669.jpg	val2014/COCO_val2014_000000283163.jpg	1466	155635	188603	159879	188564	0.8251989629009082	0.022677620115998498	0.17480103709909178	[.75,.9)
1854	public3:0_504_60	official3	0	60	val2014/COCO_val2014_000000398727.jpg	val2014/COCO_val2014_000000400567.jpg	1076	83525	413263	59205	412414	0.20211100437251822	-0.05855380214368991	0.7978889956274817	[0,.25)
1855	public3:0_505_0	official3	0	0	val2014/COCO_val2014_000000414698.jpg	val2014/COCO_val2014_000000240102.jpg	1467	200182	369174	196203	368462	0.5422429531873859	-0.00975113584937004	0.4577570468126141	[.5,.75)
1856	public3:0_506_28	official3	0	28	val2014/COCO_val2014_000000312175.jpg	val2014/COCO_val2014_000000361551.jpg	1468	78432	115967	77655	115525	0.6763303353540231	-0.004138169156230442	0.3236696646459769	[.5,.75)
1857	public3:0_507_28	official3	0	28	val2014/COCO_val2014_000000313922.jpg	val2014/COCO_val2014_000000233370.jpg	1469	236078	327887	237805	325624	0.7199980481080372	0.010307457628640604	0.28000195189196275	[.5,.75)
1858	public3:0_508_56	official3	0	56	val2014/COCO_val2014_000000453824.jpg	val2014/COCO_val2014_000000456730.jpg	1470	19416	133134	18983	107936	0.14583802785163819	0.03003471154948842	0.8541619721483618	[0,.25)
1859	public3:0_509_32	official3	0	32	val2014/COCO_val2014_000000402623.jpg	val2014/COCO_val2014_000000518974.jpg	7	6472	19285	6857	10265	0.33559761472647137	0.33240043690528703	0.6644023852735286	[.25,.5)
1860	public3:0_510_0	official3	0	0	val2014/COCO_val2014_000000497281.jpg	val2014/COCO_val2014_000000393578.jpg	782	28759	193170	25334	186851	0.14887922555262204	-0.013295257578139708	0.851120774447378	[0,.25)
1861	public3:0_511_32	official3	0	32	val2014/COCO_val2014_000000146627.jpg	val2014/COCO_val2014_000000389986.jpg	1471	57048	62874	57793	64438	0.9073384864968032	-0.010460867700440746	0.09266151350319685	[.9,1]
1862	public3:0_512_60	official3	0	60	val2014/COCO_val2014_000000194724.jpg	val2014/COCO_val2014_000000445200.jpg	232	45473	352453	46213	515199	0.129018620922506	-0.039319300853949954	0.8709813790774941	[0,.25)
1863	public3:0_513_56	official3	0	56	val2014/COCO_val2014_000000151911.jpg	val2014/COCO_val2014_000000170670.jpg	1472	168535	225541	172782	255393	0.7472477287943212	-0.0707139161996142	0.2527522712056788	[.5,.75)
1864	public3:0_514_28	official3	0	28	val2014/COCO_val2014_000000531896.jpg	val2014/COCO_val2014_000000173217.jpg	598	115173	231989	100582	185187	0.4964588838263883	0.04667859342633457	0.5035411161736116	[.25,.5)
1865	public3:0_515_76	official3	0	76	val2014/COCO_val2014_000000353982.jpg	val2014/COCO_val2014_000000532827.jpg	6	7774	11885	7860	12211	0.6541018090029449	-0.010419882870769004	0.3458981909970551	[.5,.75)
1866	public3:0_516_16	official3	0	16	val2014/COCO_val2014_000000219632.jpg	val2014/COCO_val2014_000000426874.jpg	1473	135667	149199	136307	151590	0.9093023411685065	-0.010120337078526997	0.0906976588314935	[.9,1]
1867	public3:0_517_4	official3	0	4	val2014/COCO_val2014_000000503292.jpg	val2014/COCO_val2014_000000368978.jpg	1474	83510	134752	72561	136756	0.6197310615055807	-0.0891437380974669	0.38026893849441934	[.5,.75)
1868	public3:0_518_24	official3	0	24	val2014/COCO_val2014_000000478320.jpg	val2014/COCO_val2014_000000004576.jpg	1120	18198	65304	18190	61249	0.27866593164277836	0.01831850891951653	0.7213340683572216	[.25,.5)
1869	public3:0_519_68	official3	0	68	val2014/COCO_val2014_000000421457.jpg	val2014/COCO_val2014_000000581177.jpg	1475	209061	304008	196850	303511	0.6876825609852373	-0.039106397353606104	0.3123174390147627	[.5,.75)
1870	public3:0_520_4	official3	0	4	val2014/COCO_val2014_000000005477.jpg	val2014/COCO_val2014_000000289173.jpg	1003	184818	210869	187703	213827	0.8764588441164893	0.001367623074277069	0.12354115588351067	[.75,.9)
1871	public3:0_521_0	official3	0	0	val2014/COCO_val2014_000000572900.jpg	val2014/COCO_val2014_000000243694.jpg	1476	45180	65870	44555	68908	0.6858964627296189	-0.03930970937732314	0.3141035372703811	[.5,.75)
1872	public3:0_522_40	official3	0	40	val2014/COCO_val2014_000000069140.jpg	val2014/COCO_val2014_000000355325.jpg	1477	53976	96469	44878	93426	0.5595165286257762	-0.07915774199250492	0.44048347137422383	[.5,.75)
1873	public3:0_523_8	official3	0	8	val2014/COCO_val2014_000000485129.jpg	val2014/COCO_val2014_000000068117.jpg	1478	3290	14334	1582	9244	0.2295242081763639	-0.058386172693888794	0.7704757918236361	[0,.25)
1874	public3:0_524_72	official3	0	72	val2014/COCO_val2014_000000437556.jpg	val2014/COCO_val2014_000000240940.jpg	1479	118264	217342	118617	211036	0.5441378104554113	0.01793216812644205	0.4558621895445887	[.5,.75)
1875	public3:0_525_76	official3	0	76	val2014/COCO_val2014_000000353130.jpg	val2014/COCO_val2014_000000425905.jpg	48	17426	25418	16319	25254	0.6855771500511448	-0.03938248781941922	0.31442284994885517	[.5,.75)
1876	public3:0_526_32	official3	0	32	val2014/COCO_val2014_000000222283.jpg	val2014/COCO_val2014_000000035672.jpg	564	20513	23663	21188	23935	0.8668807843468707	0.01835004916054528	0.13311921565312934	[.75,.9)
1877	public3:0_527_44	official3	0	44	val2014/COCO_val2014_000000550322.jpg	val2014/COCO_val2014_000000191301.jpg	6	82319	153381	83339	135635	0.5366962009636135	0.07773960100490496	0.4633037990363865	[.5,.75)
1878	public3:0_528_16	official3	0	16	val2014/COCO_val2014_000000344702.jpg	val2014/COCO_val2014_000000271576.jpg	1480	38189	87317	36778	88199	0.437360422369069	-0.020371567620148967	0.562639577630931	[.25,.5)
1879	public3:0_529_64	official3	0	64	val2014/COCO_val2014_000000097922.jpg	val2014/COCO_val2014_000000366723.jpg	1481	18906	21632	18826	22296	0.8739829881656804	-0.029616285618138227	0.12601701183431957	[.75,.9)
1880	public3:0_530_36	official3	0	36	val2014/COCO_val2014_000000543644.jpg	val2014/COCO_val2014_000000099604.jpg	552	12298	78036	12725	72462	0.15759393100620225	0.0180153538603485	0.8424060689937978	[0,.25)
1881	public3:0_531_40	official3	0	40	val2014/COCO_val2014_000000277831.jpg	val2014/COCO_val2014_000000560744.jpg	1482	68927	73529	68670	75963	0.9374124495097172	-0.03341971620534534	0.06258755049028275	[.9,1]
1882	public3:0_532_20	official3	0	20	val2014/COCO_val2014_000000382374.jpg	val2014/COCO_val2014_000000086630.jpg	1483	552339	646365	556190	646345	0.8545311085841591	0.005984560292369601	0.14546889141584085	[.75,.9)
1883	public3:0_533_40	official3	0	40	val2014/COCO_val2014_000000218205.jpg	val2014/COCO_val2014_000000463837.jpg	1484	10829	42486	11119	15666	0.25488396177564376	0.4548696447608046	0.7451160382243562	[.25,.5)
1884	public3:0_534_28	official3	0	28	val2014/COCO_val2014_000000508440.jpg	val2014/COCO_val2014_000000275488.jpg	537	243506	289953	243022	290614	0.8398119695260956	-0.0035755872458200777	0.1601880304739044	[.75,.9)
1885	public3:0_535_52	official3	0	52	val2014/COCO_val2014_000000120398.jpg	val2014/COCO_val2014_000000471785.jpg	613	76295	282096	78238	282465	0.2704575747263343	0.006525414316555955	0.7295424252736658	[.25,.5)
1886	public3:0_536_40	official3	0	40	val2014/COCO_val2014_000000357633.jpg	val2014/COCO_val2014_000000272738.jpg	1485	87292	93918	87067	95881	0.9294490938904151	-0.02137554438634237	0.07055090610958492	[.9,1]
1887	public3:0_537_72	official3	0	72	val2014/COCO_val2014_000000353317.jpg	val2014/COCO_val2014_000000000486.jpg	1486	29147	36536	29321	35681	0.7977611123275673	0.02399276228357028	0.2022388876724327	[.75,.9)
1888	public3:0_538_4	official3	0	4	val2014/COCO_val2014_000000014567.jpg	val2014/COCO_val2014_000000322791.jpg	1487	32492	35120	33995	38150	0.9251708428246014	-0.03408303155330383	0.07482915717539862	[.9,1]
1889	public3:0_539_0	official3	0	0	val2014/COCO_val2014_000000328836.jpg	val2014/COCO_val2014_000000076334.jpg	1488	20577	38196	19964	38361	0.5387213320766573	-0.01829694272288651	0.4612786679233427	[.5,.75)
1890	public3:0_540_12	official3	0	12	val2014/COCO_val2014_000000485406.jpg	val2014/COCO_val2014_000000107004.jpg	36	126121	163652	129279	167774	0.7706658030454868	-0.00011136672043043916	0.22933419695451318	[.75,.9)
1891	public3:0_541_12	official3	0	12	val2014/COCO_val2014_000000242345.jpg	val2014/COCO_val2014_000000529597.jpg	84	25637	28284	25920	27974	0.9064135200113138	0.02016115647399397	0.09358647998868619	[.9,1]
1892	public3:0_542_12	official3	0	12	val2014/COCO_val2014_000000230450.jpg	val2014/COCO_val2014_000000075173.jpg	1489	221403	238556	223643	238911	0.9280965475611597	0.007996809379290926	0.07190345243884033	[.9,1]
1893	public3:0_543_44	official3	0	44	val2014/COCO_val2014_000000552563.jpg	val2014/COCO_val2014_000000097315.jpg	1490	5941	84331	5949	60593	0.07044858948666564	0.027731068229572206	0.9295514105133343	[0,.25)
1894	public3:0_544_16	official3	0	16	val2014/COCO_val2014_000000191169.jpg	val2014/COCO_val2014_000000032677.jpg	1491	13269	195369	13991	198521	0.06791763278718732	0.0025585384994775695	0.9320823672128127	[0,.25)
1895	public3:0_545_0	official3	0	0	val2014/COCO_val2014_000000195567.jpg	val2014/COCO_val2014_000000029030.jpg	1492	14857	17840	14807	18724	0.8327914798206278	-0.04198823265121965	0.16720852017937216	[.75,.9)
1896	public3:0_546_20	official3	0	20	val2014/COCO_val2014_000000303847.jpg	val2014/COCO_val2014_000000070943.jpg	1493	164368	272388	160927	271869	0.6034333377388138	-0.011504872191068327	0.3965666622611862	[.5,.75)
1897	public3:0_547_28	official3	0	28	val2014/COCO_val2014_000000188044.jpg	val2014/COCO_val2014_000000297349.jpg	1494	18102	19750	18347	20519	0.9165569620253164	-0.022410073775401718	0.08344303797468355	[.9,1]
1898	public3:0_548_68	official3	0	68	val2014/COCO_val2014_000000218988.jpg	val2014/COCO_val2014_000000302026.jpg	1495	368817	383488	367641	377188	0.9617432618491322	0.012945752647617437	0.03825673815086783	[.9,1]
1899	public3:0_549_48	official3	0	48	val2014/COCO_val2014_000000482225.jpg	val2014/COCO_val2014_000000404243.jpg	569	248835	427462	251305	396578	0.5821219196092284	0.051561744134095755	0.41787808039077157	[.5,.75)
1900	public3:0_550_68	official3	0	68	val2014/COCO_val2014_000000458778.jpg	val2014/COCO_val2014_000000500330.jpg	271	54399	64809	52597	64951	0.8393741609961579	-0.029579084707879066	0.16062583900384209	[.75,.9)
1901	public3:0_551_28	official3	0	28	val2014/COCO_val2014_000000488004.jpg	val2014/COCO_val2014_000000429063.jpg	364	270185	721586	270165	723462	0.3744321536171711	-0.0009985800500728614	0.6255678463828289	[.25,.5)
1902	public3:0_552_4	official3	0	4	val2014/COCO_val2014_000000443737.jpg	val2014/COCO_val2014_000000364145.jpg	1496	74611	83559	74729	87020	0.89291398891801	-0.034157381241613716	0.10708601108199	[.75,.9)
1903	public3:0_553_68	official3	0	68	val2014/COCO_val2014_000000321242.jpg	val2014/COCO_val2014_000000084680.jpg	1497	107327	113871	107834	113477	0.9425314610392461	0.007740400218982368	0.05746853896075388	[.9,1]
1904	public3:0_554_76	official3	0	76	val2014/COCO_val2014_000000471932.jpg	val2014/COCO_val2014_000000318730.jpg	1498	30219	41688	31102	43687	0.7248848589522164	-0.012956825441103326	0.27511514104778356	[.5,.75)
1905	public3:0_555_16	official3	0	16	val2014/COCO_val2014_000000228309.jpg	val2014/COCO_val2014_000000561903.jpg	1499	137006	435782	225290	435037	0.31439114052439066	0.20347285725051123	0.6856088594756093	[.25,.5)
1906	public3:0_556_48	official3	0	48	val2014/COCO_val2014_000000297812.jpg	val2014/COCO_val2014_000000428712.jpg	1500	5927	37583	5825	26233	0.157704281190964	0.06434428359384903	0.842295718809036	[0,.25)
1907	public3:0_557_20	official3	0	20	val2014/COCO_val2014_000000322031.jpg	val2014/COCO_val2014_000000084643.jpg	1501	159288	183808	161288	186467	0.866599930362117	-0.0016318663078875861	0.13340006963788298	[.75,.9)
1908	public3:0_558_28	official3	0	28	val2014/COCO_val2014_000000074181.jpg	val2014/COCO_val2014_000000082465.jpg	1502	291105	462491	302663	460076	0.6294284645539049	0.0284258899440476	0.3705715354460951	[.5,.75)
1909	public3:0_559_20	official3	0	20	val2014/COCO_val2014_000000128324.jpg	val2014/COCO_val2014_000000527193.jpg	1503	91488	111902	92206	112529	0.8175725188111026	0.0018251475682307117	0.1824274811888974	[.75,.9)
1910	public3:0_560_24	official3	0	24	val2014/COCO_val2014_000000454129.jpg	val2014/COCO_val2014_000000113271.jpg	583	10888	12477	11102	12410	0.8726456680291736	0.021955460093308177	0.12735433197082635	[.75,.9)
1911	public3:0_561_72	official3	0	72	val2014/COCO_val2014_000000362779.jpg	val2014/COCO_val2014_000000558673.jpg	1504	205437	387960	206016	411778	0.5295313949891741	-0.029222976375260834	0.4704686050108259	[.5,.75)
1912	public3:0_562_72	official3	0	72	val2014/COCO_val2014_000000277563.jpg	val2014/COCO_val2014_000000190395.jpg	443	57793	64229	57488	64493	0.8997960422861947	-0.008412481279573836	0.1002039577138053	[.75,.9)
1913	public3:0_563_56	official3	0	56	val2014/COCO_val2014_000000350463.jpg	val2014/COCO_val2014_000000193021.jpg	1505	28745	47372	24308	47318	0.6067930423034704	-0.09307733158027842	0.3932069576965296	[.5,.75)
1914	public3:0_564_48	official3	0	48	val2014/COCO_val2014_000000136624.jpg	val2014/COCO_val2014_000000197004.jpg	1506	213387	313382	214527	313744	0.680916581041668	0.002847889354578692	0.31908341895833203	[.5,.75)
1915	public3:0_565_56	official3	0	56	val2014/COCO_val2014_000000146805.jpg	val2014/COCO_val2014_000000053802.jpg	1507	17924	23001	18246	21009	0.7792704665014565	0.0892144685263887	0.22072953349854352	[.75,.9)
1916	public3:0_566_0	official3	0	0	val2014/COCO_val2014_000000091353.jpg	val2014/COCO_val2014_000000254454.jpg	1508	279163	379010	268208	378801	0.7365584021529775	-0.02851380881769061	0.2634415978470225	[.5,.75)
1917	public3:0_567_32	official3	0	32	val2014/COCO_val2014_000000207545.jpg	val2014/COCO_val2014_000000444927.jpg	101	19932	21153	20342	21788	0.9422776911076443	-0.008644498524571054	0.057722308892355745	[.9,1]
1918	public3:0_568_64	official3	0	64	val2014/COCO_val2014_000000469924.jpg	val2014/COCO_val2014_000000070932.jpg	1509	17708	21271	18081	22139	0.832494946170843	-0.015791391358069173	0.16750505382915704	[.75,.9)
1919	public3:0_569_12	official3	0	12	val2014/COCO_val2014_000000056070.jpg	val2014/COCO_val2014_000000281102.jpg	1058	32765	38953	32643	40761	0.8411418889430853	-0.04030285162800473	0.15885811105691472	[.75,.9)
1920	public3:0_570_0	official3	0	0	val2014/COCO_val2014_000000016733.jpg	val2014/COCO_val2014_000000246843.jpg	1171	51237	65171	50127	63462	0.7861932454619386	0.003681009998021678	0.21380675453806142	[.75,.9)
1921	public3:0_571_36	official3	0	36	val2014/COCO_val2014_000000016285.jpg	val2014/COCO_val2014_000000448998.jpg	1510	13741	20089	11713	18259	0.6840061725322316	-0.04251430550775048	0.3159938274677684	[.5,.75)
1922	public3:0_572_36	official3	0	36	val2014/COCO_val2014_000000369840.jpg	val2014/COCO_val2014_000000426878.jpg	1511	7843	14415	8218	14855	0.5440860215053763	0.009128384418555013	0.4559139784946237	[.5,.75)
1923	public3:0_573_60	official3	0	60	val2014/COCO_val2014_000000271259.jpg	val2014/COCO_val2014_000000000283.jpg	1512	111373	198970	111877	190500	0.5597477006583907	0.027533139236622373	0.44025229934160925	[.5,.75)
1924	public3:0_574_16	official3	0	16	val2014/COCO_val2014_000000423410.jpg	val2014/COCO_val2014_000000228764.jpg	633	37896	51900	38139	50195	0.7301734104046242	0.029643304407608095	0.26982658959537575	[.5,.75)
1925	public3:0_575_72	official3	0	72	val2014/COCO_val2014_000000561128.jpg	val2014/COCO_val2014_000000177375.jpg	1513	185446	317338	94495	296886	0.584380061637749	-0.26609290764598115	0.415619938362251	[.5,.75)
1926	public3:0_576_32	official3	0	32	val2014/COCO_val2014_000000309104.jpg	val2014/COCO_val2014_000000388422.jpg	1514	26724	31452	26949	30931	0.8496756962991224	0.02158614457249508	0.15032430370087757	[.75,.9)
1927	public3:0_577_60	official3	0	60	val2014/COCO_val2014_000000501665.jpg	val2014/COCO_val2014_000000376295.jpg	921	66453	134797	68537	133525	0.49298574894100017	0.02030389719268272	0.5070142510589999	[.25,.5)
1928	public3:0_578_16	official3	0	16	val2014/COCO_val2014_000000318238.jpg	val2014/COCO_val2014_000000493797.jpg	1515	274821	314089	276608	314495	0.8749781112996635	0.004552564863709474	0.12502188870033648	[.75,.9)
1929	public3:0_579_52	official3	0	52	val2014/COCO_val2014_000000495513.jpg	val2014/COCO_val2014_000000151826.jpg	1463	29901	36214	30778	47223	0.825675153255647	-0.1739164763397374	0.174324846744353	[.75,.9)
1930	public3:0_580_8	official3	0	8	val2014/COCO_val2014_000000436871.jpg	val2014/COCO_val2014_000000164555.jpg	1516	14016	31466	8851	23501	0.44543316595690585	-0.06881089456419914	0.5545668340430941	[.25,.5)
1931	public3:0_581_56	official3	0	56	val2014/COCO_val2014_000000154193.jpg	val2014/COCO_val2014_000000122982.jpg	1200	13222	144781	13745	134426	0.09132413783576575	0.010925426980564423	0.9086758621642342	[0,.25)
1932	public3:0_582_72	official3	0	72	val2014/COCO_val2014_000000195281.jpg	val2014/COCO_val2014_000000035525.jpg	1517	458	434038	644	429500	0.001055207147761256	0.000444210780061794	0.9989447928522387	[0,.25)
1933	public3:0_583_72	official3	0	72	val2014/COCO_val2014_000000025860.jpg	val2014/COCO_val2014_000000480122.jpg	1518	50149	68929	49295	69024	0.7275457354669297	-0.013373853223072496	0.2724542645330703	[.5,.75)
1934	public3:0_584_32	official3	0	32	val2014/COCO_val2014_000000062657.jpg	val2014/COCO_val2014_000000099996.jpg	2	13986	17450	13172	17665	0.8014899713467049	-0.055834720851375086	0.19851002865329515	[.75,.9)
1935	public3:0_585_28	official3	0	28	val2014/COCO_val2014_000000137861.jpg	val2014/COCO_val2014_000000266627.jpg	1519	70	30387	203	22437	0.00230361667818475	0.006743938699093853	0.9976963833218152	[0,.25)
1936	public3:0_586_36	official3	0	36	val2014/COCO_val2014_000000477780.jpg	val2014/COCO_val2014_000000147173.jpg	1520	13619	19860	14085	20853	0.6857502517623364	-0.01030786937131356	0.3142497482376636	[.5,.75)
1937	public3:0_587_44	official3	0	44	val2014/COCO_val2014_000000573149.jpg	val2014/COCO_val2014_000000104865.jpg	489	12342	81677	12547	68723	0.1511074108990291	0.03146610888328541	0.8488925891009709	[0,.25)
1938	public3:0_588_4	official3	0	4	val2014/COCO_val2014_000000407146.jpg	val2014/COCO_val2014_000000393869.jpg	1521	147865	177319	146681	173748	0.8338925890626498	0.01032432278669515	0.16610741093735015	[.75,.9)
1939	public3:0_589_56	official3	0	56	val2014/COCO_val2014_000000411561.jpg	val2014/COCO_val2014_000000058254.jpg	1522	24610	36864	23222	31418	0.6675889756944444	0.07154145908816423	0.3324110243055556	[.5,.75)
1940	public3:0_590_36	official3	0	36	val2014/COCO_val2014_000000198043.jpg	val2014/COCO_val2014_000000191981.jpg	582	117361	254069	116065	235903	0.4619256973499325	0.030077371708112532	0.5380743026500675	[.25,.5)
1941	public3:0_591_76	official3	0	76	val2014/COCO_val2014_000000486306.jpg	val2014/COCO_val2014_000000576704.jpg	427	11385	15163	12837	16738	0.7508408626261294	0.016096644841907426	0.24915913737387063	[.75,.9)
1942	public3:0_592_8	official3	0	8	val2014/COCO_val2014_000000361085.jpg	val2014/COCO_val2014_000000014297.jpg	1523	39790	131026	39642	128310	0.30368018561201593	0.005274689300305779	0.6963198143879841	[.25,.5)
1943	public3:0_593_76	official3	0	76	val2014/COCO_val2014_000000041478.jpg	val2014/COCO_val2014_000000546826.jpg	1524	14886	24349	14900	23871	0.6113598094377592	0.012828536253665535	0.38864019056224075	[.5,.75)
1944	public3:0_594_28	official3	0	28	val2014/COCO_val2014_000000449485.jpg	val2014/COCO_val2014_000000405648.jpg	681	137186	148969	136084	148725	0.9209030066658164	-0.005898804278860581	0.07909699333418363	[.9,1]
1945	public3:0_595_76	official3	0	76	val2014/COCO_val2014_000000221700.jpg	val2014/COCO_val2014_000000441264.jpg	617	180571	202695	179110	199265	0.8908507856631885	0.008002500162219817	0.10914921433681146	[.75,.9)
1946	public3:0_596_8	official3	0	8	val2014/COCO_val2014_000000105432.jpg	val2014/COCO_val2014_000000080895.jpg	1525	237628	262267	234476	264806	0.9060537543800783	-0.02059043406256278	0.09394624561992171	[.9,1]
1947	public3:0_597_40	official3	0	40	val2014/COCO_val2014_000000096566.jpg	val2014/COCO_val2014_000000205308.jpg	1526	33369	97706	33641	94627	0.3415245737211635	0.013987066719725438	0.6584754262788365	[.25,.5)
1948	public3:0_598_32	official3	0	32	val2014/COCO_val2014_000000092700.jpg	val2014/COCO_val2014_000000046440.jpg	594	11664	12504	12031	13266	0.9328214971209213	-0.025916627529484537	0.06717850287907867	[.9,1]
1949	public3:0_599_12	official3	0	12	val2014/COCO_val2014_000000123639.jpg	val2014/COCO_val2014_000000326317.jpg	1527	240455	292295	273788	294927	0.822644930635146	0.10567970563077744	0.177355069364854	[.75,.9)
1950	public3:1_450_37	official3	1	37	val2014/COCO_val2014_000000416343.jpg	val2014/COCO_val2014_000000064898.jpg	1528	354332	362171	353579	362721	0.9783555281897225	-0.003559472819341436	0.02164447181027751	[.9,1]
1951	public3:1_451_25	official3	1	25	val2014/COCO_val2014_000000343062.jpg	val2014/COCO_val2014_000000479723.jpg	1529	468258	485158	470188	486479	0.9651659871629449	0.001346441944991894	0.03483401283705512	[.9,1]
1952	public3:1_452_57	official3	1	57	val2014/COCO_val2014_000000436470.jpg	val2014/COCO_val2014_000000400976.jpg	1530	82382	212779	82123	211907	0.3871716663768511	0.0003709820491093474	0.6128283336231489	[.25,.5)
1953	public3:1_453_21	official3	1	21	val2014/COCO_val2014_000000174457.jpg	val2014/COCO_val2014_000000102057.jpg	692	32351	37346	32571	38493	0.8662507363573073	-0.02009689020346117	0.13374926364269268	[.75,.9)
1954	public3:1_454_21	official3	1	21	val2014/COCO_val2014_000000298738.jpg	val2014/COCO_val2014_000000278175.jpg	1531	312110	448520	310149	448546	0.6958664050655489	-0.004412239829430398	0.30413359493445113	[.5,.75)
1955	public3:1_455_33	official3	1	33	val2014/COCO_val2014_000000551685.jpg	val2014/COCO_val2014_000000553561.jpg	1532	2497	17726	424	15906	0.1408665237504231	-0.11420991618095247	0.8591334762495769	[0,.25)
1956	public3:1_456_65	official3	1	65	val2014/COCO_val2014_000000371910.jpg	val2014/COCO_val2014_000000570242.jpg	244	27564	126542	27462	105075	0.21782491188696243	0.04353126227435092	0.7821750881130376	[0,.25)
1957	public3:1_457_69	official3	1	69	val2014/COCO_val2014_000000436130.jpg	val2014/COCO_val2014_000000081315.jpg	1533	23881	36848	20695	34663	0.6480948762483717	-0.05106057454338364	0.3519051237516283	[.5,.75)
1958	public3:1_458_17	official3	1	17	val2014/COCO_val2014_000000280370.jpg	val2014/COCO_val2014_000000019032.jpg	1534	121636	199816	112298	187513	0.6087400408375706	-0.009858896596904643	0.3912599591624294	[.5,.75)
1959	public3:1_459_5	official3	1	5	val2014/COCO_val2014_000000005123.jpg	val2014/COCO_val2014_000000019025.jpg	1535	27159	100990	26175	75040	0.2689276165957025	0.07988634928915889	0.7310723834042975	[.25,.5)
1960	public3:1_460_41	official3	1	41	val2014/COCO_val2014_000000035682.jpg	val2014/COCO_val2014_000000015180.jpg	559	34089	57832	35012	57852	0.5894487480979389	0.015750726423253147	0.4105512519020611	[.5,.75)
1961	public3:1_461_69	official3	1	69	val2014/COCO_val2014_000000548523.jpg	val2014/COCO_val2014_000000204044.jpg	360	41613	224732	48381	215679	0.18516722140149156	0.03915225337352132	0.8148327785985084	[0,.25)
1962	public3:1_462_1	official3	1	1	val2014/COCO_val2014_000000314986.jpg	val2014/COCO_val2014_000000356612.jpg	1536	44295	60952	46278	65138	0.7267193857461609	-0.016258518049885318	0.2732806142538391	[.5,.75)
1963	public3:1_463_61	official3	1	61	val2014/COCO_val2014_000000532126.jpg	val2014/COCO_val2014_000000234413.jpg	1537	155491	162247	157249	164844	0.9583597847725998	-0.004433648546834812	0.041640215227400246	[.9,1]
1964	public3:1_464_53	official3	1	53	val2014/COCO_val2014_000000100199.jpg	val2014/COCO_val2014_000000117836.jpg	835	346078	354817	346947	358159	0.9753704022073351	-0.006674934551908263	0.024629597792664937	[.9,1]
1965	public3:1_465_69	official3	1	69	val2014/COCO_val2014_000000271063.jpg	val2014/COCO_val2014_000000057936.jpg	1538	59714	112885	59955	117315	0.5289808211897064	-0.01792085443353708	0.47101917881029365	[.5,.75)
1966	public3:1_466_17	official3	1	17	val2014/COCO_val2014_000000226571.jpg	val2014/COCO_val2014_000000146570.jpg	1539	123335	194669	124370	198542	0.633562611407055	-0.007146034561853587	0.36643738859294495	[.5,.75)
1967	public3:1_467_1	official3	1	1	val2014/COCO_val2014_000000366111.jpg	val2014/COCO_val2014_000000228436.jpg	1540	135865	211212	145663	218319	0.6432636403234665	0.02393893938787328	0.3567363596765335	[.5,.75)
1968	public3:1_468_25	official3	1	25	val2014/COCO_val2014_000000544655.jpg	val2014/COCO_val2014_000000042204.jpg	1541	9457	74322	9475	144973	0.1272436156185248	-0.06188661810864364	0.8727563843814752	[0,.25)
1969	public3:1_469_17	official3	1	17	val2014/COCO_val2014_000000331049.jpg	val2014/COCO_val2014_000000296523.jpg	1542	125097	133755	126179	135039	0.9352697095435685	-0.0008803849780725237	0.06473029045643153	[.9,1]
1970	public3:1_470_25	official3	1	25	val2014/COCO_val2014_000000215608.jpg	val2014/COCO_val2014_000000509037.jpg	1543	133388	380907	132926	374643	0.35018521581383383	0.004621893887935602	0.6498147841861661	[.25,.5)
1971	public3:1_471_5	official3	1	5	val2014/COCO_val2014_000000526459.jpg	val2014/COCO_val2014_000000185475.jpg	1544	276590	423921	307287	422850	0.652456471842631	0.07424803330103702	0.347543528157369	[.5,.75)
1972	public3:1_472_41	official3	1	41	val2014/COCO_val2014_000000279948.jpg	val2014/COCO_val2014_000000399636.jpg	734	6546	14703	6242	16129	0.4452152621913895	-0.05821048818184149	0.5547847378086105	[.25,.5)
1973	public3:1_473_5	official3	1	5	val2014/COCO_val2014_000000346904.jpg	val2014/COCO_val2014_000000059660.jpg	1545	21290	224776	25033	175961	0.09471651777769868	0.04754796128300226	0.9052834822223013	[0,.25)
1974	public3:1_474_65	official3	1	65	val2014/COCO_val2014_000000504046.jpg	val2014/COCO_val2014_000000070471.jpg	1546	65554	78810	66025	78404	0.8317979951782769	0.010314652135635649	0.1682020048217231	[.75,.9)
1975	public3:1_475_45	official3	1	45	val2014/COCO_val2014_000000213453.jpg	val2014/COCO_val2014_000000442609.jpg	1547	44658	790271	36463	788895	0.05650972894108477	-0.010289382760667855	0.9434902710589153	[0,.25)
1976	public3:1_476_9	official3	1	9	val2014/COCO_val2014_000000477705.jpg	val2014/COCO_val2014_000000135666.jpg	1548	30738	34269	30541	34374	0.8969622691061893	-0.00847096754105281	0.10303773089381074	[.75,.9)
1977	public3:1_477_65	official3	1	65	val2014/COCO_val2014_000000197809.jpg	val2014/COCO_val2014_000000489764.jpg	1549	84740	101866	81269	96070	0.8318771719710207	0.014058083571812596	0.16812282802897927	[.75,.9)
1978	public3:1_478_29	official3	1	29	val2014/COCO_val2014_000000138220.jpg	val2014/COCO_val2014_000000532003.jpg	1550	26872	29485	27310	30778	0.911378667118874	-0.02405655392113537	0.08862133288112595	[.9,1]
1979	public3:1_479_61	official3	1	61	val2014/COCO_val2014_000000088031.jpg	val2014/COCO_val2014_000000132682.jpg	672	98625	117181	99252	118113	0.8416466833360357	-0.0013327466821533296	0.15835331666396435	[.75,.9)
1980	public3:1_480_1	official3	1	1	val2014/COCO_val2014_000000196843.jpg	val2014/COCO_val2014_000000509822.jpg	1551	59122	71029	59592	69667	0.8323642455898295	0.023019221474921414	0.16763575441017053	[.75,.9)
1981	public3:1_481_69	official3	1	69	val2014/COCO_val2014_000000088349.jpg	val2014/COCO_val2014_000000483401.jpg	977	220951	292956	231422	307167	0.7542122366498724	-0.0008044812594820705	0.24578776335012764	[.75,.9)
1982	public3:1_482_49	official3	1	49	val2014/COCO_val2014_000000479596.jpg	val2014/COCO_val2014_000000329533.jpg	668	378631	404725	381002	401810	0.935526592130459	0.012687738025584983	0.06447340786954103	[.9,1]
1983	public3:1_483_57	official3	1	57	val2014/COCO_val2014_000000112388.jpg	val2014/COCO_val2014_000000408255.jpg	419	270428	286098	271284	293245	0.9452285580465435	-0.020118155482134914	0.05477144195345651	[.9,1]
1984	public3:1_484_37	official3	1	37	val2014/COCO_val2014_000000569972.jpg	val2014/COCO_val2014_000000090864.jpg	1552	5521	20789	5623	20702	0.26557313964115636	0.006043129318364482	0.7344268603588436	[.25,.5)
1985	public3:1_485_77	official3	1	77	val2014/COCO_val2014_000000005225.jpg	val2014/COCO_val2014_000000320150.jpg	1553	200593	220714	205463	223392	0.9088367751932365	0.010905203033378608	0.09116322480676353	[.9,1]
1986	public3:1_486_73	official3	1	73	val2014/COCO_val2014_000000469896.jpg	val2014/COCO_val2014_000000396729.jpg	1554	10839	85441	11142	72915	0.1268594702777355	0.025948593906588713	0.8731405297222645	[0,.25)
1987	public3:1_487_29	official3	1	29	val2014/COCO_val2014_000000232849.jpg	val2014/COCO_val2014_000000281977.jpg	1555	8012	9284	8033	9044	0.8629900904782422	0.025223089530603482	0.13700990952175784	[.75,.9)
1988	public3:1_488_29	official3	1	29	val2014/COCO_val2014_000000360128.jpg	val2014/COCO_val2014_000000396556.jpg	1556	54422	59179	55407	60288	0.9196167559438314	-0.0005781412941499031	0.08038324405616859	[.9,1]
1989	public3:1_489_53	official3	1	53	val2014/COCO_val2014_000000383073.jpg	val2014/COCO_val2014_000000070987.jpg	1557	229089	413617	289635	407861	0.5538674667627298	0.1562641712217796	0.4461325332372702	[.5,.75)
1990	public3:1_490_77	official3	1	77	val2014/COCO_val2014_000000283744.jpg	val2014/COCO_val2014_000000547081.jpg	239	248105	424784	242318	419869	0.5840733172624204	-0.006945689359431628	0.4159266827375796	[.5,.75)
1991	public3:1_491_69	official3	1	69	val2014/COCO_val2014_000000283717.jpg	val2014/COCO_val2014_000000419473.jpg	1558	203364	311026	202190	311791	0.6538488743706314	-0.005369604603383538	0.34615112562936856	[.5,.75)
1992	public3:1_492_61	official3	1	61	val2014/COCO_val2014_000000271712.jpg	val2014/COCO_val2014_000000125944.jpg	1559	29524	135199	29745	130968	0.21837439626032737	0.00874215129327352	0.7816256037396726	[0,.25)
1993	public3:1_493_33	official3	1	33	val2014/COCO_val2014_000000463601.jpg	val2014/COCO_val2014_000000260465.jpg	199	77395	81181	76808	82798	0.9533634717483155	-0.025708214374948968	0.04663652825168452	[.9,1]
1994	public3:1_494_13	official3	1	13	val2014/COCO_val2014_000000025896.jpg	val2014/COCO_val2014_000000189245.jpg	1560	9013	80656	10550	70589	0.1117461813132315	0.037710532905697786	0.8882538186867686	[0,.25)
1995	public3:1_495_21	official3	1	21	val2014/COCO_val2014_000000417465.jpg	val2014/COCO_val2014_000000318721.jpg	692	405650	434131	368251	435174	0.9343953783535385	-0.08817984157974224	0.06560462164646153	[.9,1]
1996	public3:1_496_41	official3	1	41	val2014/COCO_val2014_000000391539.jpg	val2014/COCO_val2014_000000000987.jpg	1561	26353	46326	26262	42293	0.5688598195397833	0.0520940026057255	0.43114018046021674	[.5,.75)
1997	public3:1_497_21	official3	1	21	val2014/COCO_val2014_000000169606.jpg	val2014/COCO_val2014_000000476417.jpg	1562	137988	148028	137194	148369	0.9321749939200692	-0.007493962168153345	0.0678250060799308	[.9,1]
1998	public3:1_498_29	official3	1	29	val2014/COCO_val2014_000000292266.jpg	val2014/COCO_val2014_000000037871.jpg	1563	478662	629181	479682	632478	0.7607699533202688	-0.0023530597682400733	0.23923004667973125	[.75,.9)
1999	public3:1_499_17	official3	1	17	val2014/COCO_val2014_000000567751.jpg	val2014/COCO_val2014_000000330022.jpg	758	66214	115789	50611	113819	0.5718505212066777	-0.12718838219649486	0.4281494787933223	[.5,.75)
2000	public3:1_500_53	official3	1	53	val2014/COCO_val2014_000000000397.jpg	val2014/COCO_val2014_000000197177.jpg	194	600847	698212	684736	703011	0.8605509501412179	0.1134537240388448	0.13944904985878215	[.75,.9)
2001	public3:1_501_65	official3	1	65	val2014/COCO_val2014_000000236945.jpg	val2014/COCO_val2014_000000534533.jpg	1564	37425	55728	37238	50508	0.6715654608096469	0.06570388266069449	0.32843453919035315	[.5,.75)
2002	public3:1_502_53	official3	1	53	val2014/COCO_val2014_000000173004.jpg	val2014/COCO_val2014_000000380639.jpg	1565	106290	116479	107534	118892	0.9125250045072503	-0.008057084041617646	0.08747499549274973	[.9,1]
2003	public3:1_503_33	official3	1	33	val2014/COCO_val2014_000000499727.jpg	val2014/COCO_val2014_000000309579.jpg	1566	31497	35224	32716	39411	0.894191460367931	-0.06406789080613351	0.10580853963206904	[.75,.9)
2004	public3:1_504_65	official3	1	65	val2014/COCO_val2014_000000066046.jpg	val2014/COCO_val2014_000000338007.jpg	1567	414454	590584	320672	583174	0.7017697736477791	-0.15189615102399967	0.29823022635222085	[.5,.75)
2005	public3:1_505_73	official3	1	73	val2014/COCO_val2014_000000147058.jpg	val2014/COCO_val2014_000000286182.jpg	1568	31883	48905	31022	41684	0.6519374297106635	0.09228097543279679	0.3480625702893365	[.5,.75)
2006	public3:1_506_5	official3	1	5	val2014/COCO_val2014_000000088225.jpg	val2014/COCO_val2014_000000451228.jpg	1161	82682	106779	81778	93818	0.7743282855243072	0.09733813243386713	0.2256717144756928	[.75,.9)
2007	public3:1_507_57	official3	1	57	val2014/COCO_val2014_000000129897.jpg	val2014/COCO_val2014_000000293625.jpg	1569	23499	76378	21887	34715	0.3076671292780644	0.32280960988368124	0.6923328707219356	[.25,.5)
2008	public3:1_508_41	official3	1	41	val2014/COCO_val2014_000000335844.jpg	val2014/COCO_val2014_000000081812.jpg	1570	31237	46713	31429	47923	0.6687003617836577	-0.012877479242915268	0.33129963821634234	[.5,.75)
2009	public3:1_509_65	official3	1	65	val2014/COCO_val2014_000000280678.jpg	val2014/COCO_val2014_000000102641.jpg	1413	69279	81578	64046	81685	0.8492363137120302	-0.06517559264941164	0.15076368628796977	[.75,.9)
2010	public3:1_510_41	official3	1	41	val2014/COCO_val2014_000000074733.jpg	val2014/COCO_val2014_000000411282.jpg	1571	220308	314136	187475	314308	0.7013140805256322	-0.10484501196867524	0.29868591947436784	[.5,.75)
2011	public3:1_511_37	official3	1	37	val2014/COCO_val2014_000000498807.jpg	val2014/COCO_val2014_000000192838.jpg	1572	38042	41495	37542	40262	0.9167851548379323	0.01565734677649322	0.08321484516206767	[.9,1]
2012	public3:1_512_5	official3	1	5	val2014/COCO_val2014_000000105647.jpg	val2014/COCO_val2014_000000181542.jpg	152	161324	195821	159677	195140	0.8238340116739267	-0.005565076550425596	0.17616598832607333	[.75,.9)
2013	public3:1_513_17	official3	1	17	val2014/COCO_val2014_000000569841.jpg	val2014/COCO_val2014_000000102355.jpg	1573	163853	185929	165943	187356	0.881266504956193	0.004443053317894852	0.11873349504380704	[.75,.9)
2014	public3:1_514_33	official3	1	33	val2014/COCO_val2014_000000468965.jpg	val2014/COCO_val2014_000000137300.jpg	1574	25158	40360	24437	30523	0.6233399405351834	0.1772694360005438	0.3766600594648166	[.5,.75)
2015	public3:1_515_21	official3	1	21	val2014/COCO_val2014_000000173033.jpg	val2014/COCO_val2014_000000042296.jpg	1575	142499	153545	142624	155389	0.9280601777980396	-0.01020884984046222	0.07193982220196038	[.9,1]
2016	public3:1_516_33	official3	1	33	val2014/COCO_val2014_000000254460.jpg	val2014/COCO_val2014_000000309573.jpg	1097	16996	27682	16668	28051	0.6139729788310093	-0.019769563622995312	0.3860270211689907	[.5,.75)
2017	public3:1_517_37	official3	1	37	val2014/COCO_val2014_000000234677.jpg	val2014/COCO_val2014_000000333656.jpg	1576	95183	101246	96515	104702	0.9401161527368983	-0.018309501479042645	0.0598838472631017	[.9,1]
2018	public3:1_518_53	official3	1	53	val2014/COCO_val2014_000000052774.jpg	val2014/COCO_val2014_000000436315.jpg	1577	493588	508788	493820	512483	0.9701250815663891	-0.0065418992949771715	0.029874918433610897	[.9,1]
2019	public3:1_519_33	official3	1	33	val2014/COCO_val2014_000000557517.jpg	val2014/COCO_val2014_000000334469.jpg	1578	57876	61525	58320	63590	0.9406907761072735	-0.0235654419352338	0.059309223892726526	[.9,1]
2020	public3:1_520_73	official3	1	73	val2014/COCO_val2014_000000022420.jpg	val2014/COCO_val2014_000000348481.jpg	1069	402789	682066	411930	660886	0.5905425574651133	0.03275707363616587	0.4094574425348867	[.5,.75)
2021	public3:1_521_29	official3	1	29	val2014/COCO_val2014_000000563964.jpg	val2014/COCO_val2014_000000223032.jpg	167	18657	21627	19013	22143	0.8626716604244694	-0.004025587173329126	0.1373283395755306	[.75,.9)
2022	public3:1_522_33	official3	1	33	val2014/COCO_val2014_000000193245.jpg	val2014/COCO_val2014_000000512191.jpg	1579	13515	17851	14651	24745	0.757100442552238	-0.1650212346314459	0.24289955744776204	[.75,.9)
2023	public3:1_523_45	official3	1	45	val2014/COCO_val2014_000000359563.jpg	val2014/COCO_val2014_000000040426.jpg	927	13055	45624	11801	31428	0.28614325793442047	0.08934993285086651	0.7138567420655795	[.25,.5)
2024	public3:1_524_41	official3	1	41	val2014/COCO_val2014_000000215872.jpg	val2014/COCO_val2014_000000402658.jpg	1580	97092	200434	95349	147501	0.48440883283275293	0.1620206828993438	0.5155911671672471	[.25,.5)
2025	public3:1_525_29	official3	1	29	val2014/COCO_val2014_000000320974.jpg	val2014/COCO_val2014_000000563964.jpg	167	173741	189742	175154	190690	0.9156696988542337	0.002857754079847785	0.08433030114576634	[.9,1]
2026	public3:1_526_73	official3	1	73	val2014/COCO_val2014_000000382041.jpg	val2014/COCO_val2014_000000251140.jpg	1054	510	647209	0	623659	0.0007879989307936076	-0.0007879989307936076	0.9992120010692064	[0,.25)
2027	public3:1_527_69	official3	1	69	val2014/COCO_val2014_000000293148.jpg	val2014/COCO_val2014_000000314370.jpg	1581	38165	136663	33485	137057	0.27926358999875606	-0.034949180665413	0.7207364100012439	[.25,.5)
2028	public3:1_528_37	official3	1	37	val2014/COCO_val2014_000000196660.jpg	val2014/COCO_val2014_000000056396.jpg	1582	23499	25969	23649	26617	0.9048865955562402	-0.016394278615938895	0.09511340444375982	[.9,1]
2029	public3:1_529_29	official3	1	29	val2014/COCO_val2014_000000102805.jpg	val2014/COCO_val2014_000000205332.jpg	1583	28195	30792	29150	32173	0.9156599116653676	-0.00962068622788903	0.08434008833463236	[.9,1]
2030	public3:1_530_45	official3	1	45	val2014/COCO_val2014_000000535151.jpg	val2014/COCO_val2014_000000431464.jpg	315	20433	380754	11269	374123	0.05366457082525725	-0.023543460922898937	0.9463354291747428	[0,.25)
2031	public3:1_531_57	official3	1	57	val2014/COCO_val2014_000000060548.jpg	val2014/COCO_val2014_000000338901.jpg	708	116292	204358	116295	186035	0.5690601787059963	0.0560641258603487	0.43093982129400366	[.5,.75)
2032	public3:1_532_49	official3	1	49	val2014/COCO_val2014_000000575916.jpg	val2014/COCO_val2014_000000169111.jpg	469	39833	41764	41066	43416	0.9537640072789962	-0.00789151787416853	0.04623599272100376	[.9,1]
2033	public3:1_533_41	official3	1	41	val2014/COCO_val2014_000000463527.jpg	val2014/COCO_val2014_000000455720.jpg	1584	72998	80615	78352	81056	0.905513862184457	0.06112648522967645	0.09448613781554305	[.9,1]
2034	public3:1_534_45	official3	1	45	val2014/COCO_val2014_000000545734.jpg	val2014/COCO_val2014_000000373396.jpg	1585	10955	66102	10835	48426	0.16572872227769206	0.058014721326983126	0.8342712777223079	[0,.25)
2035	public3:1_535_53	official3	1	53	val2014/COCO_val2014_000000129862.jpg	val2014/COCO_val2014_000000561699.jpg	1586	15579	21328	16216	23437	0.7304482370592649	-0.038550809914152495	0.26955176294073513	[.5,.75)
2036	public3:1_536_5	official3	1	5	val2014/COCO_val2014_000000239997.jpg	val2014/COCO_val2014_000000359937.jpg	1587	366236	385486	367201	387312	0.950063037308748	-0.0019875839274946516	0.04993696269125203	[.9,1]
2037	public3:1_537_5	official3	1	5	val2014/COCO_val2014_000000019523.jpg	val2014/COCO_val2014_000000438364.jpg	1588	314081	381999	317674	375726	0.8222037230463954	0.023290067641499435	0.17779627695360456	[.75,.9)
2038	public3:1_538_1	official3	1	1	val2014/COCO_val2014_000000003590.jpg	val2014/COCO_val2014_000000025853.jpg	1589	9743	51168	8420	16505	0.19041197623514697	0.31973646363156016	0.8095880237648531	[0,.25)
2039	public3:1_539_41	official3	1	41	val2014/COCO_val2014_000000401642.jpg	val2014/COCO_val2014_000000050829.jpg	1590	0	74069	0	75544	0.0	0.0	1.0	[0,.25)
2040	public3:1_540_29	official3	1	29	val2014/COCO_val2014_000000501762.jpg	val2014/COCO_val2014_000000250113.jpg	1591	9665	10344	9189	10742	0.9343580819798917	-0.0789307872489291	0.06564191802010833	[.9,1]
2041	public3:1_541_57	official3	1	57	val2014/COCO_val2014_000000212525.jpg	val2014/COCO_val2014_000000069021.jpg	1592	9168	83473	8772	37019	0.10983192169923209	0.12712747752819167	0.8901680783007679	[0,.25)
2042	public3:1_542_61	official3	1	61	val2014/COCO_val2014_000000047632.jpg	val2014/COCO_val2014_000000257327.jpg	1593	131961	141225	133135	142226	0.9344025491237388	0.001678054985214561	0.06559745087626123	[.9,1]
2043	public3:1_543_25	official3	1	25	val2014/COCO_val2014_000000215608.jpg	val2014/COCO_val2014_000000058253.jpg	1543	135995	392381	136677	414477	0.34658915696733533	-0.016831414076897477	0.6534108430326646	[.25,.5)
2044	public3:1_544_5	official3	1	5	val2014/COCO_val2014_000000129571.jpg	val2014/COCO_val2014_000000416596.jpg	1594	689739	778202	701514	780367	0.8863238593578531	0.012630094358795585	0.11367614064214693	[.75,.9)
2045	public3:1_545_49	official3	1	49	val2014/COCO_val2014_000000304984.jpg	val2014/COCO_val2014_000000157270.jpg	572	47371	84578	47790	87821	0.5600865473290927	-0.01591146392079623	0.4399134526709073	[.5,.75)
2046	public3:1_546_77	official3	1	77	val2014/COCO_val2014_000000468778.jpg	val2014/COCO_val2014_000000265822.jpg	831	194295	232173	190894	231777	0.8368544145960125	-0.013243788865245465	0.1631455854039875	[.75,.9)
2047	public3:1_547_65	official3	1	65	val2014/COCO_val2014_000000034524.jpg	val2014/COCO_val2014_000000474751.jpg	1595	8736	11533	8682	11962	0.7574785398421919	-0.031680178364178246	0.24252146015780807	[.75,.9)
2048	public3:1_548_25	official3	1	25	val2014/COCO_val2014_000000275198.jpg	val2014/COCO_val2014_000000508541.jpg	1596	115449	184897	113944	149015	0.6243962854994943	0.14025156874336708	0.37560371450050567	[.5,.75)
2049	public3:1_549_29	official3	1	29	val2014/COCO_val2014_000000401244.jpg	val2014/COCO_val2014_000000321810.jpg	170	11777	13069	12062	14275	0.901140102532711	-0.05616637223498777	0.09885989746728896	[.9,1]
2050	public3:1_550_29	official3	1	29	val2014/COCO_val2014_000000255112.jpg	val2014/COCO_val2014_000000094922.jpg	722	10661	13202	12522	14528	0.8075291622481442	0.05439264391925669	0.1924708377518558	[.75,.9)
2051	public3:1_551_5	official3	1	5	val2014/COCO_val2014_000000394275.jpg	val2014/COCO_val2014_000000059732.jpg	1597	471680	511594	474081	512923	0.9219811022021368	0.0022921317920494566	0.0780188977978632	[.9,1]
2052	public3:1_552_61	official3	1	61	val2014/COCO_val2014_000000135572.jpg	val2014/COCO_val2014_000000348045.jpg	1598	32225	48369	33096	52443	0.6662325042899377	-0.03514732609647053	0.33376749571006226	[.5,.75)
2053	public3:1_553_29	official3	1	29	val2014/COCO_val2014_000000298362.jpg	val2014/COCO_val2014_000000500844.jpg	230	14622	19760	14723	19803	0.7399797570850203	0.0034934540446065476	0.2600202429149797	[.5,.75)
2054	public3:1_554_17	official3	1	17	val2014/COCO_val2014_000000315062.jpg	val2014/COCO_val2014_000000129803.jpg	1599	168819	400860	170509	266854	0.4211420446041012	0.21781783607971839	0.5788579553958988	[.25,.5)
2055	public3:1_555_17	official3	1	17	val2014/COCO_val2014_000000520868.jpg	val2014/COCO_val2014_000000273728.jpg	1600	499319	580300	496152	574224	0.8604497673617094	0.00358935326020815	0.13955023263829058	[.75,.9)
2056	public3:1_556_49	official3	1	49	val2014/COCO_val2014_000000118417.jpg	val2014/COCO_val2014_000000274804.jpg	1601	110368	121839	111978	125491	0.9058511642413348	-0.0135321931597433	0.09414883575866517	[.9,1]
2057	public3:1_557_5	official3	1	5	val2014/COCO_val2014_000000100974.jpg	val2014/COCO_val2014_000000171695.jpg	1602	15224	76280	15868	59086	0.19958049292081803	0.06897720264158252	0.800419507079182	[0,.25)
2058	public3:1_558_53	official3	1	53	val2014/COCO_val2014_000000081251.jpg	val2014/COCO_val2014_000000428812.jpg	1603	577662	591924	577744	593954	0.9759056905954143	-0.003197366381754718	0.02409430940458568	[.9,1]
2059	public3:1_559_25	official3	1	25	val2014/COCO_val2014_000000328791.jpg	val2014/COCO_val2014_000000397225.jpg	1604	48383	63289	46468	65162	0.7644772393306893	-0.05136223365253334	0.23552276066931066	[.75,.9)
2060	public3:1_560_57	official3	1	57	val2014/COCO_val2014_000000215982.jpg	val2014/COCO_val2014_000000453065.jpg	1605	63638	127015	64269	100213	0.5010274377042082	0.14029654221855625	0.4989725622957918	[.5,.75)
2061	public3:1_561_49	official3	1	49	val2014/COCO_val2014_000000089603.jpg	val2014/COCO_val2014_000000351057.jpg	1606	92761	239835	98792	245627	0.3867700710905414	0.015433269747395784	0.6132299289094586	[.25,.5)
2062	public3:1_562_33	official3	1	33	val2014/COCO_val2014_000000167598.jpg	val2014/COCO_val2014_000000433515.jpg	1607	10638	23290	11416	28121	0.45676255903821383	-0.05080260028852501	0.5432374409617862	[.25,.5)
2063	public3:1_563_33	official3	1	33	val2014/COCO_val2014_000000220511.jpg	val2014/COCO_val2014_000000087327.jpg	1608	6078	7568	6369	8898	0.8031183932346723	-0.08733956653204245	0.19688160676532773	[.75,.9)
2064	public3:1_564_9	official3	1	9	val2014/COCO_val2014_000000356394.jpg	val2014/COCO_val2014_000000233164.jpg	1609	22450	34163	22112	33465	0.657143693469543	0.0036063438829146977	0.34285630653045696	[.5,.75)
2065	public3:1_565_45	official3	1	45	val2014/COCO_val2014_000000575970.jpg	val2014/COCO_val2014_000000269395.jpg	1051	1860	19424	0	13351	0.09575782537067545	-0.09575782537067545	0.9042421746293245	[0,.25)
2066	public3:1_566_65	official3	1	65	val2014/COCO_val2014_000000389308.jpg	val2014/COCO_val2014_000000259567.jpg	180	14989	54238	12872	51674	0.27635606032670823	-0.027255932602901295	0.7236439396732918	[.25,.5)
2067	public3:1_567_45	official3	1	45	val2014/COCO_val2014_000000576946.jpg	val2014/COCO_val2014_000000575970.jpg	1051	27443	48196	27580	45141	0.569404099925305	0.04157040219028829	0.43059590007469495	[.5,.75)
2068	public3:1_568_77	official3	1	77	val2014/COCO_val2014_000000390201.jpg	val2014/COCO_val2014_000000539224.jpg	1610	208472	258885	209076	261237	0.8052687486721903	-0.004938014511255973	0.19473125132780966	[.75,.9)
2069	public3:1_569_61	official3	1	61	val2014/COCO_val2014_000000227852.jpg	val2014/COCO_val2014_000000577564.jpg	1611	136625	156694	137942	158265	0.871922345463132	-0.00033355451124750246	0.12807765453686804	[.75,.9)
2070	public3:1_570_65	official3	1	65	val2014/COCO_val2014_000000103509.jpg	val2014/COCO_val2014_000000498665.jpg	1612	7398	42605	7545	52336	0.17364159136251614	-0.029476962808557106	0.8263584086374839	[0,.25)
2071	public3:1_571_57	official3	1	57	val2014/COCO_val2014_000000001404.jpg	val2014/COCO_val2014_000000314757.jpg	1613	547291	646579	545380	645727	0.8464410381407377	-0.0018426242599490772	0.15355896185926232	[.75,.9)
2072	public3:1_572_69	official3	1	69	val2014/COCO_val2014_000000381610.jpg	val2014/COCO_val2014_000000465463.jpg	1614	327966	453228	332439	452802	0.7236225475919404	0.010559280226841272	0.27637745240805955	[.5,.75)
2073	public3:1_573_41	official3	1	41	val2014/COCO_val2014_000000541965.jpg	val2014/COCO_val2014_000000113369.jpg	193	137267	158693	135490	160421	0.8649845928931963	-0.020394420783559797	0.1350154071068037	[.75,.9)
2074	public3:1_574_13	official3	1	13	val2014/COCO_val2014_000000075173.jpg	val2014/COCO_val2014_000000445179.jpg	1489	146518	157540	148887	157689	0.9300368160467183	0.014144452145736452	0.06996318395328172	[.9,1]
2075	public3:1_575_69	official3	1	69	val2014/COCO_val2014_000000053569.jpg	val2014/COCO_val2014_000000088562.jpg	1615	9570	11719	9876	11393	0.8166225787183207	0.05022548588275011	0.18337742128167933	[.75,.9)
2076	public3:1_576_5	official3	1	5	val2014/COCO_val2014_000000219144.jpg	val2014/COCO_val2014_000000311471.jpg	1616	433578	538099	450388	538399	0.8057587915978287	0.03077322276326777	0.1942412084021713	[.75,.9)
2077	public3:1_577_17	official3	1	17	val2014/COCO_val2014_000000089356.jpg	val2014/COCO_val2014_000000242342.jpg	1617	326369	355794	329723	355787	0.9172976497636273	0.0094450361692483	0.08270235023637273	[.9,1]
2078	public3:1_578_41	official3	1	41	val2014/COCO_val2014_000000080340.jpg	val2014/COCO_val2014_000000137938.jpg	1618	13141	23143	13561	23291	0.567817482608132	0.01442458514335998	0.43218251739186797	[.5,.75)
2079	public3:1_579_69	official3	1	69	val2014/COCO_val2014_000000306108.jpg	val2014/COCO_val2014_000000013991.jpg	1619	43371	324921	43853	201579	0.13348167708458364	0.08406578569675768	0.8665183229154163	[0,.25)
2080	public3:1_580_37	official3	1	37	val2014/COCO_val2014_000000121827.jpg	val2014/COCO_val2014_000000416343.jpg	1528	6649	221558	6247	160135	0.030010200489262406	0.00900063411903684	0.9699897995107376	[0,.25)
2081	public3:1_581_33	official3	1	33	val2014/COCO_val2014_000000362797.jpg	val2014/COCO_val2014_000000397994.jpg	1620	61775	134831	55027	138382	0.4581661487343415	-0.060520501179023634	0.5418338512656584	[.25,.5)
2082	public3:1_582_37	official3	1	37	val2014/COCO_val2014_000000341111.jpg	val2014/COCO_val2014_000000355297.jpg	1621	56078	76065	57884	70819	0.737237888647867	0.08011338713970417	0.262762111352133	[.5,.75)
2083	public3:1_583_65	official3	1	65	val2014/COCO_val2014_000000092332.jpg	val2014/COCO_val2014_000000236945.jpg	1564	75750	128707	77066	122404	0.5885460775249209	0.04105753020031677	0.41145392247507906	[.5,.75)
2084	public3:1_584_53	official3	1	53	val2014/COCO_val2014_000000220670.jpg	val2014/COCO_val2014_000000152866.jpg	1622	838740	884465	864680	890899	0.9483020809189736	0.02226809594731538	0.05169791908102639	[.9,1]
2085	public3:1_585_61	official3	1	61	val2014/COCO_val2014_000000388528.jpg	val2014/COCO_val2014_000000110559.jpg	1623	328830	432379	329340	428517	0.7605133459303065	0.008044260885759158	0.2394866540696935	[.75,.9)
2086	public3:1_586_57	official3	1	57	val2014/COCO_val2014_000000212525.jpg	val2014/COCO_val2014_000000534787.jpg	1592	10210	37853	9647	34020	0.26972763057089266	0.013840858553152036	0.7302723694291073	[.25,.5)
2087	public3:1_587_1	official3	1	1	val2014/COCO_val2014_000000182078.jpg	val2014/COCO_val2014_000000576650.jpg	870	11396	16920	8734	15380	0.6735224586288416	-0.10564209451960882	0.32647754137115836	[.5,.75)
2088	public3:1_588_21	official3	1	21	val2014/COCO_val2014_000000560281.jpg	val2014/COCO_val2014_000000221477.jpg	1624	63391	75841	65024	76805	0.8358407721417176	0.01077077658557879	0.1641592278582824	[.75,.9)
2089	public3:1_589_1	official3	1	1	val2014/COCO_val2014_000000322029.jpg	val2014/COCO_val2014_000000161141.jpg	774	9899	21105	16179	23985	0.46903577351338543	0.20551081810637695	0.5309642264866146	[.25,.5)
2090	public3:1_590_37	official3	1	37	val2014/COCO_val2014_000000427762.jpg	val2014/COCO_val2014_000000127516.jpg	1625	11782	20514	11327	18183	0.5743394754801598	0.04860503312678066	0.42566052451984016	[.5,.75)
2091	public3:1_591_21	official3	1	21	val2014/COCO_val2014_000000482071.jpg	val2014/COCO_val2014_000000452263.jpg	204	35663	50191	31923	51024	0.7105457153672969	-0.08489896089881155	0.28945428463270306	[.5,.75)
2092	public3:1_592_53	official3	1	53	val2014/COCO_val2014_000000480917.jpg	val2014/COCO_val2014_000000264155.jpg	63	58377	67293	58591	68387	0.8675047924747001	-0.010748391404321267	0.13249520752529986	[.75,.9)
2093	public3:1_593_69	official3	1	69	val2014/COCO_val2014_000000088988.jpg	val2014/COCO_val2014_000000308512.jpg	1626	0	99269	0	93054	0.0	0.0	1.0	[0,.25)
2094	public3:1_594_37	official3	1	37	val2014/COCO_val2014_000000141887.jpg	val2014/COCO_val2014_000000395903.jpg	1627	12699	18428	13228	18595	0.6891143911439115	0.02225963413170029	0.3108856088560885	[.5,.75)
2095	public3:1_595_49	official3	1	49	val2014/COCO_val2014_000000392850.jpg	val2014/COCO_val2014_000000407717.jpg	431	49900	55910	50196	57919	0.8925058129136112	-0.025847203476293545	0.1074941870863888	[.75,.9)
2096	public3:1_596_53	official3	1	53	val2014/COCO_val2014_000000534161.jpg	val2014/COCO_val2014_000000351667.jpg	1628	136253	150001	135380	150767	0.9083472776848154	-0.010405420381824682	0.09165272231518462	[.9,1]
2097	public3:1_597_41	official3	1	41	val2014/COCO_val2014_000000045435.jpg	val2014/COCO_val2014_000000505728.jpg	1629	19098	21824	18649	21125	0.875091642228739	0.007701257179544951	0.12490835777126097	[.75,.9)
2098	public3:1_598_25	official3	1	25	val2014/COCO_val2014_000000484229.jpg	val2014/COCO_val2014_000000532867.jpg	1630	20214	24289	19793	25511	0.8322285808390629	-0.05636718771452842	0.16777141916093707	[.75,.9)
2099	public3:1_599_57	official3	1	57	val2014/COCO_val2014_000000504824.jpg	val2014/COCO_val2014_000000132042.jpg	1631	297072	462995	353609	469157	0.6416311191265565	0.11208032501687526	0.35836888087344354	[.5,.75)
2100	public3:2_450_78	official3	2	78	val2014/COCO_val2014_000000134738.jpg	val2014/COCO_val2014_000000466763.jpg	306	195913	202467	196186	204786	0.9676292926748556	-0.009624350930791059	0.032370707325144354	[.9,1]
2101	public3:2_451_14	official3	2	14	val2014/COCO_val2014_000000015113.jpg	val2014/COCO_val2014_000000324818.jpg	1632	62383	73622	61849	73428	0.847341827171226	-0.005033715824055984	0.15265817282877403	[.75,.9)
2102	public3:2_452_34	official3	2	34	val2014/COCO_val2014_000000575051.jpg	val2014/COCO_val2014_000000514586.jpg	879	7770	10779	8249	12867	0.720846089618703	-0.07974870872183504	0.279153910381297	[.5,.75)
2103	public3:2_453_66	official3	2	66	val2014/COCO_val2014_000000287035.jpg	val2014/COCO_val2014_000000225456.jpg	1633	18030	139228	18011	136132	0.12949981325595425	0.002805596199574212	0.8705001867440457	[0,.25)
2104	public3:2_454_22	official3	2	22	val2014/COCO_val2014_000000167152.jpg	val2014/COCO_val2014_000000350278.jpg	1634	7384	18947	10225	21985	0.38971868897450784	0.07537114500320424	0.6102813110254921	[.25,.5)
2105	public3:2_455_30	official3	2	30	val2014/COCO_val2014_000000306585.jpg	val2014/COCO_val2014_000000541613.jpg	1635	11189	31479	11589	31696	0.3554433114139585	0.010186421044395821	0.6445566885860414	[.25,.5)
2106	public3:2_456_42	official3	2	42	val2014/COCO_val2014_000000270303.jpg	val2014/COCO_val2014_000000171199.jpg	1636	18044	20283	18855	20371	0.8896119903367352	0.035968491721092066	0.11038800966326479	[.75,.9)
2107	public3:2_457_42	official3	2	42	val2014/COCO_val2014_000000208132.jpg	val2014/COCO_val2014_000000538073.jpg	1637	16556	55614	17407	62314	0.29769482504405365	-0.018351499306659136	0.7023051749559464	[.25,.5)
2108	public3:2_458_18	official3	2	18	val2014/COCO_val2014_000000234057.jpg	val2014/COCO_val2014_000000006033.jpg	1638	23788	28668	24458	31078	0.8297753592856146	-0.04278777964728531	0.17022464071438537	[.75,.9)
2109	public3:2_459_10	official3	2	10	val2014/COCO_val2014_000000084200.jpg	val2014/COCO_val2014_000000476253.jpg	1639	73832	104378	75145	104337	0.7073521240108068	0.012862181556729135	0.2926478759891932	[.5,.75)
2110	public3:2_460_6	official3	2	6	val2014/COCO_val2014_000000017198.jpg	val2014/COCO_val2014_000000310902.jpg	1640	287955	396605	294047	414927	0.7260498480856268	-0.01737820222984976	0.2739501519143732	[.5,.75)
2111	public3:2_461_74	official3	2	74	val2014/COCO_val2014_000000361259.jpg	val2014/COCO_val2014_000000203564.jpg	1641	33311	40483	34250	43662	0.8228392164612306	-0.038404238677345326	0.1771607835387694	[.75,.9)
2112	public3:2_462_74	official3	2	74	val2014/COCO_val2014_000000380510.jpg	val2014/COCO_val2014_000000413709.jpg	1642	33515	38192	34079	42929	0.8775397989107666	-0.08369414678749332	0.12246020108923339	[.75,.9)
2113	public3:2_463_62	official3	2	62	val2014/COCO_val2014_000000544782.jpg	val2014/COCO_val2014_000000244823.jpg	1643	22080	57200	22052	49310	0.386013986013986	0.06119753294768504	0.613986013986014	[.25,.5)
2114	public3:2_464_6	official3	2	6	val2014/COCO_val2014_000000082059.jpg	val2014/COCO_val2014_000000133836.jpg	1644	85997	138928	87140	138931	0.6190040884486928	0.008213739105992657	0.3809959115513072	[.5,.75)
2115	public3:2_465_66	official3	2	66	val2014/COCO_val2014_000000360951.jpg	val2014/COCO_val2014_000000219063.jpg	1645	9789	88393	10160	79017	0.11074406344393786	0.017835862394805696	0.8892559365560622	[0,.25)
2116	public3:2_466_30	official3	2	30	val2014/COCO_val2014_000000116377.jpg	val2014/COCO_val2014_000000285583.jpg	1646	15569	36647	15722	34465	0.424836958004748	0.031335971053717104	0.575163041995252	[.25,.5)
2117	public3:2_467_46	official3	2	46	val2014/COCO_val2014_000000523373.jpg	val2014/COCO_val2014_000000262758.jpg	1647	50603	163132	50237	125295	0.31019665056518647	0.09075310800458886	0.6898033494348135	[.25,.5)
2118	public3:2_468_30	official3	2	30	val2014/COCO_val2014_000000182523.jpg	val2014/COCO_val2014_000000409572.jpg	608	56832	80034	54266	74290	0.7100982082614888	0.020363495870965087	0.28990179173851116	[.5,.75)
2119	public3:2_469_2	official3	2	2	val2014/COCO_val2014_000000111086.jpg	val2014/COCO_val2014_000000110081.jpg	1648	200403	261070	217802	266226	0.7676217106523154	0.0504877151738623	0.23237828934768456	[.75,.9)
2120	public3:2_470_10	official3	2	10	val2014/COCO_val2014_000000042628.jpg	val2014/COCO_val2014_000000544644.jpg	163	25861	29910	25633	29992	0.8646272149782681	-0.009965971980135269	0.1353727850217319	[.75,.9)
2121	public3:2_471_54	official3	2	54	val2014/COCO_val2014_000000038323.jpg	val2014/COCO_val2014_000000468866.jpg	1649	172852	181798	170657	180772	0.9507915378607026	-0.006745999834902094	0.049208462139297415	[.9,1]
2122	public3:2_472_6	official3	2	6	val2014/COCO_val2014_000000014450.jpg	val2014/COCO_val2014_000000045633.jpg	1650	16008	21998	17570	21769	0.7277025184107646	0.0794085110347772	0.2722974815892354	[.5,.75)
2123	public3:2_473_6	official3	2	6	val2014/COCO_val2014_000000131295.jpg	val2014/COCO_val2014_000000417217.jpg	1651	126347	139471	128873	140902	0.9059015852757921	0.008727021841211213	0.09409841472420788	[.9,1]
2124	public3:2_474_10	official3	2	10	val2014/COCO_val2014_000000042628.jpg	val2014/COCO_val2014_000000455515.jpg	163	25940	30133	25548	30225	0.8608502306441443	-0.015589684738437137	0.13914976935585566	[.75,.9)
2125	public3:2_475_6	official3	2	6	val2014/COCO_val2014_000000333746.jpg	val2014/COCO_val2014_000000037678.jpg	1652	191246	225109	195449	224823	0.8495706524394848	0.019775455387561314	0.15042934756051518	[.75,.9)
2126	public3:2_476_74	official3	2	74	val2014/COCO_val2014_000000490012.jpg	val2014/COCO_val2014_000000034520.jpg	1653	8011	60772	8784	53448	0.13182057526492463	0.03252607942748667	0.8681794247350754	[0,.25)
2127	public3:2_477_66	official3	2	66	val2014/COCO_val2014_000000335658.jpg	val2014/COCO_val2014_000000206218.jpg	357	179785	184261	179819	185944	0.9757083701922816	-0.008648395146031107	0.024291629807718373	[.9,1]
2128	public3:2_478_30	official3	2	30	val2014/COCO_val2014_000000177194.jpg	val2014/COCO_val2014_000000403736.jpg	847	20446	95710	23917	95634	0.213624490648835	0.03646438987482811	0.786375509351165	[0,.25)
2129	public3:2_479_10	official3	2	10	val2014/COCO_val2014_000000010256.jpg	val2014/COCO_val2014_000000240800.jpg	1654	92103	103726	95009	104506	0.8879451632184795	0.02117967171922741	0.1120548367815205	[.75,.9)
2130	public3:2_480_54	official3	2	54	val2014/COCO_val2014_000000035682.jpg	val2014/COCO_val2014_000000381031.jpg	559	66229	140881	66994	146201	0.4701059759655312	-0.011873816130783144	0.5298940240344687	[.25,.5)
2131	public3:2_481_42	official3	2	42	val2014/COCO_val2014_000000015155.jpg	val2014/COCO_val2014_000000269450.jpg	114	53679	67890	54583	68203	0.7906760936809545	0.009625945818774295	0.20932390631904552	[.75,.9)
2132	public3:2_482_22	official3	2	22	val2014/COCO_val2014_000000523527.jpg	val2014/COCO_val2014_000000569674.jpg	1655	98520	110888	104038	112964	0.888464035783854	0.0325196404315774	0.11153596421614598	[.75,.9)
2133	public3:2_483_66	official3	2	66	val2014/COCO_val2014_000000114187.jpg	val2014/COCO_val2014_000000472080.jpg	1656	29391	31088	29420	34433	0.9454130211013896	-0.09100010326094587	0.054586978898610417	[.9,1]
2134	public3:2_484_62	official3	2	62	val2014/COCO_val2014_000000099937.jpg	val2014/COCO_val2014_000000483328.jpg	1657	185864	200628	180357	201424	0.9264110692425783	-0.031001386185941615	0.07358893075742168	[.9,1]
2135	public3:2_485_74	official3	2	74	val2014/COCO_val2014_000000338592.jpg	val2014/COCO_val2014_000000212239.jpg	1658	19363	39267	19366	46439	0.4931112639111722	-0.07609108690477673	0.5068887360888278	[.25,.5)
2136	public3:2_486_70	official3	2	70	val2014/COCO_val2014_000000533003.jpg	val2014/COCO_val2014_000000264032.jpg	48	22664	40960	23245	33892	0.5533203125	0.13253475654284197	0.4466796875	[.5,.75)
2137	public3:2_487_30	official3	2	30	val2014/COCO_val2014_000000387916.jpg	val2014/COCO_val2014_000000061494.jpg	1659	26661	75560	24376	68535	0.3528454208575966	0.0028268633767362106	0.6471545791424034	[.25,.5)
2138	public3:2_488_6	official3	2	6	val2014/COCO_val2014_000000533069.jpg	val2014/COCO_val2014_000000210502.jpg	1660	118068	130534	118564	129819	0.9044999770174821	0.008802390124461712	0.09550002298251792	[.9,1]
2139	public3:2_489_38	official3	2	38	val2014/COCO_val2014_000000398534.jpg	val2014/COCO_val2014_000000268293.jpg	1661	14247	15309	14163	15614	0.9306290417401528	-0.023558464053461403	0.06937095825984718	[.9,1]
2140	public3:2_490_6	official3	2	6	val2014/COCO_val2014_000000253415.jpg	val2014/COCO_val2014_000000572303.jpg	1662	168025	601199	170511	600185	0.27948316613966423	0.004614237160984747	0.7205168338603358	[.25,.5)
2141	public3:2_491_74	official3	2	74	val2014/COCO_val2014_000000299716.jpg	val2014/COCO_val2014_000000062041.jpg	1304	21170	27347	21029	25105	0.7741251325556734	0.06351677144751322	0.2258748674443266	[.75,.9)
2142	public3:2_492_62	official3	2	62	val2014/COCO_val2014_000000458410.jpg	val2014/COCO_val2014_000000516916.jpg	1663	11375	13497	12182	14323	0.8427798770097059	0.007740265418556325	0.1572201229902941	[.75,.9)
2143	public3:2_493_62	official3	2	62	val2014/COCO_val2014_000000417547.jpg	val2014/COCO_val2014_000000001591.jpg	1664	15194	841155	26536	914830	0.018063258257990503	0.01094322382064706	0.9819367417420095	[0,.25)
2144	public3:2_494_70	official3	2	70	val2014/COCO_val2014_000000085803.jpg	val2014/COCO_val2014_000000106392.jpg	48	7776	9586	7868	9704	0.811182975172126	-0.00038330493304938873	0.188817024827874	[.75,.9)
2145	public3:2_495_14	official3	2	14	val2014/COCO_val2014_000000502715.jpg	val2014/COCO_val2014_000000262323.jpg	1665	83160	100839	86920	103192	0.824680927022283	0.0176324306023391	0.17531907297771698	[.75,.9)
2146	public3:2_496_78	official3	2	78	val2014/COCO_val2014_000000569976.jpg	val2014/COCO_val2014_000000384136.jpg	306	32842	38609	32960	41529	0.8506306819653449	-0.056968421857950036	0.14936931803465514	[.75,.9)
2147	public3:2_497_66	official3	2	66	val2014/COCO_val2014_000000488201.jpg	val2014/COCO_val2014_000000189820.jpg	282	57084	66056	57383	62037	0.8641758507932663	0.06080440292628819	0.1358241492067337	[.75,.9)
2148	public3:2_498_74	official3	2	74	val2014/COCO_val2014_000000371999.jpg	val2014/COCO_val2014_000000110501.jpg	1666	49353	60361	48655	60696	0.8176305892877852	-0.01601269024995733	0.1823694107122148	[.75,.9)
2149	public3:2_499_2	official3	2	2	val2014/COCO_val2014_000000102330.jpg	val2014/COCO_val2014_000000397522.jpg	313	46576	90044	46687	92287	0.517258229310115	-0.011368992472857276	0.482741770689885	[.5,.75)
2150	public3:2_500_2	official3	2	2	val2014/COCO_val2014_000000218703.jpg	val2014/COCO_val2014_000000521943.jpg	1667	17734	39549	17864	19035	0.44840577511441504	0.49007596904108797	0.551594224885585	[.25,.5)
2151	public3:2_501_38	official3	2	38	val2014/COCO_val2014_000000521106.jpg	val2014/COCO_val2014_000000471004.jpg	1668	14400	17586	14807	18110	0.8188331627430911	-0.0012185851616444143	0.18116683725690885	[.75,.9)
2152	public3:2_502_58	official3	2	58	val2014/COCO_val2014_000000096755.jpg	val2014/COCO_val2014_000000411138.jpg	1669	41580	71126	42175	64437	0.5845963501391896	0.06991891283084306	0.41540364986081035	[.5,.75)
2153	public3:2_503_46	official3	2	46	val2014/COCO_val2014_000000476552.jpg	val2014/COCO_val2014_000000184633.jpg	1670	41077	59148	40802	52700	0.6944782579292622	0.07975324112197124	0.3055217420707378	[.5,.75)
2154	public3:2_504_18	official3	2	18	val2014/COCO_val2014_000000383039.jpg	val2014/COCO_val2014_000000100354.jpg	1671	424907	444294	425128	451722	0.9563644793762689	-0.01523697174989691	0.043635520623731106	[.9,1]
2155	public3:2_505_18	official3	2	18	val2014/COCO_val2014_000000351620.jpg	val2014/COCO_val2014_000000003932.jpg	1672	202901	284723	208267	223732	0.7126259557534868	0.2182511650875194	0.28737404424651325	[.5,.75)
2156	public3:2_506_42	official3	2	42	val2014/COCO_val2014_000000509577.jpg	val2014/COCO_val2014_000000041507.jpg	1673	12647	18005	12767	19110	0.7024159955567898	-0.034336456048678854	0.2975840044432102	[.5,.75)
2157	public3:2_507_22	official3	2	22	val2014/COCO_val2014_000000477698.jpg	val2014/COCO_val2014_000000129632.jpg	1674	259230	307377	267828	307510	0.8433617349378776	0.027595307109535505	0.15663826506212242	[.75,.9)
2158	public3:2_508_10	official3	2	10	val2014/COCO_val2014_000000351938.jpg	val2014/COCO_val2014_000000254864.jpg	1675	36878	41845	36838	42104	0.8813000358465767	-0.006371287984140772	0.11869996415342332	[.75,.9)
2159	public3:2_509_66	official3	2	66	val2014/COCO_val2014_000000299785.jpg	val2014/COCO_val2014_000000448627.jpg	597	267335	430270	269895	412940	0.6213191716828967	0.032274570749417864	0.37868082831710326	[.5,.75)
2160	public3:2_510_54	official3	2	54	val2014/COCO_val2014_000000556562.jpg	val2014/COCO_val2014_000000275020.jpg	341	504735	531561	507991	527383	0.949533543657266	0.013696215360373909	0.050466456342733945	[.9,1]
2161	public3:2_511_50	official3	2	50	val2014/COCO_val2014_000000234238.jpg	val2014/COCO_val2014_000000091883.jpg	1676	180609	194577	181039	193855	0.9282135093047996	0.005675221963416299	0.07178649069520038	[.9,1]
2162	public3:2_512_38	official3	2	38	val2014/COCO_val2014_000000240023.jpg	val2014/COCO_val2014_000000219393.jpg	1677	14788	17696	14222	20018	0.8356690777576854	-0.12520849228461117	0.1643309222423146	[.75,.9)
2163	public3:2_513_54	official3	2	54	val2014/COCO_val2014_000000478136.jpg	val2014/COCO_val2014_000000523772.jpg	1678	27482	216262	27424	200498	0.12707734137296428	0.009702077873112974	0.8729226586270358	[0,.25)
2164	public3:2_514_78	official3	2	78	val2014/COCO_val2014_000000024402.jpg	val2014/COCO_val2014_000000293133.jpg	306	76174	90959	74906	91344	0.8374542376235447	-0.017411322927450734	0.16254576237645535	[.75,.9)
2165	public3:2_515_58	official3	2	58	val2014/COCO_val2014_000000180289.jpg	val2014/COCO_val2014_000000052368.jpg	1679	17675	31854	18871	22018	0.5548753688704715	0.3021961180947388	0.4451246311295285	[.5,.75)
2166	public3:2_516_22	official3	2	22	val2014/COCO_val2014_000000559294.jpg	val2014/COCO_val2014_000000066027.jpg	1680	337563	369063	342435	372868	0.9146487185114737	0.0037325853279547294	0.08535128148852633	[.9,1]
2167	public3:2_517_74	official3	2	74	val2014/COCO_val2014_000000571839.jpg	val2014/COCO_val2014_000000524577.jpg	1681	7929	10148	7857	9588	0.78133622388648	0.03812560339762505	0.21866377611351995	[.75,.9)
2168	public3:2_518_74	official3	2	74	val2014/COCO_val2014_000000132373.jpg	val2014/COCO_val2014_000000149398.jpg	800	44102	76573	43903	61112	0.5759471354132658	0.14245514237178458	0.4240528645867342	[.5,.75)
2169	public3:2_519_62	official3	2	62	val2014/COCO_val2014_000000244823.jpg	val2014/COCO_val2014_000000208347.jpg	1643	82711	90962	79972	85686	0.909291792176953	0.02402286832768019	0.090708207823047	[.9,1]
2170	public3:2_520_34	official3	2	34	val2014/COCO_val2014_000000254625.jpg	val2014/COCO_val2014_000000559547.jpg	879	23779	27591	24090	31524	0.8618390054727991	-0.09765933284242223	0.13816099452720088	[.75,.9)
2171	public3:2_521_14	official3	2	14	val2014/COCO_val2014_000000371256.jpg	val2014/COCO_val2014_000000133149.jpg	1682	303467	328445	306896	329479	0.9239507375664114	0.007507716538402542	0.07604926243358856	[.9,1]
2172	public3:2_522_74	official3	2	74	val2014/COCO_val2014_000000469824.jpg	val2014/COCO_val2014_000000156292.jpg	1683	16468	45792	16483	44627	0.35962613556953177	0.009724257690154059	0.6403738644304682	[.25,.5)
2173	public3:2_523_26	official3	2	26	val2014/COCO_val2014_000000152886.jpg	val2014/COCO_val2014_000000282790.jpg	1684	7225	85363	17232	48259	0.08463854363131568	0.27243474839711423	0.9153614563686843	[0,.25)
2174	public3:2_524_14	official3	2	14	val2014/COCO_val2014_000000348469.jpg	val2014/COCO_val2014_000000074798.jpg	1685	9597	197954	9589	142515	0.04848096022308213	0.01880318530545872	0.9515190397769179	[0,.25)
2175	public3:2_525_18	official3	2	18	val2014/COCO_val2014_000000103548.jpg	val2014/COCO_val2014_000000310082.jpg	287	25542	67354	25452	66345	0.3792202393324821	0.004410780337425202	0.6207797606675178	[.25,.5)
2176	public3:2_526_42	official3	2	42	val2014/COCO_val2014_000000280678.jpg	val2014/COCO_val2014_000000308564.jpg	1413	18096	26482	17708	23940	0.6833320746167207	0.05635046506581898	0.31666792538327926	[.5,.75)
2177	public3:2_527_38	official3	2	38	val2014/COCO_val2014_000000361147.jpg	val2014/COCO_val2014_000000036487.jpg	1686	29834	40816	26522	40305	0.7309388475107801	-0.07290634533983353	0.2690611524892199	[.5,.75)
2178	public3:2_528_2	official3	2	2	val2014/COCO_val2014_000000157955.jpg	val2014/COCO_val2014_000000128833.jpg	1687	22276	29966	13553	27135	0.7433758259360609	-0.243910191147043	0.2566241740639391	[.5,.75)
2179	public3:2_529_14	official3	2	14	val2014/COCO_val2014_000000164104.jpg	val2014/COCO_val2014_000000105918.jpg	1688	9244	34739	9838	35060	0.26609862114626215	0.014506056549117186	0.7339013788537379	[.25,.5)
2180	public3:2_530_34	official3	2	34	val2014/COCO_val2014_000000270185.jpg	val2014/COCO_val2014_000000412658.jpg	824	7101	9169	7673	10192	0.7744574108408768	-0.021612041924079284	0.22554258915912317	[.75,.9)
2181	public3:2_531_38	official3	2	38	val2014/COCO_val2014_000000004187.jpg	val2014/COCO_val2014_000000286723.jpg	1689	12641	14200	12606	14424	0.8902112676056338	-0.016251201049893416	0.10978873239436615	[.75,.9)
2182	public3:2_532_42	official3	2	42	val2014/COCO_val2014_000000259136.jpg	val2014/COCO_val2014_000000442929.jpg	405	30478	34115	31605	36263	0.8933900043968929	-0.021840491118895966	0.10660999560310713	[.75,.9)
2183	public3:2_533_54	official3	2	54	val2014/COCO_val2014_000000341246.jpg	val2014/COCO_val2014_000000319933.jpg	1690	191857	257714	203303	259682	0.7444570337661128	0.038435118943739965	0.25554296623388717	[.5,.75)
2184	public3:2_534_70	official3	2	70	val2014/COCO_val2014_000000387696.jpg	val2014/COCO_val2014_000000487349.jpg	48	5538	23051	0	23025	0.2402498806993189	-0.2402498806993189	0.759750119300681	[0,.25)
2185	public3:2_535_42	official3	2	42	val2014/COCO_val2014_000000064703.jpg	val2014/COCO_val2014_000000396224.jpg	1691	6987	11497	6659	11936	0.6077237540227886	-0.049831662869973536	0.39227624597721145	[.5,.75)
2186	public3:2_536_34	official3	2	34	val2014/COCO_val2014_000000254516.jpg	val2014/COCO_val2014_000000130865.jpg	325	9780	12128	10241	13195	0.8063984168865436	-0.03027109593163646	0.19360158311345643	[.75,.9)
2187	public3:2_537_26	official3	2	26	val2014/COCO_val2014_000000314112.jpg	val2014/COCO_val2014_000000121106.jpg	1692	43572	78210	54645	77599	0.5571154583812812	0.14708176065504663	0.4428845416187188	[.5,.75)
2188	public3:2_538_26	official3	2	26	val2014/COCO_val2014_000000345507.jpg	val2014/COCO_val2014_000000551086.jpg	1693	41254	74201	37636	73238	0.5559763345507472	-0.04209010062846641	0.44402366544925276	[.5,.75)
2189	public3:2_539_78	official3	2	78	val2014/COCO_val2014_000000257169.jpg	val2014/COCO_val2014_000000565198.jpg	306	70932	93770	71677	94146	0.7564466247200597	0.004892146974967093	0.24355337527994025	[.75,.9)
2190	public3:2_540_6	official3	2	6	val2014/COCO_val2014_000000010793.jpg	val2014/COCO_val2014_000000503939.jpg	1694	375333	405169	383721	407799	0.9263615923232034	0.014594614043168308	0.07363840767679664	[.9,1]
2191	public3:2_541_30	official3	2	30	val2014/COCO_val2014_000000406611.jpg	val2014/COCO_val2014_000000175908.jpg	1695	6402	289689	5932	292231	0.022099561944015824	-0.0018005519142790735	0.9779004380559841	[0,.25)
2192	public3:2_542_38	official3	2	38	val2014/COCO_val2014_000000218294.jpg	val2014/COCO_val2014_000000100801.jpg	1696	27926	31125	28577	31549	0.8972208835341365	0.00857644760155718	0.10277911646586346	[.75,.9)
2193	public3:2_543_34	official3	2	34	val2014/COCO_val2014_000000231747.jpg	val2014/COCO_val2014_000000355819.jpg	879	11292	26752	13659	29014	0.4220992822966507	0.04867344810936014	0.5779007177033493	[.25,.5)
2194	public3:2_544_10	official3	2	10	val2014/COCO_val2014_000000076962.jpg	val2014/COCO_val2014_000000531189.jpg	1697	436045	458525	436723	458792	0.9509732293768061	0.0009243625602809447	0.04902677062319394	[.9,1]
2195	public3:2_545_10	official3	2	10	val2014/COCO_val2014_000000375128.jpg	val2014/COCO_val2014_000000178810.jpg	1698	25681	28551	26056	27955	0.8994781268607054	0.032591270384867865	0.10052187313929462	[.75,.9)
2196	public3:2_546_74	official3	2	74	val2014/COCO_val2014_000000167668.jpg	val2014/COCO_val2014_000000125886.jpg	285	38251	69908	38251	67809	0.547161984322252	0.01693717655609739	0.45283801567774795	[.5,.75)
2197	public3:2_547_66	official3	2	66	val2014/COCO_val2014_000000309424.jpg	val2014/COCO_val2014_000000075285.jpg	574	8015	48031	8045	38473	0.1668713955570361	0.04223629035256285	0.8331286044429639	[0,.25)
2198	public3:2_548_66	official3	2	66	val2014/COCO_val2014_000000527375.jpg	val2014/COCO_val2014_000000408578.jpg	173	27970	415317	27970	514801	0.06734614764144015	-0.013014473849042696	0.9326538523585599	[0,.25)
2199	public3:2_549_18	official3	2	18	val2014/COCO_val2014_000000203063.jpg	val2014/COCO_val2014_000000502766.jpg	1699	51020	57833	53348	62133	0.8821952864281638	-0.02358552993805385	0.1178047135718362	[.75,.9)
2200	public3:2_550_22	official3	2	22	val2014/COCO_val2014_000000358555.jpg	val2014/COCO_val2014_000000557114.jpg	1700	78019	113922	76750	112445	0.6848457716683345	-0.002289855442624167	0.3151542283316655	[.5,.75)
2201	public3:2_551_34	official3	2	34	val2014/COCO_val2014_000000398028.jpg	val2014/COCO_val2014_000000218997.jpg	1272	14477	34355	15636	32948	0.42139426575462086	0.05317171700609302	0.5786057342453792	[.25,.5)
2202	public3:2_552_54	official3	2	54	val2014/COCO_val2014_000000022816.jpg	val2014/COCO_val2014_000000245311.jpg	1701	7168	28367	7041	27972	0.25268798251489405	-0.0009719807988923246	0.747312017485106	[.25,.5)
2203	public3:2_553_58	official3	2	58	val2014/COCO_val2014_000000565683.jpg	val2014/COCO_val2014_000000322475.jpg	1350	171441	216292	173413	220711	0.7926368057995673	-0.0069351416323985005	0.2073631942004327	[.75,.9)
2204	public3:2_554_34	official3	2	34	val2014/COCO_val2014_000000153631.jpg	val2014/COCO_val2014_000000409439.jpg	879	7918	12571	8035	12885	0.6298623816721025	-0.006269056099731496	0.3701376183278975	[.5,.75)
2205	public3:2_555_78	official3	2	78	val2014/COCO_val2014_000000134738.jpg	val2014/COCO_val2014_000000116466.jpg	306	196723	204270	195396	203743	0.9630538013413619	-0.0040220800061503414	0.03694619865863813	[.9,1]
2206	public3:2_556_58	official3	2	58	val2014/COCO_val2014_000000229255.jpg	val2014/COCO_val2014_000000043433.jpg	1702	161061	252737	160234	319170	0.6372671987085389	-0.13523379957954806	0.3627328012914611	[.5,.75)
2207	public3:2_557_78	official3	2	78	val2014/COCO_val2014_000000466763.jpg	val2014/COCO_val2014_000000569976.jpg	306	136658	147885	137484	150125	0.9240829022551307	-0.008286066285105753	0.07591709774486932	[.9,1]
2208	public3:2_558_22	official3	2	22	val2014/COCO_val2014_000000277932.jpg	val2014/COCO_val2014_000000320182.jpg	1703	5782	42002	7317	35340	0.13766011142326556	0.06938572898420473	0.8623398885767344	[0,.25)
2209	public3:2_559_50	official3	2	50	val2014/COCO_val2014_000000347819.jpg	val2014/COCO_val2014_000000311553.jpg	433	33739	76190	33771	70824	0.4428271426696417	0.034002745503858844	0.5571728573303583	[.25,.5)
2210	public3:2_560_50	official3	2	50	val2014/COCO_val2014_000000092660.jpg	val2014/COCO_val2014_000000288955.jpg	407	22698	204767	22965	213478	0.11084793936522976	-0.003272451492943154	0.8891520606347703	[0,.25)
2211	public3:2_561_38	official3	2	38	val2014/COCO_val2014_000000032812.jpg	val2014/COCO_val2014_000000558454.jpg	1704	18155	20529	18743	21985	0.884358712065858	-0.03182289218866907	0.11564128793414197	[.75,.9)
2212	public3:2_562_46	official3	2	46	val2014/COCO_val2014_000000078959.jpg	val2014/COCO_val2014_000000444496.jpg	1705	107814	239925	111089	257375	0.44936542669584245	-0.01774230867738691	0.5506345733041575	[.25,.5)
2213	public3:2_563_74	official3	2	74	val2014/COCO_val2014_000000034826.jpg	val2014/COCO_val2014_000000490012.jpg	1653	181454	220004	192927	219621	0.8247759131652151	0.05367833301342895	0.17522408683478485	[.75,.9)
2214	public3:2_564_50	official3	2	50	val2014/COCO_val2014_000000019723.jpg	val2014/COCO_val2014_000000257137.jpg	1706	9060	109515	7856	90144	0.08272839337077113	0.004421056398486944	0.9172716066292289	[0,.25)
2215	public3:2_565_74	official3	2	74	val2014/COCO_val2014_000000185993.jpg	val2014/COCO_val2014_000000330720.jpg	1707	11086	21794	13554	21773	0.508672111590346	0.11384201140602568	0.491327888409654	[.5,.75)
2216	public3:2_566_38	official3	2	38	val2014/COCO_val2014_000000281500.jpg	val2014/COCO_val2014_000000249276.jpg	701	6697	10049	7901	11475	0.6664344710916509	0.022105833919242368	0.3335655289083491	[.5,.75)
2217	public3:2_567_62	official3	2	62	val2014/COCO_val2014_000000556091.jpg	val2014/COCO_val2014_000000465130.jpg	1708	1743	155680	248	158387	0.011196043165467627	-0.009630258094723183	0.9888039568345324	[0,.25)
2218	public3:2_568_34	official3	2	34	val2014/COCO_val2014_000000395606.jpg	val2014/COCO_val2014_000000442019.jpg	797	19284	26612	19437	25456	0.7246355027807004	0.038917294202329145	0.27536449721929956	[.5,.75)
2219	public3:2_569_38	official3	2	38	val2014/COCO_val2014_000000442861.jpg	val2014/COCO_val2014_000000094299.jpg	1244	10175	12640	10137	14186	0.8049841772151899	-0.09040642450124659	0.1950158227848101	[.75,.9)
2220	public3:2_570_50	official3	2	50	val2014/COCO_val2014_000000164710.jpg	val2014/COCO_val2014_000000347724.jpg	1709	1727	186005	1794	169040	0.009284696647939572	0.0013281760449141908	0.9907153033520604	[0,.25)
2221	public3:2_571_66	official3	2	66	val2014/COCO_val2014_000000364205.jpg	val2014/COCO_val2014_000000388066.jpg	1710	44452	50329	44979	50633	0.8832283574082537	0.0051053380077793475	0.11677164259174633	[.75,.9)
2222	public3:2_572_50	official3	2	50	val2014/COCO_val2014_000000557357.jpg	val2014/COCO_val2014_000000519446.jpg	1711	259735	334803	261259	335918	0.775784565849171	0.0019617889159799784	0.224215434150829	[.75,.9)
2223	public3:2_573_54	official3	2	54	val2014/COCO_val2014_000000119709.jpg	val2014/COCO_val2014_000000456465.jpg	1338	67974	116483	68474	124502	0.5835529648103157	-0.033569832009236245	0.4164470351896843	[.5,.75)
2224	public3:2_574_6	official3	2	6	val2014/COCO_val2014_000000275751.jpg	val2014/COCO_val2014_000000227033.jpg	1712	302308	375553	251014	366970	0.8049676077677451	-0.12094984064781711	0.19503239223225488	[.75,.9)
2225	public3:2_575_62	official3	2	62	val2014/COCO_val2014_000000256722.jpg	val2014/COCO_val2014_000000374249.jpg	1713	44364	75586	43884	48340	0.5869340883232345	0.32088552276489135	0.41306591167676554	[.5,.75)
2226	public3:2_576_62	official3	2	62	val2014/COCO_val2014_000000528470.jpg	val2014/COCO_val2014_000000186282.jpg	1714	77730	130632	75923	130144	0.5950303141649825	-0.011653439318658476	0.40496968583501747	[.5,.75)
2227	public3:2_577_70	official3	2	70	val2014/COCO_val2014_000000159240.jpg	val2014/COCO_val2014_000000325505.jpg	48	11948	31014	11934	29962	0.3852453730573289	0.01305914600014385	0.6147546269426711	[.25,.5)
2228	public3:2_578_2	official3	2	2	val2014/COCO_val2014_000000061959.jpg	val2014/COCO_val2014_000000094610.jpg	1715	12199	280359	11990	278024	0.04351206845508794	-0.00038629514055394526	0.9564879315449121	[0,.25)
2229	public3:2_579_54	official3	2	54	val2014/COCO_val2014_000000018928.jpg	val2014/COCO_val2014_000000144373.jpg	1716	117573	127725	120366	136065	0.9205167351732237	-0.035895414480907606	0.07948326482677626	[.9,1]
2230	public3:2_580_78	official3	2	78	val2014/COCO_val2014_000000175804.jpg	val2014/COCO_val2014_000000177262.jpg	306	23086	25974	20852	25264	0.8888118888118888	-0.06344773428370643	0.11118811118811123	[.75,.9)
2231	public3:2_581_66	official3	2	66	val2014/COCO_val2014_000000272630.jpg	val2014/COCO_val2014_000000272242.jpg	1717	53195	140227	53195	153674	0.3793491980859606	-0.033194350811860895	0.6206508019140393	[.25,.5)
2232	public3:2_582_74	official3	2	74	val2014/COCO_val2014_000000435389.jpg	val2014/COCO_val2014_000000547221.jpg	1718	29153	34475	29224	34330	0.8456272661348804	0.00563984717709165	0.15437273386511963	[.75,.9)
2233	public3:2_583_74	official3	2	74	val2014/COCO_val2014_000000138648.jpg	val2014/COCO_val2014_000000407168.jpg	1719	15851	25183	15996	28000	0.6294325537068658	-0.05814683942115151	0.3705674462931342	[.5,.75)
2234	public3:2_584_26	official3	2	26	val2014/COCO_val2014_000000518163.jpg	val2014/COCO_val2014_000000012268.jpg	132	23009	210555	21787	214848	0.10927786089145354	-0.007871285079716878	0.8907221391085465	[0,.25)
2235	public3:2_585_62	official3	2	62	val2014/COCO_val2014_000000318854.jpg	val2014/COCO_val2014_000000035738.jpg	1720	37136	84589	37136	66069	0.4390168934495029	0.1230621451313747	0.5609831065504971	[.25,.5)
2236	public3:2_586_62	official3	2	62	val2014/COCO_val2014_000000178671.jpg	val2014/COCO_val2014_000000426241.jpg	1721	9389	38717	9441	17439	0.24250329312705013	0.29886949200971236	0.7574967068729499	[0,.25)
2237	public3:2_587_78	official3	2	78	val2014/COCO_val2014_000000092020.jpg	val2014/COCO_val2014_000000565198.jpg	306	27574	38201	27591	35009	0.7218135650899191	0.06629806334848243	0.2781864349100809	[.5,.75)
2238	public3:2_588_10	official3	2	10	val2014/COCO_val2014_000000544644.jpg	val2014/COCO_val2014_000000062459.jpg	163	59420	66854	59680	67012	0.8888024650731444	0.001784295507050171	0.11119753492685558	[.75,.9)
2239	public3:2_589_62	official3	2	62	val2014/COCO_val2014_000000340841.jpg	val2014/COCO_val2014_000000520862.jpg	1722	32152	50159	31912	49976	0.6410016148647302	-0.002455112543616078	0.3589983851352698	[.5,.75)
2240	public3:2_590_42	official3	2	42	val2014/COCO_val2014_000000105102.jpg	val2014/COCO_val2014_000000274352.jpg	1238	53699	105391	56091	106709	0.5095216859124593	0.016122823922699925	0.4904783140875407	[.5,.75)
2241	public3:2_591_70	official3	2	70	val2014/COCO_val2014_000000353398.jpg	val2014/COCO_val2014_000000554037.jpg	48	245554	292149	273593	290802	0.8405094660601269	0.10031281164085182	0.1594905339398731	[.75,.9)
2242	public3:2_592_74	official3	2	74	val2014/COCO_val2014_000000150930.jpg	val2014/COCO_val2014_000000197279.jpg	1723	39025	82438	40393	82331	0.4733860598267789	0.01723108316917643	0.526613940173221	[.25,.5)
2243	public3:2_593_34	official3	2	34	val2014/COCO_val2014_000000158227.jpg	val2014/COCO_val2014_000000558242.jpg	1310	23594	30439	24437	32026	0.775124018528861	-0.012087735508814812	0.22487598147113896	[.75,.9)
2244	public3:2_594_74	official3	2	74	val2014/COCO_val2014_000000226244.jpg	val2014/COCO_val2014_000000551403.jpg	1724	318244	1033722	305261	1035277	0.30786226857897964	-0.01300301834933093	0.6921377314210204	[.25,.5)
2245	public3:2_595_34	official3	2	34	val2014/COCO_val2014_000000542792.jpg	val2014/COCO_val2014_000000456725.jpg	325	64955	79024	67780	80184	0.8219654788418709	0.02334031782579349	0.17803452115812912	[.75,.9)
2246	public3:2_596_38	official3	2	38	val2014/COCO_val2014_000000519275.jpg	val2014/COCO_val2014_000000154145.jpg	1725	19699	23153	19909	23426	0.8508184684490131	-0.0009508000463835931	0.1491815315509869	[.75,.9)
2247	public3:2_597_42	official3	2	42	val2014/COCO_val2014_000000071929.jpg	val2014/COCO_val2014_000000547041.jpg	246	9882	33799	10867	39740	0.29237551406846357	-0.018923073202836982	0.7076244859315364	[.25,.5)
2248	public3:2_598_30	official3	2	30	val2014/COCO_val2014_000000242945.jpg	val2014/COCO_val2014_000000184121.jpg	1726	8829	55389	8826	61110	0.15939988084276663	-0.014971800332211904	0.8406001191572334	[0,.25)
2249	public3:2_599_14	official3	2	14	val2014/COCO_val2014_000000344624.jpg	val2014/COCO_val2014_000000437240.jpg	1727	83118	108781	83413	109132	0.7640856399555069	0.00024562860000387765	0.23591436004449307	[.75,.9)
2250	public3:3_450_47	official3	3	47	val2014/COCO_val2014_000000149251.jpg	val2014/COCO_val2014_000000299001.jpg	444	347560	369054	347936	376815	0.9417592005505969	-0.018398930922264745	0.05824079944940308	[.9,1]
2251	public3:3_451_67	official3	3	67	val2014/COCO_val2014_000000462643.jpg	val2014/COCO_val2014_000000187776.jpg	1728	258309	330340	253773	328198	0.7819489011321669	-0.008717498137633117	0.21805109886783314	[.75,.9)
2252	public3:3_452_71	official3	3	71	val2014/COCO_val2014_000000103585.jpg	val2014/COCO_val2014_000000033871.jpg	1729	15449	33252	15562	20222	0.4646036328641886	0.3049542743655612	0.5353963671358114	[.25,.5)
2253	public3:3_453_43	official3	3	43	val2014/COCO_val2014_000000004256.jpg	val2014/COCO_val2014_000000438788.jpg	1730	16254	34065	16097	29519	0.47714663143989433	0.06816316902760122	0.5228533685601057	[.25,.5)
2254	public3:3_454_3	official3	3	3	val2014/COCO_val2014_000000266400.jpg	val2014/COCO_val2014_000000491090.jpg	1731	527879	630511	553788	632939	0.837224092838983	0.03772278197833745	0.16277590716101697	[.75,.9)
2255	public3:3_455_19	official3	3	19	val2014/COCO_val2014_000000167193.jpg	val2014/COCO_val2014_000000079545.jpg	1732	297024	319006	304013	323695	0.9310922051622853	0.008103642780994624	0.0689077948377147	[.9,1]
2256	public3:3_456_27	official3	3	27	val2014/COCO_val2014_000000471869.jpg	val2014/COCO_val2014_000000205134.jpg	441	25022	28680	25411	31129	0.8724546722454672	-0.05614190922705997	0.12754532775453276	[.75,.9)
2257	public3:3_457_71	official3	3	71	val2014/COCO_val2014_000000178299.jpg	val2014/COCO_val2014_000000362778.jpg	1733	215838	379168	200737	374146	0.5692410751962191	-0.03272057250475646	0.43075892480378086	[.5,.75)
2258	public3:3_458_23	official3	3	23	val2014/COCO_val2014_000000356836.jpg	val2014/COCO_val2014_000000495734.jpg	1734	66054	82847	68682	84790	0.7973010489215059	0.012723718150082775	0.20269895107849412	[.75,.9)
2259	public3:3_459_75	official3	3	75	val2014/COCO_val2014_000000223357.jpg	val2014/COCO_val2014_000000557916.jpg	1735	64354	125918	64500	116072	0.5110786384790101	0.044610933510789264	0.48892136152098986	[.5,.75)
2260	public3:3_460_15	official3	3	15	val2014/COCO_val2014_000000279145.jpg	val2014/COCO_val2014_000000142890.jpg	1736	18817	24239	10488	24088	0.776310903915178	-0.34090738349007005	0.22368909608482201	[.75,.9)
2261	public3:3_461_39	official3	3	39	val2014/COCO_val2014_000000328797.jpg	val2014/COCO_val2014_000000197796.jpg	1737	20745	39467	21576	40344	0.5256290065117694	0.009171707349027836	0.47437099348823064	[.5,.75)
2262	public3:3_462_35	official3	3	35	val2014/COCO_val2014_000000413124.jpg	val2014/COCO_val2014_000000010442.jpg	900	41163	45225	41657	45041	0.9101824212271974	0.014686031959898815	0.08981757877280261	[.9,1]
2263	public3:3_463_23	official3	3	23	val2014/COCO_val2014_000000330931.jpg	val2014/COCO_val2014_000000056768.jpg	1738	37892	53426	40684	54157	0.709242690824692	0.04198060440953433	0.29075730917530795	[.5,.75)
2264	public3:3_464_55	official3	3	55	val2014/COCO_val2014_000000449279.jpg	val2014/COCO_val2014_000000443034.jpg	1739	409578	489538	409637	489243	0.836662322434622	0.0006250787136825586	0.16333767756537798	[.75,.9)
2265	public3:3_465_75	official3	3	75	val2014/COCO_val2014_000000205533.jpg	val2014/COCO_val2014_000000303626.jpg	1740	0	37218	0	26474	0.0	0.0	1.0	[0,.25)
2266	public3:3_466_7	official3	3	7	val2014/COCO_val2014_000000498400.jpg	val2014/COCO_val2014_000000280238.jpg	1741	43445	76934	42682	57585	0.5647048119167078	0.17649515335202537	0.43529518808329215	[.5,.75)
2267	public3:3_467_39	official3	3	39	val2014/COCO_val2014_000000296471.jpg	val2014/COCO_val2014_000000193271.jpg	1348	5558	106040	0	95081	0.0524141833270464	-0.0524141833270464	0.9475858166729536	[0,.25)
2268	public3:3_468_43	official3	3	43	val2014/COCO_val2014_000000211282.jpg	val2014/COCO_val2014_000000199771.jpg	1424	8961	45206	8665	42592	0.1982258992169181	0.005216061714712256	0.8017741007830819	[0,.25)
2269	public3:3_469_27	official3	3	27	val2014/COCO_val2014_000000333167.jpg	val2014/COCO_val2014_000000172952.jpg	1720	9295	19890	9322	25800	0.4673202614379085	-0.10600243198054415	0.5326797385620915	[.25,.5)
2270	public3:3_470_43	official3	3	43	val2014/COCO_val2014_000000161810.jpg	val2014/COCO_val2014_000000145436.jpg	1742	13219	28382	13606	23527	0.46575294200549644	0.11256133520791789	0.5342470579945036	[.25,.5)
2271	public3:3_471_75	official3	3	75	val2014/COCO_val2014_000000348488.jpg	val2014/COCO_val2014_000000321943.jpg	1743	445151	904895	476568	911278	0.49193663353206724	0.031030013308962656	0.5080633664679328	[.25,.5)
2272	public3:3_472_43	official3	3	43	val2014/COCO_val2014_000000088349.jpg	val2014/COCO_val2014_000000143154.jpg	977	19271	26618	19401	26512	0.7239837703809452	0.007798064259972093	0.2760162296190548	[.5,.75)
2273	public3:3_473_23	official3	3	23	val2014/COCO_val2014_000000428858.jpg	val2014/COCO_val2014_000000102665.jpg	1744	80866	109805	80009	111254	0.7364509812850052	-0.01729481611341588	0.2635490187149948	[.5,.75)
2274	public3:3_474_71	official3	3	71	val2014/COCO_val2014_000000497099.jpg	val2014/COCO_val2014_000000095300.jpg	1745	59350	121108	55954	120701	0.4900584602173267	-0.02648317915088977	0.5099415397826733	[.25,.5)
2275	public3:3_475_3	official3	3	3	val2014/COCO_val2014_000000183166.jpg	val2014/COCO_val2014_000000503238.jpg	1746	32107	41906	31996	42678	0.7661671359709826	-0.0164600269218238	0.23383286402901737	[.75,.9)
2276	public3:3_476_51	official3	3	51	val2014/COCO_val2014_000000558864.jpg	val2014/COCO_val2014_000000410380.jpg	996	22593	145798	22559	144367	0.15496097340155557	0.001300499095621771	0.8450390265984444	[0,.25)
2277	public3:3_477_63	official3	3	63	val2014/COCO_val2014_000000356878.jpg	val2014/COCO_val2014_000000533407.jpg	1747	126350	130346	126167	132061	0.9693431328924554	-0.013974023162860782	0.03065686710754456	[.9,1]
2278	public3:3_478_43	official3	3	43	val2014/COCO_val2014_000000222674.jpg	val2014/COCO_val2014_000000452931.jpg	1748	6113	31356	5146	23785	0.19495471361143002	0.02140013187942555	0.80504528638857	[0,.25)
2279	public3:3_479_71	official3	3	71	val2014/COCO_val2014_000000005569.jpg	val2014/COCO_val2014_000000267135.jpg	1749	37009	364785	37192	286710	0.10145428128897845	0.028265644768710504	0.8985457187110215	[0,.25)
2280	public3:3_480_39	official3	3	39	val2014/COCO_val2014_000000440937.jpg	val2014/COCO_val2014_000000015839.jpg	523	59264	238287	60177	231570	0.2487084901820074	0.011156777339692281	0.7512915098179926	[0,.25)
2281	public3:3_481_7	official3	3	7	val2014/COCO_val2014_000000412184.jpg	val2014/COCO_val2014_000000097857.jpg	1750	3721	68000	715	68388	0.05472058823529412	-0.044265537641622714	0.9452794117647059	[0,.25)
2282	public3:3_482_39	official3	3	39	val2014/COCO_val2014_000000021639.jpg	val2014/COCO_val2014_000000418854.jpg	1751	21085	56886	21064	58289	0.3706535878775094	-0.009281802463451838	0.6293464121224905	[.25,.5)
2283	public3:3_483_39	official3	3	39	val2014/COCO_val2014_000000058462.jpg	val2014/COCO_val2014_000000202273.jpg	1752	39461	188606	37932	182529	0.2092245209590363	-0.0014109680441570238	0.7907754790409637	[0,.25)
2284	public3:3_484_31	official3	3	31	val2014/COCO_val2014_000000278853.jpg	val2014/COCO_val2014_000000048653.jpg	544	17533	26578	17541	26084	0.6596809391225826	0.01280027541506501	0.34031906087741737	[.5,.75)
2285	public3:3_485_27	official3	3	27	val2014/COCO_val2014_000000468541.jpg	val2014/COCO_val2014_000000041848.jpg	505	40841	79354	69651	74340	0.5146684477153011	0.4222564917520113	0.48533155228469893	[.5,.75)
2286	public3:3_486_27	official3	3	27	val2014/COCO_val2014_000000333167.jpg	val2014/COCO_val2014_000000295134.jpg	1720	9462	234068	9463	237642	0.04042415024693679	-0.0006037481294659738	0.9595758497530632	[0,.25)
2287	public3:3_487_15	official3	3	15	val2014/COCO_val2014_000000181586.jpg	val2014/COCO_val2014_000000121112.jpg	1753	354784	385144	356428	386362	0.921172340734894	0.001351095834955074	0.07882765926510604	[.9,1]
2288	public3:3_488_31	official3	3	31	val2014/COCO_val2014_000000549683.jpg	val2014/COCO_val2014_000000338291.jpg	951	35332	46168	36265	46824	0.7652919771270144	0.009204007837960826	0.23470802287298564	[.75,.9)
2289	public3:3_489_51	official3	3	51	val2014/COCO_val2014_000000205513.jpg	val2014/COCO_val2014_000000298172.jpg	1754	146605	162353	151164	170594	0.903001484419752	-0.01689763551533574	0.09699851558024797	[.9,1]
2290	public3:3_490_79	official3	3	79	val2014/COCO_val2014_000000145520.jpg	val2014/COCO_val2014_000000521405.jpg	1755	14129	111823	6102	106354	0.12635146615633636	-0.06897703736193275	0.8736485338436637	[0,.25)
2291	public3:3_491_23	official3	3	23	val2014/COCO_val2014_000000579560.jpg	val2014/COCO_val2014_000000006874.jpg	1756	16143	19389	17640	22684	0.8325854866161225	-0.05494485886087652	0.16741451338387747	[.75,.9)
2292	public3:3_492_79	official3	3	79	val2014/COCO_val2014_000000362852.jpg	val2014/COCO_val2014_000000308645.jpg	1367	6897	10044	6438	10576	0.6866786140979689	-0.07794185161687972	0.31332138590203107	[.5,.75)
2293	public3:3_493_43	official3	3	43	val2014/COCO_val2014_000000554037.jpg	val2014/COCO_val2014_000000189752.jpg	48	32333	69165	32842	56148	0.46747632473071643	0.11744210513321462	0.5325236752692836	[.25,.5)
2294	public3:3_494_55	official3	3	55	val2014/COCO_val2014_000000313337.jpg	val2014/COCO_val2014_000000455448.jpg	48	60047	110536	60722	75870	0.5432347832380401	0.25710790820785423	0.4567652167619599	[.5,.75)
2295	public3:3_495_23	official3	3	23	val2014/COCO_val2014_000000089503.jpg	val2014/COCO_val2014_000000231616.jpg	957	206944	312852	195960	312744	0.6614757137560252	-0.03489294957829514	0.3385242862439748	[.5,.75)
2296	public3:3_496_19	official3	3	19	val2014/COCO_val2014_000000539784.jpg	val2014/COCO_val2014_000000574316.jpg	1757	25238	136066	26637	146941	0.18548351535284346	-0.004206676349433919	0.8145164846471565	[0,.25)
2297	public3:3_497_67	official3	3	67	val2014/COCO_val2014_000000490624.jpg	val2014/COCO_val2014_000000104320.jpg	1758	20775	138200	21034	60747	0.15032561505065123	0.19593016712789257	0.8496743849493488	[0,.25)
2298	public3:3_498_67	official3	3	67	val2014/COCO_val2014_000000275585.jpg	val2014/COCO_val2014_000000000810.jpg	1759	14639	47687	2823	42136	0.3069809382011869	-0.23998359626080334	0.6930190617988131	[.25,.5)
2299	public3:3_499_63	official3	3	63	val2014/COCO_val2014_000000312868.jpg	val2014/COCO_val2014_000000447770.jpg	1760	86739	231104	88400	229737	0.37532452921628356	0.009463293380860105	0.6246754707837164	[.25,.5)
2300	public3:3_500_55	official3	3	55	val2014/COCO_val2014_000000303652.jpg	val2014/COCO_val2014_000000358939.jpg	1761	35786	42578	34617	38272	0.8404809995772464	0.06401837333245253	0.15951900042275358	[.75,.9)
2301	public3:3_501_27	official3	3	27	val2014/COCO_val2014_000000451798.jpg	val2014/COCO_val2014_000000432519.jpg	934	134173	363551	142174	354051	0.36906238739544106	0.03250122914567871	0.6309376126045589	[.25,.5)
2302	public3:3_502_59	official3	3	59	val2014/COCO_val2014_000000259819.jpg	val2014/COCO_val2014_000000212927.jpg	927	304616	368066	291665	373573	0.8276124390734271	-0.04686811333254104	0.17238756092657292	[.75,.9)
2303	public3:3_503_47	official3	3	47	val2014/COCO_val2014_000000577451.jpg	val2014/COCO_val2014_000000477273.jpg	559	384100	450221	388699	413446	0.8531365707063864	0.08700797053962883	0.14686342929361362	[.75,.9)
2304	public3:3_504_63	official3	3	63	val2014/COCO_val2014_000000035827.jpg	val2014/COCO_val2014_000000166565.jpg	1762	48162	51944	48428	51242	0.9271908208840289	0.017893289806420354	0.07280917911597107	[.9,1]
2305	public3:3_505_47	official3	3	47	val2014/COCO_val2014_000000559400.jpg	val2014/COCO_val2014_000000437789.jpg	1763	249045	329043	250452	331539	0.7568767607881037	-0.001454321799025493	0.24312323921189627	[.75,.9)
2306	public3:3_506_27	official3	3	27	val2014/COCO_val2014_000000471869.jpg	val2014/COCO_val2014_000000357383.jpg	441	24288	27829	23164	27797	0.8727586330805994	-0.039431295598137295	0.12724136691940058	[.75,.9)
2307	public3:3_507_11	official3	3	11	val2014/COCO_val2014_000000191471.jpg	val2014/COCO_val2014_000000158306.jpg	1427	394657	403965	397907	405111	0.9769583998613741	0.005258819616744237	0.023041600138625884	[.9,1]
2308	public3:3_508_79	official3	3	79	val2014/COCO_val2014_000000026828.jpg	val2014/COCO_val2014_000000267515.jpg	1764	57538	99404	59431	107488	0.5788298257615387	-0.025921594144986182	0.42117017423846126	[.5,.75)
2309	public3:3_509_7	official3	3	7	val2014/COCO_val2014_000000523953.jpg	val2014/COCO_val2014_000000231945.jpg	414	24683	68003	27392	47540	0.362969280767025	0.21321919209793078	0.6370307192329749	[.25,.5)
2310	public3:3_510_47	official3	3	47	val2014/COCO_val2014_000000329014.jpg	val2014/COCO_val2014_000000578203.jpg	920	63730	224887	62008	232229	0.28338676757660514	-0.01637446506486029	0.7166132324233949	[.25,.5)
2311	public3:3_511_79	official3	3	79	val2014/COCO_val2014_000000207060.jpg	val2014/COCO_val2014_000000245112.jpg	1765	85492	114126	63739	114002	0.7491018698631338	-0.18999764362148885	0.25089813013686624	[.5,.75)
2312	public3:3_512_71	official3	3	71	val2014/COCO_val2014_000000210372.jpg	val2014/COCO_val2014_000000199404.jpg	1766	10091	187225	10265	186641	0.053897716651088265	0.0011009170896225107	0.9461022833489118	[0,.25)
2313	public3:3_513_15	official3	3	15	val2014/COCO_val2014_000000168543.jpg	val2014/COCO_val2014_000000430319.jpg	1767	68180	73043	69147	76173	0.9334227783634298	-0.02566018531865011	0.0665772216365702	[.9,1]
2314	public3:3_514_43	official3	3	43	val2014/COCO_val2014_000000116825.jpg	val2014/COCO_val2014_000000329014.jpg	920	19544	29205	19478	31959	0.6692004793699708	-0.05973209800634871	0.33079952063002915	[.5,.75)
2315	public3:3_515_51	official3	3	51	val2014/COCO_val2014_000000105335.jpg	val2014/COCO_val2014_000000130438.jpg	1768	13412	177135	14262	181483	0.07571626160837779	0.00286961144860276	0.9242837383916223	[0,.25)
2316	public3:3_516_31	official3	3	31	val2014/COCO_val2014_000000361860.jpg	val2014/COCO_val2014_000000044195.jpg	932	40986	45111	41638	46422	0.908558888076079	-0.011613474263662438	0.09144111192392101	[.9,1]
2317	public3:3_517_23	official3	3	23	val2014/COCO_val2014_000000461339.jpg	val2014/COCO_val2014_000000364589.jpg	1769	82751	101277	91012	104351	0.8170759402430957	0.055095864531175764	0.1829240597569043	[.75,.9)
2318	public3:3_518_67	official3	3	67	val2014/COCO_val2014_000000199047.jpg	val2014/COCO_val2014_000000408578.jpg	173	19081	63892	19188	66264	0.2986445877418143	-0.009075591001502792	0.7013554122581858	[.25,.5)
2319	public3:3_519_51	official3	3	51	val2014/COCO_val2014_000000145666.jpg	val2014/COCO_val2014_000000006949.jpg	1770	15173	48753	12744	40259	0.3112218735257318	0.00532846304497292	0.6887781264742683	[.25,.5)
2320	public3:3_520_23	official3	3	23	val2014/COCO_val2014_000000213399.jpg	val2014/COCO_val2014_000000091227.jpg	1771	101811	120480	104791	122895	0.8450448207171315	0.007642432629221041	0.1549551792828685	[.75,.9)
2321	public3:3_521_71	official3	3	71	val2014/COCO_val2014_000000274494.jpg	val2014/COCO_val2014_000000147042.jpg	1772	33942	68450	29310	53837	0.4958655953250548	0.048555527694429945	0.5041344046749452	[.25,.5)
2322	public3:3_522_55	official3	3	55	val2014/COCO_val2014_000000013597.jpg	val2014/COCO_val2014_000000073453.jpg	1773	319082	349711	319529	346724	0.9124162522768801	0.009149604139174206	0.08758374772311994	[.9,1]
2323	public3:3_523_55	official3	3	55	val2014/COCO_val2014_000000511895.jpg	val2014/COCO_val2014_000000374083.jpg	1774	99330	122097	98698	122236	0.8135335020516474	-0.006095431434153364	0.18646649794835257	[.75,.9)
2324	public3:3_524_39	official3	3	39	val2014/COCO_val2014_000000553353.jpg	val2014/COCO_val2014_000000562875.jpg	1268	16810	21324	17494	21385	0.7883136372162821	0.029736397855029573	0.21168636278371789	[.75,.9)
2325	public3:3_525_55	official3	3	55	val2014/COCO_val2014_000000195559.jpg	val2014/COCO_val2014_000000300368.jpg	82	14541	198459	2667	176921	0.07326954181972095	-0.05819501703182127	0.9267304581802791	[0,.25)
2326	public3:3_526_55	official3	3	55	val2014/COCO_val2014_000000442387.jpg	val2014/COCO_val2014_000000430533.jpg	1775	14749	49960	35298	50190	0.2952161729383507	0.40807133453325717	0.7047838270616493	[.25,.5)
2327	public3:3_527_75	official3	3	75	val2014/COCO_val2014_000000146997.jpg	val2014/COCO_val2014_000000154431.jpg	1776	16420	158762	20376	148913	0.1034252528942694	0.03340631990327009	0.8965747471057306	[0,.25)
2328	public3:3_528_31	official3	3	31	val2014/COCO_val2014_000000276840.jpg	val2014/COCO_val2014_000000515424.jpg	932	6935	14895	7024	13140	0.4655924806982209	0.06895850864728903	0.5344075193017791	[.25,.5)
2329	public3:3_529_23	official3	3	23	val2014/COCO_val2014_000000238700.jpg	val2014/COCO_val2014_000000443583.jpg	1777	121318	159041	122485	140015	0.7628095899799423	0.11198953868484363	0.2371904100200577	[.75,.9)
2330	public3:3_530_75	official3	3	75	val2014/COCO_val2014_000000550426.jpg	val2014/COCO_val2014_000000407097.jpg	1778	33459	155274	33383	155263	0.21548359673866843	-0.0004742255426977149	0.7845164032613315	[0,.25)
2331	public3:3_531_35	official3	3	35	val2014/COCO_val2014_000000520528.jpg	val2014/COCO_val2014_000000063104.jpg	1779	16564	65495	17209	26848	0.2529048018932743	0.3880740419684659	0.7470951981067258	[.25,.5)
2332	public3:3_532_63	official3	3	63	val2014/COCO_val2014_000000052546.jpg	val2014/COCO_val2014_000000241350.jpg	1780	18859	36890	18915	36835	0.5112225535375441	0.00228362265357851	0.4887774464624559	[.5,.75)
2333	public3:3_533_75	official3	3	75	val2014/COCO_val2014_000000026472.jpg	val2014/COCO_val2014_000000293249.jpg	1781	244175	391184	251895	389181	0.624194752341609	0.02304907508059295	0.37580524765839096	[.5,.75)
2334	public3:3_534_47	official3	3	47	val2014/COCO_val2014_000000259216.jpg	val2014/COCO_val2014_000000420229.jpg	1782	58950	292156	59290	195001	0.20177576363312752	0.10227395918880675	0.7982242363668725	[0,.25)
2335	public3:3_535_15	official3	3	15	val2014/COCO_val2014_000000060792.jpg	val2014/COCO_val2014_000000005617.jpg	404	513180	533831	512360	535646	0.9613154724997237	-0.004788213825151377	0.03868452750027629	[.9,1]
2336	public3:3_536_55	official3	3	55	val2014/COCO_val2014_000000198251.jpg	val2014/COCO_val2014_000000448151.jpg	1783	18292	51667	17036	46294	0.35403642557144793	0.013959427022840754	0.6459635744285521	[.25,.5)
2337	public3:3_537_59	official3	3	59	val2014/COCO_val2014_000000356742.jpg	val2014/COCO_val2014_000000217071.jpg	1784	298	143984	4388	110840	0.002069674408267585	0.0375189217663986	0.9979303255917324	[0,.25)
2338	public3:3_538_3	official3	3	3	val2014/COCO_val2014_000000396209.jpg	val2014/COCO_val2014_000000282150.jpg	1785	6304	14162	7160	10390	0.4451348679565033	0.24398928988757757	0.5548651320434967	[.25,.5)
2339	public3:3_539_55	official3	3	55	val2014/COCO_val2014_000000155179.jpg	val2014/COCO_val2014_000000317147.jpg	1786	622837	764744	688900	760272	0.8144385572165326	0.09168451452621218	0.18556144278346742	[.75,.9)
2340	public3:3_540_27	official3	3	27	val2014/COCO_val2014_000000444755.jpg	val2014/COCO_val2014_000000070240.jpg	1787	8738	38997	8049	35607	0.2240685180911352	0.001982539285223378	0.7759314819088647	[0,.25)
2341	public3:3_541_79	official3	3	79	val2014/COCO_val2014_000000336431.jpg	val2014/COCO_val2014_000000581338.jpg	58	9949	31050	9833	33396	0.32041867954911435	-0.025982220092892028	0.6795813204508856	[.25,.5)
2342	public3:3_542_75	official3	3	75	val2014/COCO_val2014_000000146774.jpg	val2014/COCO_val2014_000000179251.jpg	1788	28221	66568	77	67461	0.4239424348035092	-0.42280103458708784	0.5760575651964908	[.25,.5)
2343	public3:3_543_75	official3	3	75	val2014/COCO_val2014_000000372718.jpg	val2014/COCO_val2014_000000480664.jpg	1789	64720	81459	69940	80576	0.7945101216562933	0.07349027548429443	0.2054898783437067	[.75,.9)
2344	public3:3_544_67	official3	3	67	val2014/COCO_val2014_000000194724.jpg	val2014/COCO_val2014_000000315403.jpg	232	10553	71285	11106	66622	0.14803955951462439	0.01866213061776431	0.8519604404853756	[0,.25)
2345	public3:3_545_75	official3	3	75	val2014/COCO_val2014_000000353405.jpg	val2014/COCO_val2014_000000089228.jpg	796	13956	15091	14198	15572	0.9247896097011464	-0.01302490381879351	0.07521039029885357	[.9,1]
2346	public3:3_546_59	official3	3	59	val2014/COCO_val2014_000000497626.jpg	val2014/COCO_val2014_000000495680.jpg	839	493497	520378	494273	520144	0.9483433196637828	0.0019185309006762852	0.051656680336217176	[.9,1]
2347	public3:3_547_43	official3	3	43	val2014/COCO_val2014_000000321014.jpg	val2014/COCO_val2014_000000149251.jpg	444	34783	49418	35849	47480	0.7038528471407179	0.05118085125860805	0.29614715285928206	[.5,.75)
2348	public3:3_548_51	official3	3	51	val2014/COCO_val2014_000000134413.jpg	val2014/COCO_val2014_000000393225.jpg	545	21660	155114	22387	120969	0.1396392330801862	0.04542470892148365	0.8603607669198138	[0,.25)
2349	public3:3_549_43	official3	3	43	val2014/COCO_val2014_000000047752.jpg	val2014/COCO_val2014_000000320872.jpg	1790	24051	43916	20785	34241	0.5476591675015939	0.05936165548838879	0.45234083249840606	[.5,.75)
2350	public3:3_550_11	official3	3	11	val2014/COCO_val2014_000000293782.jpg	val2014/COCO_val2014_000000165298.jpg	1791	22035	24040	22229	25439	0.9165973377703827	-0.04278154312436666	0.08340266222961734	[.9,1]
2351	public3:3_551_31	official3	3	31	val2014/COCO_val2014_000000455279.jpg	val2014/COCO_val2014_000000272949.jpg	461	24833	26673	25090	28848	0.9310163836088929	-0.06128537972647474	0.06898361639110706	[.9,1]
2352	public3:3_552_47	official3	3	47	val2014/COCO_val2014_000000294451.jpg	val2014/COCO_val2014_000000156772.jpg	1792	146410	298793	128025	200435	0.4900047859220263	0.14873096382227985	0.5099952140779738	[.25,.5)
2353	public3:3_553_79	official3	3	79	val2014/COCO_val2014_000000460866.jpg	val2014/COCO_val2014_000000579468.jpg	1793	249680	331376	250626	327823	0.7534643426198638	0.011051874973166509	0.24653565738013616	[.75,.9)
2354	public3:3_554_19	official3	3	19	val2014/COCO_val2014_000000505471.jpg	val2014/COCO_val2014_000000545867.jpg	1362	155129	196581	162727	197519	0.7891352673961369	0.034719652890012775	0.21086473260386307	[.75,.9)
2355	public3:3_555_79	official3	3	79	val2014/COCO_val2014_000000070351.jpg	val2014/COCO_val2014_000000361815.jpg	940	79042	138637	78557	146724	0.5701363993739045	-0.034729785595654206	0.4298636006260955	[.5,.75)
2356	public3:3_556_55	official3	3	55	val2014/COCO_val2014_000000448535.jpg	val2014/COCO_val2014_000000048396.jpg	1794	24393	28990	25621	29278	0.8414280786478096	0.0336658485330088	0.15857192135219045	[.75,.9)
2357	public3:3_557_19	official3	3	19	val2014/COCO_val2014_000000314495.jpg	val2014/COCO_val2014_000000195367.jpg	1795	335812	513994	343052	514184	0.6533383658174998	0.01383914262305841	0.3466616341825002	[.5,.75)
2358	public3:3_558_7	official3	3	7	val2014/COCO_val2014_000000187924.jpg	val2014/COCO_val2014_000000290798.jpg	1114	171592	204767	169920	205119	0.8379865896360253	-0.009589415312827643	0.16201341036397465	[.75,.9)
2359	public3:3_559_23	official3	3	23	val2014/COCO_val2014_000000030967.jpg	val2014/COCO_val2014_000000076454.jpg	1796	100050	132911	98177	133975	0.7527593652895547	-0.019958469600060313	0.24724063471044533	[.75,.9)
2360	public3:3_560_7	official3	3	7	val2014/COCO_val2014_000000177101.jpg	val2014/COCO_val2014_000000446460.jpg	1797	7697	167111	7634	168619	0.046059206156387075	-0.0007855418599554756	0.953940793843613	[0,.25)
2361	public3:3_561_63	official3	3	63	val2014/COCO_val2014_000000554711.jpg	val2014/COCO_val2014_000000342367.jpg	1798	170316	219782	168682	219262	0.7749315230546633	-0.0056144503288831915	0.22506847694533672	[.75,.9)
2362	public3:3_562_3	official3	3	3	val2014/COCO_val2014_000000542101.jpg	val2014/COCO_val2014_000000000073.jpg	1799	237828	276066	240695	300573	0.861489643780835	-0.060702480595851704	0.13851035621916497	[.75,.9)
2363	public3:3_563_3	official3	3	3	val2014/COCO_val2014_000000457848.jpg	val2014/COCO_val2014_000000523953.jpg	414	493708	617303	520513	626762	0.7997822787188787	0.03069723344044173	0.20021772128112125	[.75,.9)
2364	public3:3_564_35	official3	3	35	val2014/COCO_val2014_000000091495.jpg	val2014/COCO_val2014_000000498535.jpg	1800	8805	12851	9247	13619	0.6851606878842114	-0.006182789360090646	0.31483931211578864	[.5,.75)
2365	public3:3_565_23	official3	3	23	val2014/COCO_val2014_000000167479.jpg	val2014/COCO_val2014_000000485895.jpg	1801	30648	53913	32439	41891	0.568471426186634	0.20589538291317255	0.43152857381336596	[.5,.75)
2366	public3:3_566_55	official3	3	55	val2014/COCO_val2014_000000382625.jpg	val2014/COCO_val2014_000000513933.jpg	913	47468	60971	48062	62511	0.7785340571747225	-0.009677375950617906	0.22146594282527754	[.75,.9)
2367	public3:3_567_11	official3	3	11	val2014/COCO_val2014_000000025550.jpg	val2014/COCO_val2014_000000329337.jpg	248	14001	14851	13545	14840	0.9427647969833681	-0.03002894792676436	0.057235203016631875	[.9,1]
2368	public3:3_568_55	official3	3	55	val2014/COCO_val2014_000000020908.jpg	val2014/COCO_val2014_000000371861.jpg	1802	104488	123200	104681	116203	0.8481168831168832	0.05272905029275343	0.15188311688311684	[.75,.9)
2369	public3:3_569_43	official3	3	43	val2014/COCO_val2014_000000061316.jpg	val2014/COCO_val2014_000000556073.jpg	1424	7954	10400	8237	10835	0.7648076923076923	-0.004586187923751317	0.2351923076923077	[.75,.9)
2370	public3:3_570_15	official3	3	15	val2014/COCO_val2014_000000412377.jpg	val2014/COCO_val2014_000000272713.jpg	1803	167674	200397	165158	201355	0.8367091323722411	-0.0164762104184778	0.1632908676277589	[.75,.9)
2371	public3:3_571_43	official3	3	43	val2014/COCO_val2014_000000512989.jpg	val2014/COCO_val2014_000000571808.jpg	25	28304	44479	26686	39891	0.6363452415746756	0.032627709717595765	0.36365475842532435	[.5,.75)
2372	public3:3_572_59	official3	3	59	val2014/COCO_val2014_000000213008.jpg	val2014/COCO_val2014_000000101660.jpg	1804	406651	456481	406008	457637	0.890838830093695	-0.0036553200191162816	0.10916116990630498	[.75,.9)
2373	public3:3_573_71	official3	3	71	val2014/COCO_val2014_000000570659.jpg	val2014/COCO_val2014_000000545597.jpg	360	26109	28794	26293	28660	0.9067514065430298	0.010659619276928378	0.09324859345697023	[.9,1]
2374	public3:3_574_23	official3	3	23	val2014/COCO_val2014_000000282912.jpg	val2014/COCO_val2014_000000219904.jpg	1805	212822	239840	210744	241254	0.8873498999332888	-0.013814124360655877	0.11265010006671117	[.75,.9)
2375	public3:3_575_47	official3	3	47	val2014/COCO_val2014_000000254828.jpg	val2014/COCO_val2014_000000479596.jpg	668	344299	362890	343097	362844	0.9487695996031855	-0.0031924369657986285	0.05123040039681448	[.9,1]
2376	public3:3_576_55	official3	3	55	val2014/COCO_val2014_000000413551.jpg	val2014/COCO_val2014_000000143901.jpg	1032	32672	145331	32844	130927	0.2248109487996367	0.026046399188173308	0.7751890512003633	[0,.25)
2377	public3:3_577_39	official3	3	39	val2014/COCO_val2014_000000292005.jpg	val2014/COCO_val2014_000000129001.jpg	1806	6303	11248	6590	7908	0.5603662873399715	0.27296704599336186	0.4396337126600285	[.5,.75)
2378	public3:3_578_3	official3	3	3	val2014/COCO_val2014_000000332877.jpg	val2014/COCO_val2014_000000140651.jpg	1807	75928	106796	73201	105022	0.7109629574141354	-0.013956615885693746	0.2890370425858646	[.5,.75)
2379	public3:3_579_15	official3	3	15	val2014/COCO_val2014_000000199940.jpg	val2014/COCO_val2014_000000569773.jpg	1808	302611	402073	299442	402189	0.7526270105179905	-0.008096453988597596	0.24737298948200948	[.75,.9)
2380	public3:3_580_19	official3	3	19	val2014/COCO_val2014_000000403432.jpg	val2014/COCO_val2014_000000111325.jpg	1364	30454	40604	30245	37553	0.7500246281154566	0.05537041355897687	0.24997537188454344	[.75,.9)
2381	public3:3_581_59	official3	3	59	val2014/COCO_val2014_000000554711.jpg	val2014/COCO_val2014_000000118839.jpg	1798	184895	297428	145139	285292	0.6216462471589763	-0.11290783178104769	0.3783537528410237	[.5,.75)
2382	public3:3_582_67	official3	3	67	val2014/COCO_val2014_000000546626.jpg	val2014/COCO_val2014_000000499266.jpg	490	30104	135079	30317	80485	0.22286217694830432	0.15381670731584426	0.7771378230516957	[0,.25)
2383	public3:3_583_19	official3	3	19	val2014/COCO_val2014_000000540372.jpg	val2014/COCO_val2014_000000354241.jpg	1809	67394	74240	69979	80384	0.9077855603448276	-0.03722674266966841	0.0922144396551724	[.9,1]
2384	public3:3_584_27	official3	3	27	val2014/COCO_val2014_000000572042.jpg	val2014/COCO_val2014_000000056437.jpg	934	12142	18731	12470	16999	0.6482302066093641	0.08534235648258248	0.35176979339063585	[.5,.75)
2385	public3:3_585_55	official3	3	55	val2014/COCO_val2014_000000297396.jpg	val2014/COCO_val2014_000000497593.jpg	70	306394	461975	320929	462779	0.6632263650630446	0.030255837024777077	0.33677363493695545	[.5,.75)
2386	public3:3_586_59	official3	3	59	val2014/COCO_val2014_000000302221.jpg	val2014/COCO_val2014_000000398076.jpg	1810	554114	1046006	556239	1046188	0.529742659219928	0.00193902705443183	0.470257340780072	[.5,.75)
2387	public3:3_587_3	official3	3	3	val2014/COCO_val2014_000000067823.jpg	val2014/COCO_val2014_000000340998.jpg	1811	345265	473297	350628	471645	0.7294890945854294	0.013925973951287807	0.27051090541457057	[.5,.75)
2388	public3:3_588_43	official3	3	43	val2014/COCO_val2014_000000320872.jpg	val2014/COCO_val2014_000000219291.jpg	1790	3556	38432	542	38211	0.0925270607826811	-0.07834266361956052	0.9074729392173189	[0,.25)
2389	public3:3_589_35	official3	3	35	val2014/COCO_val2014_000000151441.jpg	val2014/COCO_val2014_000000358019.jpg	514	11857	12899	12234	13265	0.9192185440731839	0.00305812384992199	0.08078145592681607	[.9,1]
2390	public3:3_590_75	official3	3	75	val2014/COCO_val2014_000000445662.jpg	val2014/COCO_val2014_000000064796.jpg	1812	73177	248230	40075	230435	0.2947951496595899	-0.1208849363673383	0.70520485034041	[.25,.5)
2391	public3:3_591_19	official3	3	19	val2014/COCO_val2014_000000354321.jpg	val2014/COCO_val2014_000000310618.jpg	1813	114209	125831	114890	129426	0.9076380224269059	-0.01994930454950883	0.09236197757309406	[.9,1]
2392	public3:3_592_67	official3	3	67	val2014/COCO_val2014_000000075563.jpg	val2014/COCO_val2014_000000029030.jpg	1492	145047	200140	146205	200414	0.7247276906165684	0.004787213531844414	0.2752723093834316	[.5,.75)
2393	public3:3_593_31	official3	3	31	val2014/COCO_val2014_000000000761.jpg	val2014/COCO_val2014_000000089078.jpg	1814	8754	44219	8562	37996	0.19796919876071373	0.027370310661330693	0.8020308012392863	[0,.25)
2394	public3:3_594_47	official3	3	47	val2014/COCO_val2014_000000473406.jpg	val2014/COCO_val2014_000000335774.jpg	942	25728	71440	25707	59698	0.3601343784994401	0.07048306262086546	0.6398656215005599	[.25,.5)
2395	public3:3_595_47	official3	3	47	val2014/COCO_val2014_000000280891.jpg	val2014/COCO_val2014_000000216277.jpg	1815	70893	92823	73022	94757	0.7637438996800362	0.006879906476764841	0.2362561003199638	[.75,.9)
2396	public3:3_596_51	official3	3	51	val2014/COCO_val2014_000000374218.jpg	val2014/COCO_val2014_000000430469.jpg	1816	41480	211397	41867	164432	0.19621848938253617	0.05839740046858771	0.8037815106174638	[0,.25)
2397	public3:3_597_67	official3	3	67	val2014/COCO_val2014_000000408578.jpg	val2014/COCO_val2014_000000183889.jpg	173	256032	621389	261977	619039	0.41203175466575687	0.011167752958156973	0.5879682453342432	[.25,.5)
2398	public3:3_598_51	official3	3	51	val2014/COCO_val2014_000000257215.jpg	val2014/COCO_val2014_000000144959.jpg	25	55813	73257	57719	74746	0.7618794108412847	0.010322446114271355	0.23812058915871526	[.75,.9)
2399	public3:3_599_7	official3	3	7	val2014/COCO_val2014_000000400887.jpg	val2014/COCO_val2014_000000470364.jpg	1817	163	86418	0	80716	0.001886181119674142	-0.001886181119674142	0.9981138188803259	[0,.25)
2400	public4:0_600_64	official4	0	64	val2014/COCO_val2014_000000414501.jpg	val2014/COCO_val2014_000000343552.jpg	389	9289	186009	9289	176267	0.04993844383873899	0.002760019288221817	0.950061556161261	[0,.25)
2401	public4:0_601_32	official4	0	32	val2014/COCO_val2014_000000266579.jpg	val2014/COCO_val2014_000000153822.jpg	1818	15010	25675	15128	18734	0.5846153846153846	0.22290036215519293	0.41538461538461535	[.5,.75)
2402	public4:0_602_44	official4	0	44	val2014/COCO_val2014_000000019358.jpg	val2014/COCO_val2014_000000574837.jpg	1240	12060	23554	11932	23761	0.5120149443831197	-0.009847527186873761	0.4879850556168803	[.5,.75)
2403	public4:0_603_68	official4	0	68	val2014/COCO_val2014_000000085390.jpg	val2014/COCO_val2014_000000057023.jpg	1819	382645	1048576	385547	1048576	0.36491870880126953	0.0027675628662109375	0.6350812911987305	[.25,.5)
2404	public4:0_604_44	official4	0	44	val2014/COCO_val2014_000000443949.jpg	val2014/COCO_val2014_000000175593.jpg	1026	329461	541788	333099	551113	0.6080994780246148	-0.0036880415315544424	0.39190052197538516	[.5,.75)
2405	public4:0_605_12	official4	0	12	val2014/COCO_val2014_000000135023.jpg	val2014/COCO_val2014_000000169331.jpg	1820	389883	403971	392645	405634	0.9651262095546462	0.002852312955794245	0.03487379044535377	[.9,1]
2406	public4:0_606_64	official4	0	64	val2014/COCO_val2014_000000286342.jpg	val2014/COCO_val2014_000000223444.jpg	849	82011	89199	82378	88598	0.919416136952208	0.010379118019687494	0.08058386304779197	[.9,1]
2407	public4:0_607_32	official4	0	32	val2014/COCO_val2014_000000320053.jpg	val2014/COCO_val2014_000000118069.jpg	1821	13661	15403	14478	15671	0.8869051483477245	0.036966972129590325	0.11309485165227551	[.75,.9)
2408	public4:0_608_12	official4	0	12	val2014/COCO_val2014_000000258793.jpg	val2014/COCO_val2014_000000291144.jpg	1021	21737	25998	23133	26856	0.8361027771367028	0.025268983363744058	0.16389722286329722	[.75,.9)
2409	public4:0_609_72	official4	0	72	val2014/COCO_val2014_000000540642.jpg	val2014/COCO_val2014_000000120535.jpg	1822	42849	51015	44670	51838	0.8399294325198471	0.021793627783405323	0.16007056748015291	[.75,.9)
2410	public4:0_610_56	official4	0	56	val2014/COCO_val2014_000000333101.jpg	val2014/COCO_val2014_000000249599.jpg	1823	23806	29296	23615	29272	0.812602403058438	-0.005858757253573321	0.187397596941562	[.75,.9)
2411	public4:0_611_72	official4	0	72	val2014/COCO_val2014_000000452793.jpg	val2014/COCO_val2014_000000536947.jpg	1824	323515	338721	323412	340650	0.9551075959270314	-0.00571085440347352	0.04489240407296857	[.9,1]
2412	public4:0_612_60	official4	0	60	val2014/COCO_val2014_000000109945.jpg	val2014/COCO_val2014_000000544794.jpg	754	307608	1030021	306856	1030392	0.29864245486257074	-0.0008373476800615509	0.7013575451374292	[.25,.5)
2413	public4:0_613_12	official4	0	12	val2014/COCO_val2014_000000092212.jpg	val2014/COCO_val2014_000000425000.jpg	1825	36159	47025	36886	48162	0.7689314194577352	-0.0030579092214493286	0.23106858054226476	[.75,.9)
2414	public4:0_614_24	official4	0	24	val2014/COCO_val2014_000000004355.jpg	val2014/COCO_val2014_000000362090.jpg	627	14769	76577	13817	69737	0.1928646982775507	0.0052654191636928305	0.8071353017224493	[0,.25)
2415	public4:0_615_16	official4	0	16	val2014/COCO_val2014_000000090366.jpg	val2014/COCO_val2014_000000328200.jpg	1826	109720	345178	111623	341812	0.3178649856016316	0.008697569253083848	0.6821350143983684	[.25,.5)
2416	public4:0_616_72	official4	0	72	val2014/COCO_val2014_000000299946.jpg	val2014/COCO_val2014_000000067207.jpg	1827	157271	163491	155273	164307	0.9619550923292414	-0.016937533734659227	0.03804490767075863	[.9,1]
2417	public4:0_617_28	official4	0	28	val2014/COCO_val2014_000000282741.jpg	val2014/COCO_val2014_000000335814.jpg	1828	432512	461425	433393	461181	0.9373397626916617	0.0024062372519612074	0.06266023730833825	[.9,1]
2418	public4:0_618_20	official4	0	20	val2014/COCO_val2014_000000179261.jpg	val2014/COCO_val2014_000000324436.jpg	1829	790113	905106	793093	908265	0.8729507925038614	0.0002448056971041668	0.12704920749613857	[.75,.9)
2419	public4:0_619_12	official4	0	12	val2014/COCO_val2014_000000203483.jpg	val2014/COCO_val2014_000000417164.jpg	1830	151903	162302	152698	164906	0.9359280846816429	-0.009958138166658581	0.0640719153183571	[.9,1]
2420	public4:0_620_60	official4	0	60	val2014/COCO_val2014_000000173565.jpg	val2014/COCO_val2014_000000382207.jpg	1831	306230	790912	354914	680930	0.38718593218967473	0.13403357642354546	0.6128140678103253	[.25,.5)
2421	public4:0_621_20	official4	0	20	val2014/COCO_val2014_000000025804.jpg	val2014/COCO_val2014_000000066491.jpg	1832	191032	250217	191221	249489	0.7634653121090893	0.002985312968569409	0.2365346878909107	[.75,.9)
2422	public4:0_622_32	official4	0	32	val2014/COCO_val2014_000000506115.jpg	val2014/COCO_val2014_000000225405.jpg	10	90515	112105	89989	112436	0.8074126934570269	-0.00705515672501944	0.19258730654297307	[.75,.9)
2423	public4:0_623_76	official4	0	76	val2014/COCO_val2014_000000431439.jpg	val2014/COCO_val2014_000000357501.jpg	642	18543	28159	18678	28229	0.6585106005184843	0.0031493945220768538	0.3414893994815157	[.5,.75)
2424	public4:0_624_60	official4	0	60	val2014/COCO_val2014_000000100203.jpg	val2014/COCO_val2014_000000508950.jpg	1833	207499	492397	215900	491289	0.4214058980863003	0.01805030793500284	0.5785941019136998	[.25,.5)
2425	public4:0_625_24	official4	0	24	val2014/COCO_val2014_000000186816.jpg	val2014/COCO_val2014_000000029833.jpg	1834	8434	46678	8574	44176	0.18068469086079095	0.013402596353986301	0.819315309139209	[0,.25)
2426	public4:0_626_44	official4	0	44	val2014/COCO_val2014_000000254240.jpg	val2014/COCO_val2014_000000297146.jpg	1835	14169	54841	14051	46773	0.2583650918108714	0.04204326343681419	0.7416349081891286	[.25,.5)
2427	public4:0_627_8	official4	0	8	val2014/COCO_val2014_000000301641.jpg	val2014/COCO_val2014_000000374530.jpg	1836	129682	149988	123830	148605	0.8646158359335413	-0.03133297196530338	0.1353841640664587	[.75,.9)
2428	public4:0_628_0	official4	0	0	val2014/COCO_val2014_000000253362.jpg	val2014/COCO_val2014_000000315641.jpg	1837	75028	78600	75156	79261	0.9545547073791348	-0.006345625989800818	0.04544529262086516	[.9,1]
2429	public4:0_629_44	official4	0	44	val2014/COCO_val2014_000000417285.jpg	val2014/COCO_val2014_000000335427.jpg	806	12886	22864	13534	16533	0.563593421973408	0.25501179184138667	0.436406578026592	[.5,.75)
2430	public4:0_630_76	official4	0	76	val2014/COCO_val2014_000000414122.jpg	val2014/COCO_val2014_000000443301.jpg	616	143220	237336	130839	225183	0.603448275862069	-0.022414183590449888	0.39655172413793105	[.5,.75)
2431	public4:0_631_0	official4	0	0	val2014/COCO_val2014_000000493192.jpg	val2014/COCO_val2014_000000035206.jpg	1838	77947	99182	82877	101293	0.7858986509648929	0.03229214208102349	0.21410134903510714	[.75,.9)
2432	public4:0_632_40	official4	0	40	val2014/COCO_val2014_000000323370.jpg	val2014/COCO_val2014_000000457461.jpg	119	15964	20138	16048	21111	0.7927301618830073	-0.03255773992289168	0.20726983811699273	[.75,.9)
2433	public4:0_633_20	official4	0	20	val2014/COCO_val2014_000000391684.jpg	val2014/COCO_val2014_000000178618.jpg	1839	133220	147521	130615	146872	0.903057869727022	-0.013746088039566229	0.09694213027297804	[.9,1]
2434	public4:0_634_20	official4	0	20	val2014/COCO_val2014_000000028540.jpg	val2014/COCO_val2014_000000549182.jpg	1840	307942	321809	309455	323369	0.9569092225512649	6.253417247792381e-05	0.04309077744873513	[.9,1]
2435	public4:0_635_68	official4	0	68	val2014/COCO_val2014_000000389753.jpg	val2014/COCO_val2014_000000578974.jpg	1841	7747	9253	6668	8160	0.8372419755754891	-0.02008511283039105	0.16275802442451093	[.75,.9)
2436	public4:0_636_32	official4	0	32	val2014/COCO_val2014_000000506115.jpg	val2014/COCO_val2014_000000044476.jpg	10	91322	113581	90694	113614	0.8040253211364576	-0.005761022722529763	0.19597467886354236	[.75,.9)
2437	public4:0_637_20	official4	0	20	val2014/COCO_val2014_000000160220.jpg	val2014/COCO_val2014_000000062250.jpg	1842	116726	133662	118345	132655	0.8732923343957145	0.018833857606094684	0.12670766560428548	[.75,.9)
2438	public4:0_638_28	official4	0	28	val2014/COCO_val2014_000000361586.jpg	val2014/COCO_val2014_000000174690.jpg	1843	31949	75946	31115	74965	0.4206804835014352	-0.005620121999400929	0.5793195164985647	[.25,.5)
2439	public4:0_639_48	official4	0	48	val2014/COCO_val2014_000000265518.jpg	val2014/COCO_val2014_000000252783.jpg	1844	60229	72797	64245	73500	0.8273555228924269	0.046726109760634404	0.17264447710757314	[.75,.9)
2440	public4:0_640_12	official4	0	12	val2014/COCO_val2014_000000548528.jpg	val2014/COCO_val2014_000000271780.jpg	84	425173	480140	430209	483948	0.8855188070146207	0.003438271018556427	0.11448119298537929	[.75,.9)
2441	public4:0_641_8	official4	0	8	val2014/COCO_val2014_000000467540.jpg	val2014/COCO_val2014_000000514366.jpg	1845	59121	86046	51374	74600	0.6870859772679729	0.0015735401583004682	0.31291402273202706	[.5,.75)
2442	public4:0_642_52	official4	0	52	val2014/COCO_val2014_000000218736.jpg	val2014/COCO_val2014_000000047435.jpg	1440	137021	149327	74803	146497	0.917590254943848	-0.406979116149197	0.08240974505615195	[.9,1]
2443	public4:0_643_44	official4	0	44	val2014/COCO_val2014_000000581829.jpg	val2014/COCO_val2014_000000529151.jpg	584	15277	19047	15371	20286	0.8020685672284349	-0.04435388715350641	0.1979314327715651	[.75,.9)
2444	public4:0_644_64	official4	0	64	val2014/COCO_val2014_000000120070.jpg	val2014/COCO_val2014_000000135976.jpg	1069	7913	75137	8214	78185	0.1053142925589257	-0.0002557774984921074	0.8946857074410743	[0,.25)
2445	public4:0_645_68	official4	0	68	val2014/COCO_val2014_000000189694.jpg	val2014/COCO_val2014_000000188544.jpg	1846	44354	52001	43488	50536	0.8529451356704679	0.007589928442243821	0.14705486432953208	[.75,.9)
2446	public4:0_646_20	official4	0	20	val2014/COCO_val2014_000000108338.jpg	val2014/COCO_val2014_000000044964.jpg	1847	54896	68653	58578	70646	0.7996154574454138	0.029560999820390288	0.20038454255458615	[.75,.9)
2447	public4:0_647_20	official4	0	20	val2014/COCO_val2014_000000508731.jpg	val2014/COCO_val2014_000000303177.jpg	1848	538458	584720	530849	584259	0.9208817895744972	-0.012296727127876772	0.07911821042550282	[.9,1]
2448	public4:0_648_40	official4	0	40	val2014/COCO_val2014_000000237764.jpg	val2014/COCO_val2014_000000526536.jpg	114	66777	87826	76218	88573	0.7603329310227039	0.10017760830643696	0.23966706897729606	[.75,.9)
2449	public4:0_649_40	official4	0	40	val2014/COCO_val2014_000000391067.jpg	val2014/COCO_val2014_000000021551.jpg	1849	16043	32468	16653	31733	0.49411728471110017	0.030667639500288613	0.5058827152888998	[.25,.5)
2450	public4:0_650_40	official4	0	40	val2014/COCO_val2014_000000085527.jpg	val2014/COCO_val2014_000000334746.jpg	99	17087	24388	17296	23274	0.7006314580941446	0.04251540106199525	0.2993685419058554	[.5,.75)
2451	public4:0_651_12	official4	0	12	val2014/COCO_val2014_000000554114.jpg	val2014/COCO_val2014_000000341137.jpg	1850	49895	95105	49899	95519	0.5246306713632302	-0.002231986284868759	0.47536932863676984	[.5,.75)
2452	public4:0_652_76	official4	0	76	val2014/COCO_val2014_000000266443.jpg	val2014/COCO_val2014_000000116226.jpg	1046	29875	41873	30765	43181	0.7134669118525064	-0.001000780915288657	0.28653308814749356	[.5,.75)
2453	public4:0_653_4	official4	0	4	val2014/COCO_val2014_000000362122.jpg	val2014/COCO_val2014_000000159983.jpg	1851	71043	124082	74078	119665	0.572548798375268	0.046496035118234746	0.42745120162473205	[.5,.75)
2454	public4:0_654_76	official4	0	76	val2014/COCO_val2014_000000506444.jpg	val2014/COCO_val2014_000000429754.jpg	1852	7049	34481	7685	10155	0.20443142600272615	0.5523386380051518	0.7955685739972739	[0,.25)
2455	public4:0_655_48	official4	0	48	val2014/COCO_val2014_000000310545.jpg	val2014/COCO_val2014_000000097264.jpg	69	29035	61963	38603	63041	0.4685860916998854	0.14376142816813697	0.5314139083001146	[.25,.5)
2456	public4:0_656_48	official4	0	48	val2014/COCO_val2014_000000234500.jpg	val2014/COCO_val2014_000000178446.jpg	1853	96684	109601	99270	112104	0.8821452359011323	0.0033717840089512174	0.11785476409886775	[.75,.9)
2457	public4:0_657_40	official4	0	40	val2014/COCO_val2014_000000202609.jpg	val2014/COCO_val2014_000000438373.jpg	1854	194135	227139	191718	229313	0.8546969036581125	-0.018643125634188795	0.14530309634188754	[.75,.9)
2458	public4:0_658_60	official4	0	60	val2014/COCO_val2014_000000374430.jpg	val2014/COCO_val2014_000000377910.jpg	1855	1282	94404	0	93285	0.013579933053684165	-0.013579933053684165	0.9864200669463158	[0,.25)
2459	public4:0_659_44	official4	0	44	val2014/COCO_val2014_000000328890.jpg	val2014/COCO_val2014_000000076384.jpg	915	92066	102656	90576	103111	0.8968399314214464	-0.0184079503525012	0.10316006857855364	[.75,.9)
2460	public4:0_660_40	official4	0	40	val2014/COCO_val2014_000000251920.jpg	val2014/COCO_val2014_000000486114.jpg	1856	14550	16587	14969	15993	0.8771929824561403	0.058779005288498	0.1228070175438597	[.75,.9)
2461	public4:0_661_44	official4	0	44	val2014/COCO_val2014_000000116362.jpg	val2014/COCO_val2014_000000377359.jpg	1857	51184	90764	51044	92615	0.5639240227402935	-0.012782199061623811	0.4360759772597065	[.5,.75)
2462	public4:0_662_68	official4	0	68	val2014/COCO_val2014_000000408805.jpg	val2014/COCO_val2014_000000506748.jpg	1858	17036	19107	16734	18836	0.8916104045637724	-0.003205222996560675	0.10838959543622761	[.75,.9)
2463	public4:0_663_56	official4	0	56	val2014/COCO_val2014_000000171190.jpg	val2014/COCO_val2014_000000126229.jpg	1859	10973	56776	10834	58290	0.19326828237283358	-0.00740449784718597	0.8067317176271664	[0,.25)
2464	public4:0_664_28	official4	0	28	val2014/COCO_val2014_000000333630.jpg	val2014/COCO_val2014_000000240605.jpg	1860	17486	21866	17516	21645	0.7996890149089911	0.009550994331018137	0.20031098509100886	[.75,.9)
2465	public4:0_665_4	official4	0	4	val2014/COCO_val2014_000000114770.jpg	val2014/COCO_val2014_000000011525.jpg	1861	82247	91486	86074	93283	0.8990118706687362	0.023707167098059423	0.10098812933126378	[.75,.9)
2466	public4:0_666_4	official4	0	4	val2014/COCO_val2014_000000163132.jpg	val2014/COCO_val2014_000000100974.jpg	1602	55998	80380	53312	74673	0.6966658372729535	0.017273605363608557	0.3033341627270465	[.5,.75)
2467	public4:0_667_68	official4	0	68	val2014/COCO_val2014_000000205605.jpg	val2014/COCO_val2014_000000561783.jpg	1862	190653	241133	205214	240186	0.7906549497580173	0.06374122653868608	0.2093450502419827	[.75,.9)
2468	public4:0_668_4	official4	0	4	val2014/COCO_val2014_000000563127.jpg	val2014/COCO_val2014_000000247130.jpg	646	55034	81960	54991	85120	0.6714738897022938	-0.025433006243647194	0.3285261102977062	[.5,.75)
2469	public4:0_669_76	official4	0	76	val2014/COCO_val2014_000000139721.jpg	val2014/COCO_val2014_000000017972.jpg	616	23775	28929	23273	26743	0.8218396764492378	0.04840674317458893	0.17816032355076217	[.75,.9)
2470	public4:0_670_52	official4	0	52	val2014/COCO_val2014_000000495513.jpg	val2014/COCO_val2014_000000525119.jpg	1463	29723	34768	29607	34989	0.854895306028532	-0.008715077956852335	0.14510469397146797	[.75,.9)
2471	public4:0_671_12	official4	0	12	val2014/COCO_val2014_000000433774.jpg	val2014/COCO_val2014_000000273450.jpg	1863	107036	129629	107465	123959	0.8257102963071535	0.04122957897418944	0.17428970369284646	[.75,.9)
2472	public4:0_672_64	official4	0	64	val2014/COCO_val2014_000000381257.jpg	val2014/COCO_val2014_000000361527.jpg	180	21169	41895	21178	41347	0.5052870270915384	0.006914583666194907	0.4947129729084616	[.5,.75)
2473	public4:0_673_52	official4	0	52	val2014/COCO_val2014_000000326938.jpg	val2014/COCO_val2014_000000572790.jpg	1864	0	19499	0	20682	0.0	0.0	1.0	[0,.25)
2474	public4:0_674_16	official4	0	16	val2014/COCO_val2014_000000543836.jpg	val2014/COCO_val2014_000000543719.jpg	1865	14111	16912	14739	17220	0.8343779564806055	0.02154538846712961	0.16562204351939447	[.75,.9)
2475	public4:0_675_36	official4	0	36	val2014/COCO_val2014_000000563680.jpg	val2014/COCO_val2014_000000358982.jpg	1084	13514	16866	14728	18376	0.8012569666785249	0.00022322487567627558	0.19874303332147514	[.75,.9)
2476	public4:0_676_36	official4	0	36	val2014/COCO_val2014_000000044743.jpg	val2014/COCO_val2014_000000288528.jpg	1866	8974	33006	9054	27808	0.271889959401321	0.05369979894160193	0.728110040598679	[.25,.5)
2477	public4:0_677_12	official4	0	12	val2014/COCO_val2014_000000261360.jpg	val2014/COCO_val2014_000000462677.jpg	1867	658029	692859	660612	693681	0.9497300316514615	0.0025981999131914346	0.050269968348538474	[.9,1]
2478	public4:0_678_72	official4	0	72	val2014/COCO_val2014_000000310310.jpg	val2014/COCO_val2014_000000476331.jpg	1868	212958	253972	219961	252131	0.8385097569810845	0.03389784065665136	0.16149024301891546	[.75,.9)
2479	public4:0_679_12	official4	0	12	val2014/COCO_val2014_000000129187.jpg	val2014/COCO_val2014_000000038186.jpg	1869	7321	13886	7264	11798	0.527221662105718	0.08847591375459729	0.47277833789428203	[.5,.75)
2480	public4:0_680_68	official4	0	68	val2014/COCO_val2014_000000088988.jpg	val2014/COCO_val2014_000000460208.jpg	1626	25588	35954	25253	35529	0.7116871558102019	-0.0009156733592463606	0.2883128441897981	[.5,.75)
2481	public4:0_681_32	official4	0	32	val2014/COCO_val2014_000000063617.jpg	val2014/COCO_val2014_000000442250.jpg	32	8386	42025	8881	9920	0.19954788816180843	0.6957142086123851	0.8004521118381915	[0,.25)
2482	public4:0_682_28	official4	0	28	val2014/COCO_val2014_000000076765.jpg	val2014/COCO_val2014_000000475678.jpg	1870	115814	133352	115678	132975	0.8684834123222749	0.001439505519424733	0.13151658767772512	[.75,.9)
2483	public4:0_683_0	official4	0	0	val2014/COCO_val2014_000000444304.jpg	val2014/COCO_val2014_000000263696.jpg	1871	227047	276096	227067	276518	0.8223480238757533	-0.0011826747845549157	0.17765197612424666	[.75,.9)
2484	public4:0_684_56	official4	0	56	val2014/COCO_val2014_000000389206.jpg	val2014/COCO_val2014_000000561500.jpg	1872	11771	76543	12145	64049	0.1537828410174673	0.0358376058279167	0.8462171589825327	[0,.25)
2485	public4:0_685_76	official4	0	76	val2014/COCO_val2014_000000379443.jpg	val2014/COCO_val2014_000000013783.jpg	141	223734	239091	224862	240789	0.9357692259432601	-0.0019142740974531502	0.06423077405673994	[.9,1]
2486	public4:0_686_56	official4	0	56	val2014/COCO_val2014_000000106909.jpg	val2014/COCO_val2014_000000292741.jpg	1873	17263	132995	11397	128154	0.1298018722508365	-0.04086980614287265	0.8701981277491635	[0,.25)
2487	public4:0_687_32	official4	0	32	val2014/COCO_val2014_000000087328.jpg	val2014/COCO_val2014_000000492723.jpg	1874	29795	31488	29692	32036	0.9462334857723578	-0.019401172125210864	0.053766514227642226	[.9,1]
2488	public4:0_688_12	official4	0	12	val2014/COCO_val2014_000000013414.jpg	val2014/COCO_val2014_000000472643.jpg	113	278860	366034	279898	374602	0.7618417961173006	-0.014654114257620199	0.23815820388269937	[.75,.9)
2489	public4:0_689_48	official4	0	48	val2014/COCO_val2014_000000029838.jpg	val2014/COCO_val2014_000000548882.jpg	1875	35391	216025	36878	256550	0.16382826061798403	-0.020082402110870395	0.8361717393820159	[0,.25)
2490	public4:0_690_44	official4	0	44	val2014/COCO_val2014_000000479067.jpg	val2014/COCO_val2014_000000528399.jpg	701	5334	10325	5417	11032	0.5166101694915254	-0.025584063617703767	0.4833898305084746	[.5,.75)
2491	public4:0_691_4	official4	0	4	val2014/COCO_val2014_000000368611.jpg	val2014/COCO_val2014_000000217039.jpg	1876	85518	256531	82247	206600	0.33336321926005047	0.06473455421526414	0.6666367807399496	[.25,.5)
2492	public4:0_692_72	official4	0	72	val2014/COCO_val2014_000000342765.jpg	val2014/COCO_val2014_000000304827.jpg	1877	322319	444457	367203	460815	0.7251972631773153	0.07165830793039607	0.27480273682268475	[.5,.75)
2493	public4:0_693_56	official4	0	56	val2014/COCO_val2014_000000560830.jpg	val2014/COCO_val2014_000000098141.jpg	1878	25730	102222	19492	96480	0.2517070689284107	-0.04967555980734936	0.7482929310715893	[.25,.5)
2494	public4:0_694_60	official4	0	60	val2014/COCO_val2014_000000371046.jpg	val2014/COCO_val2014_000000334884.jpg	1879	7301	251053	559	233530	0.029081508685417024	-0.026687811944098992	0.970918491314583	[0,.25)
2495	public4:0_695_16	official4	0	16	val2014/COCO_val2014_000000498489.jpg	val2014/COCO_val2014_000000282674.jpg	1880	19789	23645	20212	24319	0.8369211249735673	-0.005801424327981586	0.1630788750264327	[.75,.9)
2496	public4:0_696_44	official4	0	44	val2014/COCO_val2014_000000144200.jpg	val2014/COCO_val2014_000000191359.jpg	41	79305	95999	77161	95853	0.826102355232867	-0.021109292939563762	0.173897644767133	[.75,.9)
2497	public4:0_697_56	official4	0	56	val2014/COCO_val2014_000000052790.jpg	val2014/COCO_val2014_000000424146.jpg	1881	107272	122076	107373	118757	0.878731282152102	0.025409105361897222	0.12126871784789806	[.75,.9)
2498	public4:0_698_44	official4	0	44	val2014/COCO_val2014_000000116362.jpg	val2014/COCO_val2014_000000528516.jpg	1857	47807	91661	50698	90539	0.5215631511766182	0.03839443616143501	0.4784368488233818	[.5,.75)
2499	public4:0_699_60	official4	0	60	val2014/COCO_val2014_000000526004.jpg	val2014/COCO_val2014_000000507979.jpg	1882	97807	344542	78519	318870	0.28387540561092695	-0.03763399061421982	0.716124594389073	[.25,.5)
2500	public4:0_700_68	official4	0	68	val2014/COCO_val2014_000000103870.jpg	val2014/COCO_val2014_000000130555.jpg	64	11757	166266	11336	163674	0.07071199162787341	-0.001452365786261428	0.9292880083721266	[0,.25)
2501	public4:0_701_28	official4	0	28	val2014/COCO_val2014_000000043098.jpg	val2014/COCO_val2014_000000432468.jpg	1883	84481	86748	84188	88407	0.9738668326647301	-0.021589298080364583	0.026133167335269936	[.9,1]
2502	public4:0_702_60	official4	0	60	val2014/COCO_val2014_000000281809.jpg	val2014/COCO_val2014_000000542777.jpg	1884	41795	315813	22308	217020	0.13234097393077549	-0.029548604563896852	0.8676590260692245	[0,.25)
2503	public4:0_703_0	official4	0	0	val2014/COCO_val2014_000000416343.jpg	val2014/COCO_val2014_000000474245.jpg	1528	201069	256652	200543	256289	0.7834304817418138	-0.0009427432903000854	0.21656951825818616	[.75,.9)
2504	public4:0_704_4	official4	0	4	val2014/COCO_val2014_000000436385.jpg	val2014/COCO_val2014_000000518203.jpg	1885	91084	112991	90241	112883	0.8061173013779859	-0.006696662309215506	0.19388269862201413	[.75,.9)
2505	public4:0_705_56	official4	0	56	val2014/COCO_val2014_000000512785.jpg	val2014/COCO_val2014_000000141278.jpg	1886	69257	252628	74736	254822	0.27414617540415154	0.019140903419497923	0.7258538245958485	[.25,.5)
2506	public4:0_706_8	official4	0	8	val2014/COCO_val2014_000000420791.jpg	val2014/COCO_val2014_000000480379.jpg	1887	245267	327745	240847	324472	0.7483470380936399	-0.0060734366734865874	0.2516529619063601	[.5,.75)
2507	public4:0_707_60	official4	0	60	val2014/COCO_val2014_000000556703.jpg	val2014/COCO_val2014_000000484674.jpg	1888	126202	551644	132978	557026	0.22877435447498748	0.009954178843026407	0.7712256455250125	[0,.25)
2508	public4:0_708_20	official4	0	20	val2014/COCO_val2014_000000542350.jpg	val2014/COCO_val2014_000000389316.jpg	1889	317314	332217	319302	333795	0.9551407664267633	0.00144036870108466	0.044859233573236734	[.9,1]
2509	public4:0_709_32	official4	0	32	val2014/COCO_val2014_000000569272.jpg	val2014/COCO_val2014_000000181267.jpg	1890	15917	16909	16105	17185	0.9413330179194512	-0.004178522720149513	0.05866698208054877	[.9,1]
2510	public4:0_710_4	official4	0	4	val2014/COCO_val2014_000000524202.jpg	val2014/COCO_val2014_000000545407.jpg	1891	113729	136909	119903	139135	0.8306904586258025	0.03108407689725068	0.16930954137419751	[.75,.9)
2511	public4:0_711_64	official4	0	64	val2014/COCO_val2014_000000506803.jpg	val2014/COCO_val2014_000000569272.jpg	1890	27053	30192	27367	30161	0.896032061473238	0.011331752723903965	0.103967938526762	[.75,.9)
2512	public4:0_712_4	official4	0	4	val2014/COCO_val2014_000000109231.jpg	val2014/COCO_val2014_000000464706.jpg	1892	184132	266749	190236	252342	0.6902818754709483	0.06359976135526368	0.3097181245290517	[.5,.75)
2513	public4:0_713_4	official4	0	4	val2014/COCO_val2014_000000156445.jpg	val2014/COCO_val2014_000000379453.jpg	1893	80268	90940	84372	93844	0.8826478997140972	0.016418636239186934	0.11735210028590282	[.75,.9)
2514	public4:0_714_68	official4	0	68	val2014/COCO_val2014_000000454326.jpg	val2014/COCO_val2014_000000426253.jpg	1894	340100	439109	349302	439393	0.7745229544372809	0.02044191755658331	0.22547704556271908	[.75,.9)
2515	public4:0_715_20	official4	0	20	val2014/COCO_val2014_000000231341.jpg	val2014/COCO_val2014_000000097610.jpg	1895	142965	153934	145590	154662	0.9287421882105318	0.012600869554142191	0.07125781178946822	[.9,1]
2516	public4:0_716_64	official4	0	64	val2014/COCO_val2014_000000174511.jpg	val2014/COCO_val2014_000000116252.jpg	404	7994	34009	8038	38057	0.23505542650474875	-0.02384592496758081	0.7649445734952512	[0,.25)
2517	public4:0_717_32	official4	0	32	val2014/COCO_val2014_000000029524.jpg	val2014/COCO_val2014_000000382263.jpg	1896	18110	19218	18661	21137	0.9423457175564575	-0.059486276765427504	0.05765428244354254	[.9,1]
2518	public4:0_718_16	official4	0	16	val2014/COCO_val2014_000000440455.jpg	val2014/COCO_val2014_000000058849.jpg	752	59332	81676	62397	72357	0.7264312649982859	0.13591792029131977	0.2735687350017141	[.5,.75)
2519	public4:0_719_0	official4	0	0	val2014/COCO_val2014_000000092861.jpg	val2014/COCO_val2014_000000456807.jpg	203	46844	83983	46697	88502	0.5577795506233404	-0.030141757127148172	0.4422204493766596	[.5,.75)
2520	public4:0_720_8	official4	0	8	val2014/COCO_val2014_000000501443.jpg	val2014/COCO_val2014_000000278321.jpg	1897	17789	181296	18611	147108	0.09812130438619716	0.028391189835735034	0.9018786956138028	[0,.25)
2521	public4:0_721_52	official4	0	52	val2014/COCO_val2014_000000379636.jpg	val2014/COCO_val2014_000000548555.jpg	1898	157017	164204	157891	165110	0.956231273294195	4.6359798894446413e-05	0.043768726705805006	[.9,1]
2522	public4:0_722_0	official4	0	0	val2014/COCO_val2014_000000139127.jpg	val2014/COCO_val2014_000000028692.jpg	1899	8883	23635	8518	23330	0.3758409138988788	-0.010731612570117566	0.6241590861011213	[.25,.5)
2523	public4:0_723_76	official4	0	76	val2014/COCO_val2014_000000410554.jpg	val2014/COCO_val2014_000000512013.jpg	642	17642	74805	17571	74514	0.23583985027738788	-3.1814203629937365e-05	0.7641601497226121	[0,.25)
2524	public4:0_724_52	official4	0	52	val2014/COCO_val2014_000000515444.jpg	val2014/COCO_val2014_000000300472.jpg	1900	10544	12932	10714	13707	0.8153417878131766	-0.03369737255090177	0.18465821218682343	[.75,.9)
2525	public4:0_725_20	official4	0	20	val2014/COCO_val2014_000000446751.jpg	val2014/COCO_val2014_000000010935.jpg	1901	323749	437225	317312	434947	0.7404631482646234	-0.010921388004177968	0.25953685173537655	[.5,.75)
2526	public4:0_726_28	official4	0	28	val2014/COCO_val2014_000000378506.jpg	val2014/COCO_val2014_000000265108.jpg	1902	154825	162998	154405	162586	0.949858280469699	-0.00017626602811116054	0.050141719530301	[.9,1]
2527	public4:0_727_8	official4	0	8	val2014/COCO_val2014_000000335181.jpg	val2014/COCO_val2014_000000291672.jpg	1903	1086	131152	0	33631	0.00828046846407222	-0.00828046846407222	0.9917195315359277	[0,.25)
2528	public4:0_728_60	official4	0	60	val2014/COCO_val2014_000000487375.jpg	val2014/COCO_val2014_000000173004.jpg	1565	8180	22511	8330	22733	0.3633779041357559	0.0030497560938662627	0.6366220958642441	[.25,.5)
2529	public4:0_729_40	official4	0	40	val2014/COCO_val2014_000000047112.jpg	val2014/COCO_val2014_000000183967.jpg	1904	76220	83619	77366	83811	0.9115153254643084	0.011585460828660299	0.08848467453569164	[.9,1]
2530	public4:0_730_64	official4	0	64	val2014/COCO_val2014_000000045406.jpg	val2014/COCO_val2014_000000057403.jpg	180	13778	15824	13947	15941	0.8707027300303337	0.004211014402261459	0.12929726996966628	[.75,.9)
2531	public4:0_731_28	official4	0	28	val2014/COCO_val2014_000000007690.jpg	val2014/COCO_val2014_000000437351.jpg	1081	458133	756633	477672	755766	0.6054890547993546	0.026547845511058932	0.39451094520064545	[.5,.75)
2532	public4:0_732_60	official4	0	60	val2014/COCO_val2014_000000542570.jpg	val2014/COCO_val2014_000000150208.jpg	1905	1780	420651	9804	291831	0.004231536356742288	0.029363249666675376	0.9957684636432577	[0,.25)
2533	public4:0_733_68	official4	0	68	val2014/COCO_val2014_000000396691.jpg	val2014/COCO_val2014_000000180764.jpg	576	120174	150769	119192	141722	0.7970736689903096	0.04395312995410272	0.20292633100969037	[.75,.9)
2534	public4:0_734_68	official4	0	68	val2014/COCO_val2014_000000396691.jpg	val2014/COCO_val2014_000000294595.jpg	576	118464	124553	118179	124102	0.9511131807343058	0.001159949432814722	0.04888681926569416	[.9,1]
2535	public4:0_735_32	official4	0	32	val2014/COCO_val2014_000000382030.jpg	val2014/COCO_val2014_000000330845.jpg	1906	53167	57958	52478	58574	0.9173366920873736	-0.021410171788264765	0.08266330791262644	[.9,1]
2536	public4:0_736_52	official4	0	52	val2014/COCO_val2014_000000458485.jpg	val2014/COCO_val2014_000000238498.jpg	551	183315	261878	189958	261982	0.7000015274288027	0.025078821602810164	0.29999847257119727	[.5,.75)
2537	public4:0_737_40	official4	0	40	val2014/COCO_val2014_000000150763.jpg	val2014/COCO_val2014_000000316503.jpg	1907	14707	41467	10146	33579	0.35466756698097285	-0.05251443555954877	0.6453324330190271	[.25,.5)
2538	public4:0_738_36	official4	0	36	val2014/COCO_val2014_000000285314.jpg	val2014/COCO_val2014_000000020342.jpg	1908	15529	21413	16338	22002	0.7252136552561528	0.017355202120449387	0.2747863447438472	[.5,.75)
2539	public4:0_739_52	official4	0	52	val2014/COCO_val2014_000000142127.jpg	val2014/COCO_val2014_000000095319.jpg	1909	208744	539634	253692	553755	0.3868251444497567	0.07130525617868005	0.6131748555502433	[.25,.5)
2540	public4:0_740_0	official4	0	0	val2014/COCO_val2014_000000137658.jpg	val2014/COCO_val2014_000000139428.jpg	1910	173330	185863	174325	188310	0.9325686123650215	-0.006834450610467835	0.06743138763497847	[.9,1]
2541	public4:0_741_72	official4	0	72	val2014/COCO_val2014_000000012153.jpg	val2014/COCO_val2014_000000244218.jpg	1911	109532	346721	142346	329129	0.31590817977566976	0.11658485487032011	0.6840918202243302	[.25,.5)
2542	public4:0_742_68	official4	0	68	val2014/COCO_val2014_000000395379.jpg	val2014/COCO_val2014_000000126744.jpg	1051	25943	31653	26539	30566	0.8196063564275108	0.048645950056818155	0.18039364357248922	[.75,.9)
2543	public4:0_743_28	official4	0	28	val2014/COCO_val2014_000000382512.jpg	val2014/COCO_val2014_000000424374.jpg	1912	59072	62938	58672	62381	0.938574470113445	0.0019683233653385868	0.06142552988655503	[.9,1]
2544	public4:0_744_44	official4	0	44	val2014/COCO_val2014_000000001153.jpg	val2014/COCO_val2014_000000046812.jpg	1913	21461	75648	22335	60475	0.2836955372250423	0.08563063061290727	0.7163044627749577	[.25,.5)
2545	public4:0_745_64	official4	0	64	val2014/COCO_val2014_000000391794.jpg	val2014/COCO_val2014_000000317062.jpg	389	9633	24424	10541	28009	0.39440714051752374	-0.018063822298379884	0.6055928594824762	[.25,.5)
2546	public4:0_746_40	official4	0	40	val2014/COCO_val2014_000000259853.jpg	val2014/COCO_val2014_000000138517.jpg	26	7805	99203	7408	63034	0.0786770561374152	0.03884681986601152	0.9213229438625848	[0,.25)
2547	public4:0_747_28	official4	0	28	val2014/COCO_val2014_000000212116.jpg	val2014/COCO_val2014_000000051738.jpg	1914	30064	40727	29970	38231	0.7381835146217497	0.045735294721453434	0.2618164853782503	[.5,.75)
2548	public4:0_748_64	official4	0	64	val2014/COCO_val2014_000000118108.jpg	val2014/COCO_val2014_000000440964.jpg	1915	74885	97921	74817	86079	0.7647491345063878	0.1044175612033672	0.23525086549361218	[.75,.9)
2549	public4:0_749_32	official4	0	32	val2014/COCO_val2014_000000188862.jpg	val2014/COCO_val2014_000000026374.jpg	10	7876	14004	8413	14005	0.5624107397886319	0.038303290914688315	0.4375892602113681	[.5,.75)
2550	public4:1_600_9	official4	1	9	val2014/COCO_val2014_000000315491.jpg	val2014/COCO_val2014_000000466449.jpg	1916	49613	64424	49275	63338	0.7701012045200546	0.007867787238447388	0.2298987954799454	[.75,.9)
2551	public4:1_601_61	official4	1	61	val2014/COCO_val2014_000000370444.jpg	val2014/COCO_val2014_000000409500.jpg	1917	38642	45481	40266	46104	0.849629515621908	0.023743727480642685	0.15037048437809197	[.75,.9)
2552	public4:1_602_33	official4	1	33	val2014/COCO_val2014_000000014439.jpg	val2014/COCO_val2014_000000235778.jpg	1918	94505	104718	95638	105842	0.9024713993773754	0.0011207474074548252	0.09752860062262458	[.9,1]
2553	public4:1_603_73	official4	1	73	val2014/COCO_val2014_000000234031.jpg	val2014/COCO_val2014_000000526368.jpg	1919	17938	47856	25793	46001	0.37483283182881977	0.18587237023200498	0.6251671681711802	[.25,.5)
2554	public4:1_604_25	official4	1	25	val2014/COCO_val2014_000000413626.jpg	val2014/COCO_val2014_000000153578.jpg	1920	29462	179935	31384	132896	0.16373690499346985	0.07241768205203941	0.8362630950065302	[0,.25)
2555	public4:1_605_53	official4	1	53	val2014/COCO_val2014_000000547854.jpg	val2014/COCO_val2014_000000091326.jpg	219	120257	144509	119779	145654	0.8321765426374828	-0.009823569152374256	0.16782345736251725	[.75,.9)
2556	public4:1_606_49	official4	1	49	val2014/COCO_val2014_000000415823.jpg	val2014/COCO_val2014_000000456931.jpg	1921	198786	259308	203280	220951	0.7666018788467768	0.1534211126762306	0.23339812115322323	[.75,.9)
2557	public4:1_607_53	official4	1	53	val2014/COCO_val2014_000000164969.jpg	val2014/COCO_val2014_000000265777.jpg	1922	511971	526604	515229	527657	0.9722125164260051	0.004234304141143563	0.027787483573994853	[.9,1]
2558	public4:1_608_9	official4	1	9	val2014/COCO_val2014_000000441553.jpg	val2014/COCO_val2014_000000099984.jpg	1923	11908	39073	11933	36256	0.30476287973792643	0.024368850182638457	0.6952371202620735	[.25,.5)
2559	public4:1_609_33	official4	1	33	val2014/COCO_val2014_000000553561.jpg	val2014/COCO_val2014_000000236599.jpg	1532	8839	23701	9251	23769	0.37293785072359814	0.016266575209339718	0.6270621492764019	[.25,.5)
2560	public4:1_610_33	official4	1	33	val2014/COCO_val2014_000000100001.jpg	val2014/COCO_val2014_000000306549.jpg	1924	6489	12968	8642	16966	0.5003855644663788	0.008986120079182869	0.49961443553362117	[.5,.75)
2561	public4:1_611_53	official4	1	53	val2014/COCO_val2014_000000026378.jpg	val2014/COCO_val2014_000000041846.jpg	1925	12851	18897	13301	19302	0.680055035190771	0.009044539982786093	0.31994496480922896	[.5,.75)
2562	public4:1_612_5	official4	1	5	val2014/COCO_val2014_000000526570.jpg	val2014/COCO_val2014_000000142774.jpg	1926	10439	13255	10241	12436	0.787551867219917	0.035944433841517576	0.212448132780083	[.75,.9)
2563	public4:1_613_5	official4	1	5	val2014/COCO_val2014_000000053580.jpg	val2014/COCO_val2014_000000343059.jpg	1927	519093	734345	532935	733033	0.7068789193090441	0.020148376869981943	0.2931210806909559	[.5,.75)
2564	public4:1_614_17	official4	1	17	val2014/COCO_val2014_000000266124.jpg	val2014/COCO_val2014_000000485896.jpg	212	161889	217923	162932	216283	0.7428724824823447	0.01045533338852811	0.2571275175176553	[.5,.75)
2565	public4:1_615_21	official4	1	21	val2014/COCO_val2014_000000348669.jpg	val2014/COCO_val2014_000000552253.jpg	1928	363944	390957	372499	398108	0.9309054448443179	0.004767789554387947	0.06909455515568208	[.9,1]
2566	public4:1_616_65	official4	1	65	val2014/COCO_val2014_000000288224.jpg	val2014/COCO_val2014_000000370279.jpg	1929	12599	22903	12968	24103	0.5501026066454177	-0.012078294319151195	0.44989739335458234	[.5,.75)
2567	public4:1_617_69	official4	1	69	val2014/COCO_val2014_000000050981.jpg	val2014/COCO_val2014_000000018563.jpg	1930	40667	181089	42375	184767	0.22456913451396826	0.004773767627647946	0.7754308654860318	[0,.25)
2568	public4:1_618_45	official4	1	45	val2014/COCO_val2014_000000420610.jpg	val2014/COCO_val2014_000000216449.jpg	28	56347	100021	54465	100073	0.5633516961438098	-0.019099000611548345	0.43664830385619025	[.5,.75)
2569	public4:1_619_77	official4	1	77	val2014/COCO_val2014_000000427615.jpg	val2014/COCO_val2014_000000499957.jpg	617	132242	166442	131920	161917	0.7945230170269524	0.02021539833400421	0.20547698297304762	[.75,.9)
2570	public4:1_620_1	official4	1	1	val2014/COCO_val2014_000000360767.jpg	val2014/COCO_val2014_000000435387.jpg	1931	13154	30597	9074	20183	0.4299114292250874	0.019674856262699325	0.5700885707749126	[.25,.5)
2571	public4:1_621_29	official4	1	29	val2014/COCO_val2014_000000320974.jpg	val2014/COCO_val2014_000000374062.jpg	167	172825	189109	173865	189065	0.9138909306273102	0.005713438240539492	0.0861090693726898	[.9,1]
2572	public4:1_622_37	official4	1	37	val2014/COCO_val2014_000000082715.jpg	val2014/COCO_val2014_000000184810.jpg	1932	13718	17635	10293	16569	0.7778848880068047	-0.15666453674843062	0.22211511199319534	[.75,.9)
2573	public4:1_623_65	official4	1	65	val2014/COCO_val2014_000000396068.jpg	val2014/COCO_val2014_000000382309.jpg	1933	7883	29239	7571	26834	0.2696056636683881	0.012536394914007376	0.7303943363316119	[.25,.5)
2574	public4:1_624_5	official4	1	5	val2014/COCO_val2014_000000242034.jpg	val2014/COCO_val2014_000000148508.jpg	1934	153994	168045	155444	166047	0.9163854919813146	0.019759093587831456	0.08361450801868542	[.9,1]
2575	public4:1_625_33	official4	1	33	val2014/COCO_val2014_000000225281.jpg	val2014/COCO_val2014_000000260465.jpg	199	83529	125058	75759	123398	0.6679220841529531	-0.05398182580192634	0.33207791584704693	[.5,.75)
2576	public4:1_626_73	official4	1	73	val2014/COCO_val2014_000000364860.jpg	val2014/COCO_val2014_000000042215.jpg	832	102579	288262	101153	278742	0.3558533556278663	0.007037776673688545	0.6441466443721338	[.25,.5)
2577	public4:1_627_9	official4	1	9	val2014/COCO_val2014_000000418144.jpg	val2014/COCO_val2014_000000578848.jpg	1935	19714	24120	19909	24098	0.8173300165837479	0.008838130150420898	0.18266998341625207	[.75,.9)
2578	public4:1_628_21	official4	1	21	val2014/COCO_val2014_000000366508.jpg	val2014/COCO_val2014_000000079144.jpg	1936	95834	109541	97448	109366	0.8748687705973106	0.016157691008672925	0.1251312294026894	[.75,.9)
2579	public4:1_629_1	official4	1	1	val2014/COCO_val2014_000000103499.jpg	val2014/COCO_val2014_000000273416.jpg	1937	60762	90973	56989	81315	0.6679124575423477	0.03292994545832861	0.33208754245765226	[.5,.75)
2580	public4:1_630_73	official4	1	73	val2014/COCO_val2014_000000245664.jpg	val2014/COCO_val2014_000000197097.jpg	59	22157	146829	22011	144760	0.1509034318833473	0.001148239849175503	0.8490965681166527	[0,.25)
2581	public4:1_631_69	official4	1	69	val2014/COCO_val2014_000000065358.jpg	val2014/COCO_val2014_000000410319.jpg	1938	99012	106188	96842	107186	0.9324217425697819	-0.028926883166501716	0.06757825743021806	[.9,1]
2582	public4:1_632_21	official4	1	21	val2014/COCO_val2014_000000085926.jpg	val2014/COCO_val2014_000000083773.jpg	154	124122	140374	125098	141853	0.8842235741661562	-0.002338806131641502	0.11577642583384384	[.75,.9)
2583	public4:1_633_45	official4	1	45	val2014/COCO_val2014_000000579303.jpg	val2014/COCO_val2014_000000452084.jpg	1939	0	127462	0	120553	0.0	0.0	1.0	[0,.25)
2584	public4:1_634_25	official4	1	25	val2014/COCO_val2014_000000263696.jpg	val2014/COCO_val2014_000000089743.jpg	1871	115151	160891	115685	165369	0.7157081502383601	-0.016151401391841125	0.2842918497616399	[.5,.75)
2585	public4:1_635_13	official4	1	13	val2014/COCO_val2014_000000173161.jpg	val2014/COCO_val2014_000000083049.jpg	631	25044	55680	26074	43524	0.4497844827586207	0.1492872937325106	0.5502155172413793	[.25,.5)
2586	public4:1_636_21	official4	1	21	val2014/COCO_val2014_000000193481.jpg	val2014/COCO_val2014_000000285908.jpg	204	634962	690199	669290	692555	0.919969458083828	0.046437542082223726	0.08003054191617198	[.9,1]
2587	public4:1_637_45	official4	1	45	val2014/COCO_val2014_000000188616.jpg	val2014/COCO_val2014_000000325102.jpg	709	170321	319142	165620	322555	0.5336840654003547	-0.020221245106141317	0.46631593459964527	[.5,.75)
2588	public4:1_638_61	official4	1	61	val2014/COCO_val2014_000000196168.jpg	val2014/COCO_val2014_000000433625.jpg	1940	27029	40874	31640	41430	0.6612761168468954	0.10242168667712104	0.33872388315310464	[.5,.75)
2589	public4:1_639_9	official4	1	9	val2014/COCO_val2014_000000179926.jpg	val2014/COCO_val2014_000000093620.jpg	1941	41812	50268	42572	50584	0.831781650354102	0.009828344901314678	0.168218349645898	[.75,.9)
2590	public4:1_640_17	official4	1	17	val2014/COCO_val2014_000000183155.jpg	val2014/COCO_val2014_000000263613.jpg	1942	97284	133445	104559	140428	0.729019446213796	0.015554285520615996	0.270980553786204	[.5,.75)
2591	public4:1_641_65	official4	1	65	val2014/COCO_val2014_000000115846.jpg	val2014/COCO_val2014_000000004092.jpg	206	49203	71020	49185	69426	0.6928048437059983	0.01564732118899781	0.30719515629400174	[.5,.75)
2592	public4:1_642_49	official4	1	49	val2014/COCO_val2014_000000358624.jpg	val2014/COCO_val2014_000000192660.jpg	1943	170593	175824	169878	176404	0.9702486577486578	-0.007243283720857918	0.02975134225134224	[.9,1]
2593	public4:1_643_17	official4	1	17	val2014/COCO_val2014_000000029577.jpg	val2014/COCO_val2014_000000315062.jpg	1599	386742	535949	388787	531265	0.7216022420043698	0.010211447962031106	0.27839775799563016	[.5,.75)
2594	public4:1_644_9	official4	1	9	val2014/COCO_val2014_000000252219.jpg	val2014/COCO_val2014_000000157019.jpg	1231	12484	36814	12469	32531	0.3391101211495627	0.04418581196039395	0.6608898788504374	[.25,.5)
2595	public4:1_645_61	official4	1	61	val2014/COCO_val2014_000000245659.jpg	val2014/COCO_val2014_000000148766.jpg	1944	183020	212033	174217	207855	0.8631675258096617	-0.02500149660661155	0.13683247419033828	[.75,.9)
2596	public4:1_646_77	official4	1	77	val2014/COCO_val2014_000000292792.jpg	val2014/COCO_val2014_000000068411.jpg	1268	8663	64424	7979	12295	0.13446852104805662	0.5144944720385639	0.8655314789519434	[0,.25)
2597	public4:1_647_29	official4	1	29	val2014/COCO_val2014_000000303320.jpg	val2014/COCO_val2014_000000298362.jpg	230	64888	67857	65177	68020	0.9562462236762603	0.0019572458915138036	0.04375377632373967	[.9,1]
2598	public4:1_648_29	official4	1	29	val2014/COCO_val2014_000000124387.jpg	val2014/COCO_val2014_000000033939.jpg	1945	51472	57079	52814	57851	0.9017677254331715	0.011163770997313693	0.09823227456682848	[.9,1]
2599	public4:1_649_13	official4	1	13	val2014/COCO_val2014_000000288336.jpg	val2014/COCO_val2014_000000146240.jpg	283	51683	77384	58421	78221	0.6678770805334436	0.0789939643266323	0.33212291946655637	[.5,.75)
2600	public4:1_650_1	official4	1	1	val2014/COCO_val2014_000000157416.jpg	val2014/COCO_val2014_000000551849.jpg	1946	58686	82319	62285	85910	0.7129095348582952	0.012093375163820919	0.2870904651417048	[.5,.75)
2601	public4:1_651_61	official4	1	61	val2014/COCO_val2014_000000032817.jpg	val2014/COCO_val2014_000000096492.jpg	1947	38095	64742	37385	58811	0.588412467949708	0.047267931975476074	0.41158753205029197	[.5,.75)
2602	public4:1_652_69	official4	1	69	val2014/COCO_val2014_000000085348.jpg	val2014/COCO_val2014_000000193031.jpg	1948	14354	109366	0	61804	0.13124737121225974	-0.13124737121225974	0.8687526287877403	[0,.25)
2603	public4:1_653_29	official4	1	29	val2014/COCO_val2014_000000147259.jpg	val2014/COCO_val2014_000000350930.jpg	1949	18197	22261	17691	22095	0.8174385696958807	-0.01675968306994724	0.1825614303041193	[.75,.9)
2604	public4:1_654_57	official4	1	57	val2014/COCO_val2014_000000001561.jpg	val2014/COCO_val2014_000000261062.jpg	1950	4828	864600	25802	863583	0.0055840851260698585	0.024293761010317726	0.9944159148739301	[0,.25)
2605	public4:1_655_69	official4	1	69	val2014/COCO_val2014_000000382696.jpg	val2014/COCO_val2014_000000120164.jpg	1951	52412	93384	49492	72511	0.561252462948685	0.12129225440454416	0.438747537051315	[.5,.75)
2606	public4:1_656_53	official4	1	53	val2014/COCO_val2014_000000434634.jpg	val2014/COCO_val2014_000000029357.jpg	1952	758888	1046363	773394	1047268	0.7252626478573879	0.013224539758389553	0.2747373521426121	[.5,.75)
2607	public4:1_657_65	official4	1	65	val2014/COCO_val2014_000000515642.jpg	val2014/COCO_val2014_000000007288.jpg	1953	146081	170896	139332	163149	0.8547947289579627	-0.0007778486828767806	0.1452052710420373	[.75,.9)
2608	public4:1_658_17	official4	1	17	val2014/COCO_val2014_000000319721.jpg	val2014/COCO_val2014_000000191288.jpg	1954	202818	255570	200602	255522	0.7935907970419064	-0.008523366448845882	0.20640920295809362	[.75,.9)
2609	public4:1_659_5	official4	1	5	val2014/COCO_val2014_000000350736.jpg	val2014/COCO_val2014_000000308362.jpg	1955	19652	21860	19585	21765	0.8989935956084172	0.0008455957538616721	0.10100640439158282	[.75,.9)
2610	public4:1_660_17	official4	1	17	val2014/COCO_val2014_000000071209.jpg	val2014/COCO_val2014_000000213547.jpg	1956	62016	143732	58820	135945	0.4314696796816297	0.0012052991701118065	0.5685303203183703	[.25,.5)
2611	public4:1_661_61	official4	1	61	val2014/COCO_val2014_000000422416.jpg	val2014/COCO_val2014_000000092124.jpg	1957	42198	49772	43420	50360	0.8478260869565217	0.01436612908795798	0.15217391304347827	[.75,.9)
2612	public4:1_662_41	official4	1	41	val2014/COCO_val2014_000000567686.jpg	val2014/COCO_val2014_000000356531.jpg	1958	26916	28950	27330	28743	0.929740932642487	0.021099271929060803	0.07025906735751297	[.9,1]
2613	public4:1_663_29	official4	1	29	val2014/COCO_val2014_000000128654.jpg	val2014/COCO_val2014_000000236189.jpg	169	11796	12955	11792	13079	0.910536472404477	-0.008938490907420604	0.089463527595523	[.9,1]
2614	public4:1_664_21	official4	1	21	val2014/COCO_val2014_000000134346.jpg	val2014/COCO_val2014_000000532071.jpg	1959	27266	32367	26799	32867	0.8424012111100813	-0.027024085117444252	0.15759878888991874	[.75,.9)
2615	public4:1_665_29	official4	1	29	val2014/COCO_val2014_000000190211.jpg	val2014/COCO_val2014_000000406676.jpg	1960	5410	6625	4895	6633	0.8166037735849057	-0.07862699083200353	0.18339622641509434	[.75,.9)
2616	public4:1_666_69	official4	1	69	val2014/COCO_val2014_000000348447.jpg	val2014/COCO_val2014_000000170654.jpg	1961	23569	620615	23140	636131	0.03797684554836735	-0.0016006903224783375	0.9620231544516327	[0,.25)
2617	public4:1_667_77	official4	1	77	val2014/COCO_val2014_000000014248.jpg	val2014/COCO_val2014_000000220310.jpg	1962	13024	24614	13384	32157	0.5291297635491996	-0.11292178394911251	0.4708702364508004	[.5,.75)
2618	public4:1_668_5	official4	1	5	val2014/COCO_val2014_000000136552.jpg	val2014/COCO_val2014_000000330455.jpg	1963	525626	591386	541380	593282	0.8888035902101166	0.02371356015008319	0.11119640978988343	[.75,.9)
2619	public4:1_669_33	official4	1	33	val2014/COCO_val2014_000000205230.jpg	val2014/COCO_val2014_000000006783.jpg	267	77	137183	0	129381	0.0005612940378909924	-0.0005612940378909924	0.999438705962109	[0,.25)
2620	public4:1_670_17	official4	1	17	val2014/COCO_val2014_000000294593.jpg	val2014/COCO_val2014_000000572453.jpg	1165	170612	208023	161525	209161	0.8201593093071439	-0.04790731204187926	0.17984069069285613	[.75,.9)
2621	public4:1_671_29	official4	1	29	val2014/COCO_val2014_000000347950.jpg	val2014/COCO_val2014_000000354729.jpg	1964	35862	38149	36608	42964	0.9400508532333745	-0.08798866163110275	0.05994914676662555	[.9,1]
2622	public4:1_672_65	official4	1	65	val2014/COCO_val2014_000000371749.jpg	val2014/COCO_val2014_000000146126.jpg	1965	16742	23641	8957	22644	0.708176473076435	-0.3126191510485248	0.29182352692356495	[.5,.75)
2623	public4:1_673_25	official4	1	25	val2014/COCO_val2014_000000154202.jpg	val2014/COCO_val2014_000000472795.jpg	1966	23604	45148	23597	36892	0.5228138566492425	0.11680991002103835	0.4771861433507575	[.5,.75)
2624	public4:1_674_69	official4	1	69	val2014/COCO_val2014_000000087567.jpg	val2014/COCO_val2014_000000097427.jpg	1967	188664	289005	191266	289487	0.6528053147869414	0.007901383614023039	0.34719468521305863	[.5,.75)
2625	public4:1_675_73	official4	1	73	val2014/COCO_val2014_000000429593.jpg	val2014/COCO_val2014_000000276893.jpg	1968	8939	53175	8113	22059	0.16810531264692055	0.19968107839528446	0.8318946873530795	[0,.25)
2626	public4:1_676_1	official4	1	1	val2014/COCO_val2014_000000086135.jpg	val2014/COCO_val2014_000000293221.jpg	1969	22926	215626	21151	205097	0.10632298516876443	-0.0031961720023114815	0.8936770148312356	[0,.25)
2627	public4:1_677_37	official4	1	37	val2014/COCO_val2014_000000107367.jpg	val2014/COCO_val2014_000000486864.jpg	1970	119731	123442	120556	124251	0.9699372984883589	0.0003245102697195801	0.030062701511641143	[.9,1]
2628	public4:1_678_5	official4	1	5	val2014/COCO_val2014_000000086845.jpg	val2014/COCO_val2014_000000036077.jpg	1971	35150	866013	136942	758471	0.040588305256387604	0.1399617751026505	0.9594116947436124	[0,.25)
2629	public4:1_679_41	official4	1	41	val2014/COCO_val2014_000000118788.jpg	val2014/COCO_val2014_000000039659.jpg	1972	86942	191522	88056	193168	0.453953070665511	0.0018988302704618376	0.546046929334489	[.25,.5)
2630	public4:1_680_25	official4	1	25	val2014/COCO_val2014_000000296797.jpg	val2014/COCO_val2014_000000391596.jpg	1973	105110	109338	105786	109947	0.9613309188022462	0.000823573816924883	0.03866908119775381	[.9,1]
2631	public4:1_681_17	official4	1	17	val2014/COCO_val2014_000000397135.jpg	val2014/COCO_val2014_000000026201.jpg	1974	48268	80286	46397	65231	0.6012007074707919	0.11007154038682176	0.3987992925292081	[.5,.75)
2632	public4:1_682_77	official4	1	77	val2014/COCO_val2014_000000245013.jpg	val2014/COCO_val2014_000000116861.jpg	206	60005	65333	60730	66563	0.9184485635130791	-0.006079830132672548	0.08155143648692087	[.9,1]
2633	public4:1_683_21	official4	1	21	val2014/COCO_val2014_000000109319.jpg	val2014/COCO_val2014_000000172404.jpg	1975	418610	437660	421533	444294	0.956473061280446	-0.007702652497072804	0.04352693871955404	[.9,1]
2634	public4:1_684_61	official4	1	61	val2014/COCO_val2014_000000135161.jpg	val2014/COCO_val2014_000000460944.jpg	1976	52683	61453	53437	62663	0.8572893105299986	-0.0045213294247211655	0.14271068947000143	[.75,.9)
2635	public4:1_685_1	official4	1	1	val2014/COCO_val2014_000000322922.jpg	val2014/COCO_val2014_000000251639.jpg	1977	128123	175225	121634	162333	0.7311913254387217	0.01809563408275583	0.2688086745612783	[.5,.75)
2636	public4:1_686_5	official4	1	5	val2014/COCO_val2014_000000129571.jpg	val2014/COCO_val2014_000000044494.jpg	1594	583508	747137	628733	748331	0.7809919733596382	0.059188374641446884	0.21900802664036179	[.75,.9)
2637	public4:1_687_41	official4	1	41	val2014/COCO_val2014_000000077270.jpg	val2014/COCO_val2014_000000025860.jpg	1518	18234	91728	17995	92151	0.19878335949764522	-0.00350604291942036	0.8012166405023547	[0,.25)
2638	public4:1_688_5	official4	1	5	val2014/COCO_val2014_000000498120.jpg	val2014/COCO_val2014_000000337042.jpg	1978	508960	618471	555880	621813	0.8229326839900335	0.07103383005840225	0.1770673160099665	[.75,.9)
2639	public4:1_689_41	official4	1	41	val2014/COCO_val2014_000000348791.jpg	val2014/COCO_val2014_000000460266.jpg	1979	59211	64454	57346	62214	0.9186551649238216	0.0030987811333359483	0.0813448350761784	[.9,1]
2640	public4:1_690_37	official4	1	37	val2014/COCO_val2014_000000272153.jpg	val2014/COCO_val2014_000000331083.jpg	1980	10953	14005	10244	14035	0.7820778293466619	-0.052188267536900645	0.21792217065333808	[.75,.9)
2641	public4:1_691_1	official4	1	1	val2014/COCO_val2014_000000299288.jpg	val2014/COCO_val2014_000000333691.jpg	1981	100332	152164	108989	157175	0.6593675245130254	0.034057002288310656	0.3406324754869746	[.5,.75)
2642	public4:1_692_17	official4	1	17	val2014/COCO_val2014_000000097609.jpg	val2014/COCO_val2014_000000521404.jpg	1982	8425	19517	8636	19961	0.4316749500435518	0.0009687050839468636	0.5683250499564483	[.25,.5)
2643	public4:1_693_9	official4	1	9	val2014/COCO_val2014_000000215723.jpg	val2014/COCO_val2014_000000480140.jpg	1983	56285	58629	55953	59749	0.9600197854304184	-0.023552229488059573	0.03998021456958156	[.9,1]
2644	public4:1_694_73	official4	1	73	val2014/COCO_val2014_000000019333.jpg	val2014/COCO_val2014_000000301014.jpg	1984	179049	204546	180173	204431	0.8753483324044469	0.005990603471227596	0.12465166759555313	[.75,.9)
2645	public4:1_695_17	official4	1	17	val2014/COCO_val2014_000000331049.jpg	val2014/COCO_val2014_000000053120.jpg	1542	124231	132936	126490	134204	0.9345173617379792	0.008002980427679107	0.06548263826202083	[.9,1]
2646	public4:1_696_61	official4	1	61	val2014/COCO_val2014_000000275929.jpg	val2014/COCO_val2014_000000023696.jpg	1985	139769	208166	139160	208973	0.6714304929719551	-0.005507144022569355	0.3285695070280449	[.5,.75)
2647	public4:1_697_21	official4	1	21	val2014/COCO_val2014_000000419228.jpg	val2014/COCO_val2014_000000191689.jpg	1986	387417	431587	382180	431578	0.8976567876233529	-0.012115819362690794	0.10234321237664712	[.75,.9)
2648	public4:1_698_69	official4	1	69	val2014/COCO_val2014_000000037777.jpg	val2014/COCO_val2014_000000125755.jpg	1987	44267	55114	45650	48810	0.8031897521500889	0.13206941605314815	0.19681024784991108	[.75,.9)
2649	public4:1_699_73	official4	1	73	val2014/COCO_val2014_000000386187.jpg	val2014/COCO_val2014_000000578545.jpg	1988	27500	48612	26262	46093	0.5657039414136428	0.00405719368279267	0.4342960585863572	[.5,.75)
2650	public4:1_700_53	official4	1	53	val2014/COCO_val2014_000000256343.jpg	val2014/COCO_val2014_000000510657.jpg	1989	12621	46410	13137	36053	0.27194570135746604	0.09243451665490465	0.728054298642534	[.25,.5)
2651	public4:1_701_53	official4	1	53	val2014/COCO_val2014_000000451571.jpg	val2014/COCO_val2014_000000275657.jpg	1990	5425	158282	5270	155737	0.034274269973844154	-0.00043516943896804855	0.9657257300261558	[0,.25)
2652	public4:1_702_33	official4	1	33	val2014/COCO_val2014_000000561901.jpg	val2014/COCO_val2014_000000330734.jpg	1991	12086	23187	10790	21159	0.5212403501962306	-0.011291864918098415	0.4787596498037694	[.5,.75)
2653	public4:1_703_57	official4	1	57	val2014/COCO_val2014_000000265822.jpg	val2014/COCO_val2014_000000077648.jpg	831	66817	96354	66969	95593	0.6934533075949104	0.007110541222471567	0.3065466924050896	[.5,.75)
2654	public4:1_704_61	official4	1	61	val2014/COCO_val2014_000000222343.jpg	val2014/COCO_val2014_000000185935.jpg	1012	151041	157470	153027	158893	0.9591731758430178	0.003908898257162896	0.040826824156982244	[.9,1]
2655	public4:1_705_65	official4	1	65	val2014/COCO_val2014_000000157046.jpg	val2014/COCO_val2014_000000174511.jpg	404	33492	54221	35634	55594	0.617694251304845	0.023274198527870715	0.382305748695155	[.5,.75)
2656	public4:1_706_73	official4	1	73	val2014/COCO_val2014_000000278121.jpg	val2014/COCO_val2014_000000241503.jpg	1992	43916	139356	44632	129562	0.315135336835156	0.02934838524384864	0.6848646631648441	[.25,.5)
2657	public4:1_707_69	official4	1	69	val2014/COCO_val2014_000000447147.jpg	val2014/COCO_val2014_000000530836.jpg	1993	653992	994645	674313	1017902	0.6575129820187102	0.004940770896599944	0.3424870179812898	[.5,.75)
2658	public4:1_708_57	official4	1	57	val2014/COCO_val2014_000000137507.jpg	val2014/COCO_val2014_000000543364.jpg	1994	287668	517595	352248	520378	0.5557781663269544	0.12112977367050892	0.4442218336730456	[.5,.75)
2659	public4:1_709_53	official4	1	53	val2014/COCO_val2014_000000317325.jpg	val2014/COCO_val2014_000000532009.jpg	702	407545	453539	399165	464611	0.8985886549999008	-0.03945058035250759	0.10141134500009918	[.75,.9)
2660	public4:1_710_41	official4	1	41	val2014/COCO_val2014_000000544216.jpg	val2014/COCO_val2014_000000497501.jpg	1995	61306	132367	60839	131419	0.46315169188695066	-0.0002125430576337406	0.5368483081130493	[.25,.5)
2661	public4:1_711_33	official4	1	33	val2014/COCO_val2014_000000256672.jpg	val2014/COCO_val2014_000000088817.jpg	1996	7358	14844	9324	18808	0.4956884936674751	5.799718748022986e-05	0.504311506332525	[.25,.5)
2662	public4:1_712_41	official4	1	41	val2014/COCO_val2014_000000074733.jpg	val2014/COCO_val2014_000000395343.jpg	1571	295371	317459	294739	317117	0.9304225112534217	-0.0009895259514668409	0.06957748874657832	[.9,1]
2663	public4:1_713_61	official4	1	61	val2014/COCO_val2014_000000005328.jpg	val2014/COCO_val2014_000000224736.jpg	1997	68929	76135	69600	76439	0.9053523346686806	0.005177630401506095	0.09464766533131941	[.9,1]
2664	public4:1_714_9	official4	1	9	val2014/COCO_val2014_000000561570.jpg	val2014/COCO_val2014_000000503467.jpg	1998	18272	57828	15455	52642	0.3159715016946808	-0.02238463189490114	0.6840284983053192	[.25,.5)
2665	public4:1_715_49	official4	1	49	val2014/COCO_val2014_000000543192.jpg	val2014/COCO_val2014_000000242103.jpg	1999	58957	255961	60736	264080	0.23033587148042084	-0.00034495963552536035	0.7696641285195791	[0,.25)
2666	public4:1_716_57	official4	1	57	val2014/COCO_val2014_000000074743.jpg	val2014/COCO_val2014_000000187079.jpg	2000	409028	420660	409539	426015	0.9723482147102173	-0.01102290926322591	0.027651785289782738	[.9,1]
2667	public4:1_717_49	official4	1	49	val2014/COCO_val2014_000000009077.jpg	val2014/COCO_val2014_000000500219.jpg	2001	12431	104632	9890	68846	0.1188068659683462	0.024847086330988546	0.8811931340316538	[0,.25)
2668	public4:1_718_53	official4	1	53	val2014/COCO_val2014_000000212766.jpg	val2014/COCO_val2014_000000450790.jpg	203	79101	82994	79298	83585	0.9530929946743139	-0.0043821015714844425	0.046907005325686146	[.9,1]
2669	public4:1_719_21	official4	1	21	val2014/COCO_val2014_000000178361.jpg	val2014/COCO_val2014_000000357219.jpg	692	318732	355704	319164	356917	0.8960596450981715	-0.0018349373930187651	0.10394035490182851	[.75,.9)
2670	public4:1_720_17	official4	1	17	val2014/COCO_val2014_000000277542.jpg	val2014/COCO_val2014_000000016574.jpg	2002	45508	198988	45568	198079	0.22869720787183145	0.0013524187922773212	0.7713027921281685	[0,.25)
2671	public4:1_721_9	official4	1	9	val2014/COCO_val2014_000000362521.jpg	val2014/COCO_val2014_000000465418.jpg	2003	217296	360123	217238	341884	0.6033938404378504	0.032020510628593235	0.3966061595621496	[.5,.75)
2672	public4:1_722_5	official4	1	5	val2014/COCO_val2014_000000496632.jpg	val2014/COCO_val2014_000000179265.jpg	2004	132306	168239	134706	171405	0.7864169425638526	-0.0005238822680619926	0.21358305743614736	[.75,.9)
2673	public4:1_723_73	official4	1	73	val2014/COCO_val2014_000000438103.jpg	val2014/COCO_val2014_000000347650.jpg	2005	21061	79351	20778	72751	0.2654156847424733	0.020188636847607966	0.7345843152575267	[.25,.5)
2674	public4:1_724_57	official4	1	57	val2014/COCO_val2014_000000575293.jpg	val2014/COCO_val2014_000000369373.jpg	2006	91239	105390	92792	108016	0.8657272986051807	-0.006669381259602258	0.13427270139481928	[.75,.9)
2675	public4:1_725_17	official4	1	17	val2014/COCO_val2014_000000533171.jpg	val2014/COCO_val2014_000000078499.jpg	2007	444571	461690	444316	460992	0.9629210076025039	0.0009048288545279171	0.037078992397496124	[.9,1]
2676	public4:1_726_9	official4	1	9	val2014/COCO_val2014_000000200274.jpg	val2014/COCO_val2014_000000102906.jpg	2008	23274	28934	23029	28948	0.8043823875025921	-0.008852471791662153	0.19561761249740794	[.75,.9)
2677	public4:1_727_45	official4	1	45	val2014/COCO_val2014_000000058364.jpg	val2014/COCO_val2014_000000090707.jpg	2009	3126	80073	74	51426	0.039039376568880894	-0.03760041573195016	0.9609606234311191	[0,.25)
2678	public4:1_728_49	official4	1	49	val2014/COCO_val2014_000000346752.jpg	val2014/COCO_val2014_000000335148.jpg	1172	80851	302233	42761	300607	0.2675121512210778	-0.1252633013938948	0.7324878487789221	[.25,.5)
2679	public4:1_729_73	official4	1	73	val2014/COCO_val2014_000000369345.jpg	val2014/COCO_val2014_000000270097.jpg	2010	14098	49507	14101	45860	0.2847678106126406	0.02271147416712388	0.7152321893873594	[.25,.5)
2680	public4:1_730_45	official4	1	45	val2014/COCO_val2014_000000537671.jpg	val2014/COCO_val2014_000000274792.jpg	489	57243	612427	64821	619115	0.09346909917426893	0.011230350847132586	0.9065309008257311	[0,.25)
2681	public4:1_731_41	official4	1	41	val2014/COCO_val2014_000000527535.jpg	val2014/COCO_val2014_000000536073.jpg	2011	21256	187002	20799	167334	0.113667233505524	0.010629084039027611	0.886332766494476	[0,.25)
2682	public4:1_732_29	official4	1	29	val2014/COCO_val2014_000000223032.jpg	val2014/COCO_val2014_000000461821.jpg	167	15075	16053	15010	16319	0.9390768080732573	-0.019290056434063785	0.06092319192674267	[.9,1]
2683	public4:1_733_5	official4	1	5	val2014/COCO_val2014_000000433124.jpg	val2014/COCO_val2014_000000181542.jpg	152	312304	373624	310374	373476	0.8358777808706079	-0.004836428815857441	0.16412221912939207	[.75,.9)
2684	public4:1_734_53	official4	1	53	val2014/COCO_val2014_000000073201.jpg	val2014/COCO_val2014_000000000397.jpg	194	13115	18048	12958	20183	0.7266733156028369	-0.08464784862567787	0.2733266843971631	[.5,.75)
2685	public4:1_735_57	official4	1	57	val2014/COCO_val2014_000000186589.jpg	val2014/COCO_val2014_000000177802.jpg	2012	249654	460744	241674	464438	0.5418497039570781	-0.021491765976120458	0.4581502960429219	[.5,.75)
2686	public4:1_736_49	official4	1	49	val2014/COCO_val2014_000000417111.jpg	val2014/COCO_val2014_000000546854.jpg	2013	3397	47018	0	32760	0.07224892594325577	-0.07224892594325577	0.9277510740567443	[0,.25)
2687	public4:1_737_25	official4	1	25	val2014/COCO_val2014_000000343963.jpg	val2014/COCO_val2014_000000474437.jpg	2014	14729	18769	14712	16250	0.784751451862113	0.12060239429173314	0.21524854813788696	[.75,.9)
2688	public4:1_738_13	official4	1	13	val2014/COCO_val2014_000000133707.jpg	val2014/COCO_val2014_000000233079.jpg	2015	296022	496458	365458	506057	0.5962679622445404	0.12589969871064843	0.4037320377554596	[.5,.75)
2689	public4:1_739_69	official4	1	69	val2014/COCO_val2014_000000048708.jpg	val2014/COCO_val2014_000000219437.jpg	2016	48674	121265	33398	118326	0.40138539562116027	-0.11913128409875606	0.5986146043788397	[.25,.5)
2690	public4:1_740_1	official4	1	1	val2014/COCO_val2014_000000259049.jpg	val2014/COCO_val2014_000000465911.jpg	552	10605	19620	8794	16219	0.540519877675841	0.0016837107081530966	0.459480122324159	[.5,.75)
2691	public4:1_741_25	official4	1	25	val2014/COCO_val2014_000000154880.jpg	val2014/COCO_val2014_000000532669.jpg	2017	186300	209498	190372	214504	0.8892686326361111	-0.0017700312114290462	0.11073136736388889	[.75,.9)
2692	public4:1_742_65	official4	1	65	val2014/COCO_val2014_000000143822.jpg	val2014/COCO_val2014_000000521306.jpg	244	96314	371813	96214	355846	0.2590388179003962	0.011342189614090448	0.7409611820996038	[.25,.5)
2693	public4:1_743_53	official4	1	53	val2014/COCO_val2014_000000106272.jpg	val2014/COCO_val2014_000000229713.jpg	1184	24773	41537	25697	41557	0.5964080217637288	0.021947489943083598	0.40359197823627124	[.5,.75)
2694	public4:1_744_41	official4	1	41	val2014/COCO_val2014_000000465552.jpg	val2014/COCO_val2014_000000294032.jpg	1691	159251	178350	161815	178424	0.8929128118867395	0.013999935277319131	0.10708718811326046	[.75,.9)
2695	public4:1_745_53	official4	1	53	val2014/COCO_val2014_000000272880.jpg	val2014/COCO_val2014_000000492107.jpg	679	68192	128885	67559	131270	0.5290918260464755	-0.014435011846734569	0.47090817395352447	[.5,.75)
2696	public4:1_746_77	official4	1	77	val2014/COCO_val2014_000000482720.jpg	val2014/COCO_val2014_000000572260.jpg	2018	142232	156900	142982	157553	0.9065137029955386	0.0010031326089882109	0.09348629700446143	[.9,1]
2697	public4:1_747_25	official4	1	25	val2014/COCO_val2014_000000183144.jpg	val2014/COCO_val2014_000000144929.jpg	789	292523	309961	292441	309434	0.9437413093905362	0.001342294867560767	0.05625869060946376	[.9,1]
2698	public4:1_748_5	official4	1	5	val2014/COCO_val2014_000000512564.jpg	val2014/COCO_val2014_000000122981.jpg	2019	16141	122003	16322	88590	0.13230002540921124	0.05194198836209479	0.8676999745907887	[0,.25)
2699	public4:1_749_17	official4	1	17	val2014/COCO_val2014_000000117432.jpg	val2014/COCO_val2014_000000413634.jpg	2020	14287	17275	15356	18240	0.8270332850940666	0.014852679818214143	0.1729667149059334	[.75,.9)
2700	public4:2_600_38	official4	2	38	val2014/COCO_val2014_000000493862.jpg	val2014/COCO_val2014_000000442861.jpg	1244	8313	10486	8674	10614	0.7927713141331298	0.024451222139717288	0.20722868586687015	[.75,.9)
2701	public4:2_601_6	official4	2	6	val2014/COCO_val2014_000000441216.jpg	val2014/COCO_val2014_000000349098.jpg	2021	113110	123726	118141	125341	0.9141975009294732	0.028359204378446856	0.08580249907052684	[.9,1]
2702	public4:2_602_62	official4	2	62	val2014/COCO_val2014_000000043289.jpg	val2014/COCO_val2014_000000229020.jpg	2022	78942	94040	78356	95228	0.8394512973202892	-0.016626077847025078	0.16054870267971078	[.75,.9)
2703	public4:2_603_14	official4	2	14	val2014/COCO_val2014_000000215781.jpg	val2014/COCO_val2014_000000418959.jpg	2023	17942	19973	18855	21420	0.8983127221749362	-0.01806062133460007	0.10168727782506382	[.75,.9)
2704	public4:2_604_26	official4	2	26	val2014/COCO_val2014_000000488539.jpg	val2014/COCO_val2014_000000306394.jpg	293	26659	50008	26855	30857	0.5330947048472244	0.33721025026830853	0.46690529515277557	[.5,.75)
2705	public4:2_605_22	official4	2	22	val2014/COCO_val2014_000000509735.jpg	val2014/COCO_val2014_000000102275.jpg	2024	69633	87408	70654	85711	0.7966433278418451	0.027684938075015042	0.2033566721581549	[.75,.9)
2706	public4:2_606_62	official4	2	62	val2014/COCO_val2014_000000112065.jpg	val2014/COCO_val2014_000000072315.jpg	2025	0	100680	0	97209	0.0	0.0	1.0	[0,.25)
2707	public4:2_607_30	official4	2	30	val2014/COCO_val2014_000000455414.jpg	val2014/COCO_val2014_000000330986.jpg	889	10579	23839	10725	17765	0.44376861445530436	0.1599465558233334	0.5562313855446956	[.25,.5)
2708	public4:2_608_38	official4	2	38	val2014/COCO_val2014_000000465199.jpg	val2014/COCO_val2014_000000112394.jpg	2026	7353	8229	7586	8617	0.8935472110827561	-0.013194420088210479	0.10645278891724386	[.75,.9)
2709	public4:2_609_22	official4	2	22	val2014/COCO_val2014_000000201676.jpg	val2014/COCO_val2014_000000557220.jpg	2027	202587	232132	205802	236460	0.8727232781348543	-0.0023773422471776717	0.12727672186514571	[.75,.9)
2710	public4:2_610_2	official4	2	2	val2014/COCO_val2014_000000340998.jpg	val2014/COCO_val2014_000000245426.jpg	1811	17633	21509	17238	20928	0.8197963643126134	0.0038848283479371304	0.18020363568738662	[.75,.9)
2711	public4:2_611_14	official4	2	14	val2014/COCO_val2014_000000548095.jpg	val2014/COCO_val2014_000000303439.jpg	501	4664	65173	3703	64786	0.07156337747226613	-0.014405966920603731	0.9284366225277338	[0,.25)
2712	public4:2_612_2	official4	2	2	val2014/COCO_val2014_000000499181.jpg	val2014/COCO_val2014_000000373422.jpg	2028	74114	95842	73064	93699	0.7732935456271781	0.006479984506547964	0.2267064543728219	[.75,.9)
2713	public4:2_613_14	official4	2	14	val2014/COCO_val2014_000000452674.jpg	val2014/COCO_val2014_000000419854.jpg	2029	201618	232569	199216	233429	0.8669169149800704	-0.013483965346563043	0.1330830850199296	[.75,.9)
2714	public4:2_614_30	official4	2	30	val2014/COCO_val2014_000000521440.jpg	val2014/COCO_val2014_000000002867.jpg	2030	9542	28776	9470	24693	0.3315957742563247	0.051913722362150194	0.6684042257436753	[.25,.5)
2715	public4:2_615_10	official4	2	10	val2014/COCO_val2014_000000164420.jpg	val2014/COCO_val2014_000000089395.jpg	2031	34587	39187	35328	43646	0.8826141322377319	-0.07319287943106001	0.11738586776226811	[.75,.9)
2716	public4:2_616_6	official4	2	6	val2014/COCO_val2014_000000515022.jpg	val2014/COCO_val2014_000000304365.jpg	2032	124165	140076	132316	140835	0.886411662240498	0.05309911277991586	0.11358833775950195	[.75,.9)
2717	public4:2_617_2	official4	2	2	val2014/COCO_val2014_000000236925.jpg	val2014/COCO_val2014_000000296243.jpg	2033	133684	145739	134518	147541	0.9172836371870261	-0.005550627379582784	0.0827163628129739	[.9,1]
2718	public4:2_618_54	official4	2	54	val2014/COCO_val2014_000000341973.jpg	val2014/COCO_val2014_000000524535.jpg	2034	13743	33169	14125	33639	0.41433266001386837	0.005566861374995735	0.5856673399861316	[.25,.5)
2719	public4:2_619_6	official4	2	6	val2014/COCO_val2014_000000318095.jpg	val2014/COCO_val2014_000000161141.jpg	774	71750	161460	72530	162212	0.4443825095999009	0.0027484054988587414	0.5556174904000991	[.25,.5)
2720	public4:2_620_6	official4	2	6	val2014/COCO_val2014_000000546659.jpg	val2014/COCO_val2014_000000124294.jpg	2035	208981	224726	212998	232479	0.9299369009371412	-0.013733716993645229	0.07006309906285879	[.9,1]
2721	public4:2_621_78	official4	2	78	val2014/COCO_val2014_000000355124.jpg	val2014/COCO_val2014_000000027570.jpg	306	230701	241294	228173	241112	0.9560991984881514	-0.009763055948584731	0.04390080151184861	[.9,1]
2722	public4:2_622_62	official4	2	62	val2014/COCO_val2014_000000403107.jpg	val2014/COCO_val2014_000000219075.jpg	2036	229370	419855	249261	421440	0.5463076538328708	0.04514308648603582	0.45369234616712917	[.5,.75)
2723	public4:2_623_50	official4	2	50	val2014/COCO_val2014_000000338050.jpg	val2014/COCO_val2014_000000225943.jpg	2037	87746	99303	88556	98974	0.8836188231976879	0.011121209538182075	0.11638117680231208	[.75,.9)
2724	public4:2_624_22	official4	2	22	val2014/COCO_val2014_000000279208.jpg	val2014/COCO_val2014_000000453321.jpg	2038	187401	357031	193360	363845	0.5248871946693704	0.006547894448248326	0.4751128053306296	[.5,.75)
2725	public4:2_625_38	official4	2	38	val2014/COCO_val2014_000000231568.jpg	val2014/COCO_val2014_000000352111.jpg	2039	34078	41218	33492	40901	0.8267747100781212	-0.007919425366256005	0.1732252899218788	[.75,.9)
2726	public4:2_626_6	official4	2	6	val2014/COCO_val2014_000000275727.jpg	val2014/COCO_val2014_000000502895.jpg	2040	215911	256962	216169	257254	0.8402448611078681	4.916736204874095e-05	0.1597551388921319	[.75,.9)
2727	public4:2_627_18	official4	2	18	val2014/COCO_val2014_000000169389.jpg	val2014/COCO_val2014_000000379156.jpg	2041	46258	84633	48381	91889	0.5465716682617892	-0.020055980856332534	0.45342833173821084	[.5,.75)
2728	public4:2_628_34	official4	2	34	val2014/COCO_val2014_000000462031.jpg	val2014/COCO_val2014_000000574135.jpg	1321	17103	30175	19838	30419	0.5667937033968516	0.08536448720770473	0.43320629660314836	[.5,.75)
2729	public4:2_629_14	official4	2	14	val2014/COCO_val2014_000000505733.jpg	val2014/COCO_val2014_000000019608.jpg	2042	68574	86651	67417	84081	0.7913815189668901	0.010428640284308122	0.20861848103310987	[.75,.9)
2730	public4:2_630_74	official4	2	74	val2014/COCO_val2014_000000556240.jpg	val2014/COCO_val2014_000000155051.jpg	1681	35880	336517	35880	302817	0.10662165655821251	0.011865746724958506	0.8933783434417875	[0,.25)
2731	public4:2_631_6	official4	2	6	val2014/COCO_val2014_000000308894.jpg	val2014/COCO_val2014_000000356298.jpg	2043	302172	397163	290810	394555	0.7608261595365127	-0.023767954723495466	0.23917384046348733	[.75,.9)
2732	public4:2_632_74	official4	2	74	val2014/COCO_val2014_000000527407.jpg	val2014/COCO_val2014_000000567383.jpg	2044	114856	120621	115147	119062	0.9522056689962776	0.014912303152686879	0.047794331003722434	[.9,1]
2733	public4:2_633_30	official4	2	30	val2014/COCO_val2014_000000427118.jpg	val2014/COCO_val2014_000000477924.jpg	2045	10668	48285	11317	42556	0.2209381795588692	0.04499376893253035	0.7790618204411308	[0,.25)
2734	public4:2_634_70	official4	2	70	val2014/COCO_val2014_000000325505.jpg	val2014/COCO_val2014_000000387696.jpg	48	7311	8962	8002	9198	0.8157777281856728	0.05419400479975878	0.18422227181432715	[.75,.9)
2735	public4:2_635_10	official4	2	10	val2014/COCO_val2014_000000029913.jpg	val2014/COCO_val2014_000000178810.jpg	1698	68493	74109	68708	73786	0.9242197303971178	0.0069596261203787035	0.0757802696028822	[.9,1]
2736	public4:2_636_46	official4	2	46	val2014/COCO_val2014_000000542717.jpg	val2014/COCO_val2014_000000549261.jpg	2046	15649	19027	15810	20078	0.8224628159983182	-0.03503378920282063	0.17753718400168184	[.75,.9)
2737	public4:2_637_38	official4	2	38	val2014/COCO_val2014_000000503399.jpg	val2014/COCO_val2014_000000434486.jpg	2047	93289	97073	93799	98641	0.9610190269178865	-0.010106120519938422	0.03898097308211346	[.9,1]
2738	public4:2_638_74	official4	2	74	val2014/COCO_val2014_000000079261.jpg	val2014/COCO_val2014_000000368821.jpg	2048	19176	21679	19207	21700	0.8845426449559481	0.0005725624173237298	0.11545735504405186	[.75,.9)
2739	public4:2_639_10	official4	2	10	val2014/COCO_val2014_000000348648.jpg	val2014/COCO_val2014_000000117792.jpg	837	26694	32673	26833	31268	0.8170048664034524	0.04115683245800339	0.18299513359654762	[.75,.9)
2740	public4:2_640_70	official4	2	70	val2014/COCO_val2014_000000387696.jpg	val2014/COCO_val2014_000000557339.jpg	48	12518	28489	12594	24170	0.43939766225560745	0.08166150199759897	0.5606023377443925	[.25,.5)
2741	public4:2_641_62	official4	2	62	val2014/COCO_val2014_000000088983.jpg	val2014/COCO_val2014_000000122588.jpg	2049	28414	48066	27862	39092	0.5911455082594765	0.12158343883967415	0.40885449174052346	[.5,.75)
2742	public4:2_642_14	official4	2	14	val2014/COCO_val2014_000000215781.jpg	val2014/COCO_val2014_000000149909.jpg	2023	17656	19877	18615	20581	0.8882628163203703	0.016212184894342285	0.1117371836796297	[.75,.9)
2743	public4:2_643_58	official4	2	58	val2014/COCO_val2014_000000507782.jpg	val2014/COCO_val2014_000000356091.jpg	1265	28027	153335	31524	103520	0.18278279583917567	0.1217380696940546	0.8172172041608243	[0,.25)
2744	public4:2_644_38	official4	2	38	val2014/COCO_val2014_000000368204.jpg	val2014/COCO_val2014_000000446301.jpg	2050	34105	36797	34214	39216	0.9268418621083241	-0.05439184170848732	0.07315813789167591	[.9,1]
2745	public4:2_645_14	official4	2	14	val2014/COCO_val2014_000000156751.jpg	val2014/COCO_val2014_000000482526.jpg	2051	181325	221921	182514	227599	0.8170700384371015	-0.015159660974986111	0.18292996156289854	[.75,.9)
2746	public4:2_646_58	official4	2	58	val2014/COCO_val2014_000000253630.jpg	val2014/COCO_val2014_000000001393.jpg	2052	6248	21121	8362	21135	0.29581932673642347	0.09982770425482329	0.7041806732635765	[.25,.5)
2747	public4:2_647_42	official4	2	42	val2014/COCO_val2014_000000420610.jpg	val2014/COCO_val2014_000000446894.jpg	28	6358	20096	5525	15809	0.3163813694267516	0.033103101444271255	0.6836186305732483	[.25,.5)
2748	public4:2_648_42	official4	2	42	val2014/COCO_val2014_000000146127.jpg	val2014/COCO_val2014_000000171199.jpg	1636	74827	82624	75007	87509	0.9056327459333849	-0.048498051216270155	0.09436725406661506	[.9,1]
2749	public4:2_649_70	official4	2	70	val2014/COCO_val2014_000000353398.jpg	val2014/COCO_val2014_000000487349.jpg	48	207760	286249	178093	284759	0.7258016621892129	-0.10038508185285833	0.27419833781078706	[.5,.75)
2750	public4:2_650_26	official4	2	26	val2014/COCO_val2014_000000107741.jpg	val2014/COCO_val2014_000000193498.jpg	2053	897	66173	908	51869	0.013555377570912608	0.003950261635549826	0.9864446224290874	[0,.25)
2751	public4:2_651_58	official4	2	58	val2014/COCO_val2014_000000486313.jpg	val2014/COCO_val2014_000000382737.jpg	2054	10435	44505	11088	43706	0.23446803729917987	0.01922710753219342	0.7655319627008201	[0,.25)
2752	public4:2_652_78	official4	2	78	val2014/COCO_val2014_000000134290.jpg	val2014/COCO_val2014_000000375483.jpg	306	34941	64688	34561	62222	0.5401465495918872	0.01530007700320779	0.45985345040811276	[.5,.75)
2753	public4:2_653_26	official4	2	26	val2014/COCO_val2014_000000222831.jpg	val2014/COCO_val2014_000000575931.jpg	2055	43807	52226	43859	53005	0.8387967678933864	-0.011346527350041491	0.16120323210661358	[.75,.9)
2754	public4:2_654_10	official4	2	10	val2014/COCO_val2014_000000389340.jpg	val2014/COCO_val2014_000000486905.jpg	2056	81271	89489	84876	93909	0.9081674842718099	-0.0043563479589964205	0.09183251572819007	[.9,1]
2755	public4:2_655_70	official4	2	70	val2014/COCO_val2014_000000085803.jpg	val2014/COCO_val2014_000000564283.jpg	48	7680	9513	7881	9669	0.8073163040050457	0.007762814828339293	0.19268369599495427	[.75,.9)
2756	public4:2_656_6	official4	2	6	val2014/COCO_val2014_000000237758.jpg	val2014/COCO_val2014_000000013168.jpg	2057	39763	52278	45254	53310	0.7606067561880715	0.08827713051235997	0.2393932438119285	[.75,.9)
2757	public4:2_657_78	official4	2	78	val2014/COCO_val2014_000000333020.jpg	val2014/COCO_val2014_000000117759.jpg	306	16104	52554	15016	45604	0.3064276743920539	0.022841687944583244	0.6935723256079461	[.25,.5)
2758	public4:2_658_30	official4	2	30	val2014/COCO_val2014_000000105732.jpg	val2014/COCO_val2014_000000328283.jpg	2058	21261	66498	15474	53668	0.31972390147072094	-0.0313956611785543	0.6802760985292791	[.25,.5)
2759	public4:2_659_74	official4	2	74	val2014/COCO_val2014_000000377626.jpg	val2014/COCO_val2014_000000070067.jpg	2059	23008	25885	23491	26762	0.888854548966583	-0.011080092647922202	0.111145451033417	[.75,.9)
2760	public4:2_660_42	official4	2	42	val2014/COCO_val2014_000000438093.jpg	val2014/COCO_val2014_000000389081.jpg	2060	56328	79683	54325	76135	0.7069010955912804	0.00663407220276957	0.29309890440871955	[.5,.75)
2761	public4:2_661_50	official4	2	50	val2014/COCO_val2014_000000501062.jpg	val2014/COCO_val2014_000000288955.jpg	407	189706	352350	192788	417389	0.5384021569462183	-0.0765116902592668	0.4615978430537817	[.5,.75)
2762	public4:2_662_2	official4	2	2	val2014/COCO_val2014_000000277172.jpg	val2014/COCO_val2014_000000315501.jpg	2061	75824	115206	77933	116096	0.65816016526917	0.013120499008669073	0.34183983473083	[.5,.75)
2763	public4:2_663_10	official4	2	10	val2014/COCO_val2014_000000439969.jpg	val2014/COCO_val2014_000000575012.jpg	2062	585663	615616	584343	615483	0.951344669404304	-0.0019390806228104518	0.048655330595696045	[.9,1]
2764	public4:2_664_42	official4	2	42	val2014/COCO_val2014_000000085481.jpg	val2014/COCO_val2014_000000509577.jpg	1673	16623	27955	16656	26932	0.5946342335896977	0.02381222415573525	0.4053657664103023	[.5,.75)
2765	public4:2_665_30	official4	2	30	val2014/COCO_val2014_000000241889.jpg	val2014/COCO_val2014_000000335041.jpg	2063	8471	11479	8752	12601	0.737956267967593	-0.043408216225667706	0.26204373203240705	[.5,.75)
2766	public4:2_666_74	official4	2	74	val2014/COCO_val2014_000000306928.jpg	val2014/COCO_val2014_000000169700.jpg	2064	23241	33077	25218	33028	0.702633249690117	0.0609007214858549	0.297366750309883	[.5,.75)
2767	public4:2_667_6	official4	2	6	val2014/COCO_val2014_000000220872.jpg	val2014/COCO_val2014_000000521838.jpg	2065	387541	453015	402096	449958	0.855470569407194	0.038159502732872386	0.14452943059280599	[.75,.9)
2768	public4:2_668_26	official4	2	26	val2014/COCO_val2014_000000032645.jpg	val2014/COCO_val2014_000000080596.jpg	2066	11364	79689	6695	70915	0.14260437450589164	-0.048195575239163874	0.8573956254941084	[0,.25)
2769	public4:2_669_18	official4	2	18	val2014/COCO_val2014_000000413260.jpg	val2014/COCO_val2014_000000187411.jpg	2067	150047	166817	149737	168181	0.899470677448941	-0.009138237993830178	0.10052932255105895	[.75,.9)
2770	public4:2_670_54	official4	2	54	val2014/COCO_val2014_000000434930.jpg	val2014/COCO_val2014_000000574066.jpg	2068	15166	16969	14730	17149	0.8937474217691084	-0.034805209395209036	0.10625257823089163	[.75,.9)
2771	public4:2_671_42	official4	2	42	val2014/COCO_val2014_000000431464.jpg	val2014/COCO_val2014_000000043944.jpg	315	6692	19973	6678	11181	0.33505232063285434	0.2622108937486857	0.6649476793671456	[.25,.5)
2772	public4:2_672_54	official4	2	54	val2014/COCO_val2014_000000206260.jpg	val2014/COCO_val2014_000000459662.jpg	2069	193968	264616	194734	265195	0.7330168999606977	0.0012880454568252597	0.26698310003930226	[.5,.75)
2773	public4:2_673_70	official4	2	70	val2014/COCO_val2014_000000554037.jpg	val2014/COCO_val2014_000000410627.jpg	48	63397	68991	63683	68244	0.9189169601832123	0.014249325497580068	0.08108303981678766	[.9,1]
2774	public4:2_674_30	official4	2	30	val2014/COCO_val2014_000000227265.jpg	val2014/COCO_val2014_000000129812.jpg	2070	5827	129373	5174	95904	0.04504030980189066	0.008909473314559123	0.9549596901981093	[0,.25)
2775	public4:2_675_30	official4	2	30	val2014/COCO_val2014_000000439092.jpg	val2014/COCO_val2014_000000469719.jpg	2071	16431	34251	16657	32797	0.479723219760007	0.028158598698998394	0.520276780239993	[.25,.5)
2776	public4:2_676_34	official4	2	34	val2014/COCO_val2014_000000196430.jpg	val2014/COCO_val2014_000000133060.jpg	1321	6184	9171	5975	9026	0.674299422091375	-0.012322909793568648	0.32570057790862506	[.5,.75)
2777	public4:2_677_70	official4	2	70	val2014/COCO_val2014_000000011360.jpg	val2014/COCO_val2014_000000533003.jpg	48	44548	52870	44319	50056	0.8425950444486476	0.0427933205825175	0.15740495555135237	[.75,.9)
2778	public4:2_678_42	official4	2	42	val2014/COCO_val2014_000000421889.jpg	val2014/COCO_val2014_000000325102.jpg	709	4990	10918	5997	12363	0.4570434145447884	0.028033023213037356	0.5429565854552116	[.25,.5)
2779	public4:2_679_58	official4	2	58	val2014/COCO_val2014_000000576385.jpg	val2014/COCO_val2014_000000089258.jpg	2072	36249	71066	42785	71030	0.5100751414178369	0.09227597782755237	0.48992485858216306	[.5,.75)
2780	public4:2_680_70	official4	2	70	val2014/COCO_val2014_000000093959.jpg	val2014/COCO_val2014_000000011360.jpg	48	8248	9950	8444	11002	0.8289447236180905	-0.061447904857865	0.17105527638190954	[.75,.9)
2781	public4:2_681_26	official4	2	26	val2014/COCO_val2014_000000516313.jpg	val2014/COCO_val2014_000000513604.jpg	2073	26229	31772	26428	32073	0.825538209744429	-0.0015429489331547641	0.17446179025557096	[.75,.9)
2782	public4:2_682_18	official4	2	18	val2014/COCO_val2014_000000483038.jpg	val2014/COCO_val2014_000000065239.jpg	2074	145090	190530	132269	189229	0.7615073741667979	-0.06251831857806678	0.23849262583320208	[.75,.9)
2783	public4:2_683_34	official4	2	34	val2014/COCO_val2014_000000218997.jpg	val2014/COCO_val2014_000000149115.jpg	1272	5771	13004	5872	12943	0.4437865272223931	0.00989499947157274	0.5562134727776069	[.25,.5)
2784	public4:2_684_22	official4	2	22	val2014/COCO_val2014_000000259614.jpg	val2014/COCO_val2014_000000069106.jpg	2075	215775	264179	220005	264959	0.8167757467474704	0.013560267503791024	0.18322425325252956	[.75,.9)
2785	public4:2_685_42	official4	2	42	val2014/COCO_val2014_000000353536.jpg	val2014/COCO_val2014_000000076518.jpg	2076	20568	41717	20958	42900	0.4930364120142867	-0.004504943482818213	0.5069635879857133	[.25,.5)
2786	public4:2_686_6	official4	2	6	val2014/COCO_val2014_000000415585.jpg	val2014/COCO_val2014_000000393411.jpg	2077	51091	63614	51529	56623	0.8031408180589178	0.10689573952369003	0.1968591819410822	[.75,.9)
2787	public4:2_687_38	official4	2	38	val2014/COCO_val2014_000000055950.jpg	val2014/COCO_val2014_000000512139.jpg	2078	14233	15675	14015	16307	0.9080063795853269	-0.04855951627509203	0.09199362041467307	[.9,1]
2788	public4:2_688_58	official4	2	58	val2014/COCO_val2014_000000066181.jpg	val2014/COCO_val2014_000000431950.jpg	2079	88859	163860	89384	163589	0.5422860978884414	0.004107608289846909	0.4577139021115586	[.5,.75)
2789	public4:2_689_30	official4	2	30	val2014/COCO_val2014_000000313145.jpg	val2014/COCO_val2014_000000216516.jpg	2080	13017	24439	12784	23222	0.5326322680960759	0.0178801769990925	0.4673677319039241	[.5,.75)
2790	public4:2_690_50	official4	2	50	val2014/COCO_val2014_000000444869.jpg	val2014/COCO_val2014_000000347276.jpg	2081	100675	318489	103681	354360	0.3161019689848001	-0.02351533392440952	0.6838980310151999	[.25,.5)
2791	public4:2_691_50	official4	2	50	val2014/COCO_val2014_000000350388.jpg	val2014/COCO_val2014_000000345497.jpg	2082	93289	109151	93878	111691	0.8546783813249536	-0.014163030938619814	0.14532161867504645	[.75,.9)
2792	public4:2_692_70	official4	2	70	val2014/COCO_val2014_000000542611.jpg	val2014/COCO_val2014_000000387696.jpg	48	214043	237585	211913	236111	0.9009112528147821	-0.0033969481021681736	0.09908874718521787	[.9,1]
2793	public4:2_693_22	official4	2	22	val2014/COCO_val2014_000000159977.jpg	val2014/COCO_val2014_000000543385.jpg	2083	6514	35991	7888	9554	0.1809896918674113	0.6446330839333004	0.8190103081325887	[0,.25)
2794	public4:2_694_34	official4	2	34	val2014/COCO_val2014_000000426523.jpg	val2014/COCO_val2014_000000307703.jpg	323	7469	11298	7982	12477	0.661090458488228	-0.021353342194247116	0.338909541511772	[.5,.75)
2795	public4:2_695_10	official4	2	10	val2014/COCO_val2014_000000131714.jpg	val2014/COCO_val2014_000000042628.jpg	163	58146	67794	56785	66428	0.8576865209310558	-0.0028512105197834314	0.1423134790689442	[.75,.9)
2796	public4:2_696_6	official4	2	6	val2014/COCO_val2014_000000078865.jpg	val2014/COCO_val2014_000000148724.jpg	2084	22386	25235	22642	25550	0.8871012482662968	-0.0009172952330286366	0.11289875173370323	[.75,.9)
2797	public4:2_697_2	official4	2	2	val2014/COCO_val2014_000000348087.jpg	val2014/COCO_val2014_000000228552.jpg	2085	56453	72423	60043	73333	0.7794899410408296	0.039281962467822784	0.22051005895917042	[.75,.9)
2798	public4:2_698_18	official4	2	18	val2014/COCO_val2014_000000139512.jpg	val2014/COCO_val2014_000000379584.jpg	2086	105666	130299	110193	128885	0.8109501991573228	0.04402128705131281	0.1890498008426772	[.75,.9)
2799	public4:2_699_10	official4	2	10	val2014/COCO_val2014_000000359843.jpg	val2014/COCO_val2014_000000423508.jpg	2087	200332	241651	202641	245273	0.8290137429598884	-0.0028282272284381182	0.1709862570401116	[.75,.9)
2800	public4:2_700_22	official4	2	22	val2014/COCO_val2014_000000330419.jpg	val2014/COCO_val2014_000000177167.jpg	2088	119063	141043	123776	147125	0.8441610005459328	-0.0028627847430441333	0.1558389994540672	[.75,.9)
2801	public4:2_701_2	official4	2	2	val2014/COCO_val2014_000000334006.jpg	val2014/COCO_val2014_000000367509.jpg	2089	57471	187369	58302	153643	0.3067262994412096	0.0727377828794949	0.6932737005587903	[.25,.5)
2802	public4:2_702_74	official4	2	74	val2014/COCO_val2014_000000381699.jpg	val2014/COCO_val2014_000000010793.jpg	1694	13471	18991	13586	15668	0.7093360012637565	0.1577816908475531	0.2906639987362435	[.5,.75)
2803	public4:2_703_26	official4	2	26	val2014/COCO_val2014_000000397658.jpg	val2014/COCO_val2014_000000160480.jpg	890	10983	68717	10216	67299	0.1598294454065224	-0.008029270069593197	0.8401705545934776	[0,.25)
2804	public4:2_704_10	official4	2	10	val2014/COCO_val2014_000000244019.jpg	val2014/COCO_val2014_000000314430.jpg	2090	44402	51751	45422	52782	0.8579930822592801	0.002565441479873476	0.14200691774071994	[.75,.9)
2805	public4:2_705_22	official4	2	22	val2014/COCO_val2014_000000082252.jpg	val2014/COCO_val2014_000000054123.jpg	2091	779722	889931	808366	892954	0.8761600618474915	0.029111654276743337	0.12383993815250849	[.75,.9)
2806	public4:2_706_34	official4	2	34	val2014/COCO_val2014_000000525705.jpg	val2014/COCO_val2014_000000157093.jpg	502	8101	10873	8677	11586	0.7450565621263681	0.0038645495601501434	0.25494343787363194	[.5,.75)
2807	public4:2_707_54	official4	2	54	val2014/COCO_val2014_000000475064.jpg	val2014/COCO_val2014_000000294264.jpg	2092	34103	38358	34369	36349	0.8890713801553782	0.05645669489482952	0.11092861984462177	[.75,.9)
2808	public4:2_708_18	official4	2	18	val2014/COCO_val2014_000000353108.jpg	val2014/COCO_val2014_000000337826.jpg	2093	313436	349631	320663	352305	0.8964765710134399	0.013709205515419987	0.10352342898656008	[.75,.9)
2809	public4:2_709_58	official4	2	58	val2014/COCO_val2014_000000261061.jpg	val2014/COCO_val2014_000000039477.jpg	2094	57401	139240	58272	109704	0.41224504452743466	0.11892975310984383	0.5877549554725654	[.25,.5)
2810	public4:2_710_6	official4	2	6	val2014/COCO_val2014_000000526806.jpg	val2014/COCO_val2014_000000479030.jpg	2095	276447	303359	273754	303046	0.9112866273952643	-0.007945220480142567	0.08871337260473566	[.9,1]
2811	public4:2_711_70	official4	2	70	val2014/COCO_val2014_000000106392.jpg	val2014/COCO_val2014_000000246478.jpg	48	10043	123464	10161	93767	0.08134354953670705	0.027020800394505412	0.9186564504632929	[0,.25)
2812	public4:2_712_26	official4	2	26	val2014/COCO_val2014_000000388903.jpg	val2014/COCO_val2014_000000472160.jpg	2096	16144	58176	16111	51933	0.2775027502750275	0.032723887893381765	0.7224972497249724	[.25,.5)
2813	public4:2_713_50	official4	2	50	val2014/COCO_val2014_000000015278.jpg	val2014/COCO_val2014_000000125245.jpg	2097	684825	723805	695526	725509	0.9461457160423042	0.01252743618599339	0.05385428395769576	[.9,1]
2814	public4:2_714_62	official4	2	62	val2014/COCO_val2014_000000486457.jpg	val2014/COCO_val2014_000000359128.jpg	2098	84725	157174	63425	155816	0.5390522605519997	-0.13200163673929755	0.46094773944800027	[.5,.75)
2815	public4:2_715_46	official4	2	46	val2014/COCO_val2014_000000269314.jpg	val2014/COCO_val2014_000000313337.jpg	48	38184	434710	38876	438755	0.08783786892411033	0.000767389135626878	0.9121621310758896	[0,.25)
2816	public4:2_716_34	official4	2	34	val2014/COCO_val2014_000000379048.jpg	val2014/COCO_val2014_000000370375.jpg	2099	46081	57076	46520	56801	0.8073621136729974	0.011637551825849468	0.19263788632700263	[.75,.9)
2817	public4:2_717_6	official4	2	6	val2014/COCO_val2014_000000130566.jpg	val2014/COCO_val2014_000000089558.jpg	2100	70085	130115	70028	129033	0.5386388963609116	0.004074983034281887	0.46136110363908844	[.5,.75)
2818	public4:2_718_62	official4	2	62	val2014/COCO_val2014_000000403107.jpg	val2014/COCO_val2014_000000435003.jpg	2036	198367	410074	188120	410486	0.48373464301565083	-0.025448611336129467	0.5162653569843492	[.25,.5)
2819	public4:2_719_2	official4	2	2	val2014/COCO_val2014_000000449403.jpg	val2014/COCO_val2014_000000317622.jpg	2101	9604	51556	8448	52174	0.1862828768717511	-0.024363146737967994	0.813717123128249	[0,.25)
2820	public4:2_720_30	official4	2	30	val2014/COCO_val2014_000000574672.jpg	val2014/COCO_val2014_000000061494.jpg	1659	7566	20087	6673	15568	0.3766615223776572	0.051974140520595624	0.6233384776223427	[.25,.5)
2821	public4:2_721_58	official4	2	58	val2014/COCO_val2014_000000110196.jpg	val2014/COCO_val2014_000000367116.jpg	2102	65091	143913	70154	147887	0.45229409434866896	0.02208161142668652	0.547705905651331	[.25,.5)
2822	public4:2_722_6	official4	2	6	val2014/COCO_val2014_000000545581.jpg	val2014/COCO_val2014_000000236837.jpg	2103	22299	34940	19725	29930	0.6382083571837436	0.020829397577365683	0.3617916428162564	[.5,.75)
2823	public4:2_723_26	official4	2	26	val2014/COCO_val2014_000000208761.jpg	val2014/COCO_val2014_000000429706.jpg	681	207843	363689	209932	377708	0.5714855274698988	-0.01568051407330673	0.4285144725301012	[.5,.75)
2824	public4:2_724_66	official4	2	66	val2014/COCO_val2014_000000514504.jpg	val2014/COCO_val2014_000000343552.jpg	389	31383	165479	30957	183316	0.1896494419231443	-0.020777112175604545	0.8103505580768557	[0,.25)
2825	public4:2_725_2	official4	2	2	val2014/COCO_val2014_000000076994.jpg	val2014/COCO_val2014_000000557559.jpg	2104	12660	21635	12767	23956	0.5851629304367922	-0.05222754890398207	0.41483706956320776	[.5,.75)
2826	public4:2_726_70	official4	2	70	val2014/COCO_val2014_000000487349.jpg	val2014/COCO_val2014_000000325505.jpg	48	16873	19703	17075	20021	0.8563670507029386	-0.003512547930849319	0.14363294929706139	[.75,.9)
2827	public4:2_727_78	official4	2	78	val2014/COCO_val2014_000000172886.jpg	val2014/COCO_val2014_000000355124.jpg	306	9608	12164	10215	12806	0.7898717527129234	0.007801213084359104	0.21012824728707657	[.75,.9)
2828	public4:2_728_50	official4	2	50	val2014/COCO_val2014_000000148067.jpg	val2014/COCO_val2014_000000298691.jpg	392	96974	126179	97849	124309	0.7685431014669636	0.018600226851983592	0.23145689853303641	[.75,.9)
2829	public4:2_729_34	official4	2	34	val2014/COCO_val2014_000000563424.jpg	val2014/COCO_val2014_000000397008.jpg	2105	26615	58263	26023	54423	0.45680792269536413	0.021353883893761805	0.5431920773046359	[.25,.5)
2830	public4:2_730_18	official4	2	18	val2014/COCO_val2014_000000233567.jpg	val2014/COCO_val2014_000000306363.jpg	2106	183375	336267	170732	332017	0.5453255894869256	-0.03109890832300921	0.45467441051307445	[.5,.75)
2831	public4:2_731_74	official4	2	74	val2014/COCO_val2014_000000497504.jpg	val2014/COCO_val2014_000000495894.jpg	288	7607	8400	7680	9739	0.9055952380952381	-0.11701324815787284	0.09440476190476188	[.9,1]
2832	public4:2_732_38	official4	2	38	val2014/COCO_val2014_000000282224.jpg	val2014/COCO_val2014_000000249608.jpg	2107	15836	35549	17755	37659	0.44546963346366986	0.025998010393044335	0.5545303665363301	[.25,.5)
2833	public4:2_733_46	official4	2	46	val2014/COCO_val2014_000000165164.jpg	val2014/COCO_val2014_000000475195.jpg	2108	289909	789077	294288	827285	0.36740267426372836	-0.0116752042866346	0.6325973257362716	[.25,.5)
2834	public4:2_734_78	official4	2	78	val2014/COCO_val2014_000000454543.jpg	val2014/COCO_val2014_000000418944.jpg	306	11042	14582	6927	14021	0.7572349471951721	-0.26319029988042997	0.24276505280482785	[.75,.9)
2835	public4:2_735_46	official4	2	46	val2014/COCO_val2014_000000055594.jpg	val2014/COCO_val2014_000000512630.jpg	2109	52633	100505	52530	102013	0.5236853887866275	-0.0087510176770631	0.4763146112133725	[.5,.75)
2836	public4:2_736_78	official4	2	78	val2014/COCO_val2014_000000117759.jpg	val2014/COCO_val2014_000000212058.jpg	306	34325	61263	33931	38914	0.5602892447317304	0.3116591543020364	0.43971075526826964	[.5,.75)
2837	public4:2_737_62	official4	2	62	val2014/COCO_val2014_000000196074.jpg	val2014/COCO_val2014_000000486457.jpg	2098	63856	96576	64297	97235	0.6611994698475812	5.4193956604553506e-05	0.33880053015241884	[.5,.75)
2838	public4:2_738_46	official4	2	46	val2014/COCO_val2014_000000352618.jpg	val2014/COCO_val2014_000000346707.jpg	2110	48130	60492	48740	60426	0.7956423989949084	0.010964028701778483	0.2043576010050916	[.75,.9)
2839	public4:2_739_62	official4	2	62	val2014/COCO_val2014_000000464831.jpg	val2014/COCO_val2014_000000083639.jpg	2111	462	105641	433	106758	0.004373302032354863	-0.0003173998985569271	0.9956266979676451	[0,.25)
2840	public4:2_740_46	official4	2	46	val2014/COCO_val2014_000000163951.jpg	val2014/COCO_val2014_000000177246.jpg	2112	55133	59806	55908	62016	0.9218640270207002	-0.020354739095003627	0.07813597297929975	[.9,1]
2841	public4:2_741_66	official4	2	66	val2014/COCO_val2014_000000526801.jpg	val2014/COCO_val2014_000000008583.jpg	2113	28524	33414	25073	33031	0.8536541569402047	-0.0945793484269899	0.14634584305979526	[.75,.9)
2842	public4:2_742_74	official4	2	74	val2014/COCO_val2014_000000236324.jpg	val2014/COCO_val2014_000000292467.jpg	2114	58051	63812	58146	65392	0.909719175076788	-0.02052783668677094	0.09028082492321199	[.9,1]
2843	public4:2_743_50	official4	2	50	val2014/COCO_val2014_000000149284.jpg	val2014/COCO_val2014_000000081299.jpg	311	37186	46013	37302	45723	0.8081629104818203	0.007662822737784736	0.19183708951817968	[.75,.9)
2844	public4:2_744_66	official4	2	66	val2014/COCO_val2014_000000061101.jpg	val2014/COCO_val2014_000000448928.jpg	2115	17132	49617	17497	48246	0.34528488219763387	0.01737730741394017	0.6547151178023661	[.25,.5)
2845	public4:2_745_38	official4	2	38	val2014/COCO_val2014_000000406129.jpg	val2014/COCO_val2014_000000133090.jpg	825	10763	13020	11375	13299	0.8266513056835637	0.028676162547130346	0.1733486943164363	[.75,.9)
2846	public4:2_746_38	official4	2	38	val2014/COCO_val2014_000000124629.jpg	val2014/COCO_val2014_000000380516.jpg	2116	13705	14554	13193	15495	0.9416655215061152	-0.090229574426412	0.058334478493884845	[.9,1]
2847	public4:2_747_74	official4	2	74	val2014/COCO_val2014_000000225075.jpg	val2014/COCO_val2014_000000450452.jpg	2117	32555	41549	32528	39545	0.7835326963344484	0.03902388477567931	0.21646730366555156	[.75,.9)
2848	public4:2_748_58	official4	2	58	val2014/COCO_val2014_000000472364.jpg	val2014/COCO_val2014_000000428305.jpg	2118	7828	19383	7835	14947	0.4038590517463757	0.12032640352893043	0.5961409482536243	[.25,.5)
2849	public4:2_749_74	official4	2	74	val2014/COCO_val2014_000000178690.jpg	val2014/COCO_val2014_000000418961.jpg	1242	1001	26026	14123	39489	0.038461538461538464	0.3191823623716049	0.9615384615384616	[0,.25)
2850	public4:3_600_15	official4	3	15	val2014/COCO_val2014_000000553698.jpg	val2014/COCO_val2014_000000279145.jpg	1736	221750	245417	221839	241499	0.9035641377736668	0.015027657637494252	0.09643586222633316	[.9,1]
2851	public4:3_601_55	official4	3	55	val2014/COCO_val2014_000000438999.jpg	val2014/COCO_val2014_000000168032.jpg	921	296464	313811	296953	315084	0.9447215043449719	-0.002264889600967157	0.05527849565502807	[.9,1]
2852	public4:3_602_79	official4	3	79	val2014/COCO_val2014_000000246576.jpg	val2014/COCO_val2014_000000184485.jpg	58	5523	12521	5497	12549	0.4410989537576871	-0.0030560818156996628	0.558901046242313	[.25,.5)
2853	public4:3_603_39	official4	3	39	val2014/COCO_val2014_000000418854.jpg	val2014/COCO_val2014_000000017409.jpg	1751	10548	17705	10654	16886	0.5957639085004236	0.03517296228010469	0.4042360914995764	[.5,.75)
2854	public4:3_604_71	official4	3	71	val2014/COCO_val2014_000000365387.jpg	val2014/COCO_val2014_000000157866.jpg	21	28028	31392	27936	30146	0.8928389398572885	0.03385116828309498	0.10716106014271154	[.75,.9)
2855	public4:3_605_79	official4	3	79	val2014/COCO_val2014_000000246576.jpg	val2014/COCO_val2014_000000336431.jpg	58	5324	21756	4774	13352	0.244714101856959	0.11283532893992534	0.755285898143041	[0,.25)
2856	public4:3_606_47	official4	3	47	val2014/COCO_val2014_000000211243.jpg	val2014/COCO_val2014_000000331230.jpg	2119	127669	175668	132094	175724	0.7267629847211786	0.02494992871124946	0.2732370152788214	[.5,.75)
2857	public4:3_607_59	official4	3	59	val2014/COCO_val2014_000000052232.jpg	val2014/COCO_val2014_000000062398.jpg	1380	251371	273320	255371	269371	0.9196948631640568	0.028332207307523283	0.0803051368359432	[.9,1]
2858	public4:3_608_75	official4	3	75	val2014/COCO_val2014_000000161397.jpg	val2014/COCO_val2014_000000124995.jpg	2120	0	108428	0	91590	0.0	0.0	1.0	[0,.25)
2859	public4:3_609_11	official4	3	11	val2014/COCO_val2014_000000239843.jpg	val2014/COCO_val2014_000000391392.jpg	2121	69869	171372	70564	88377	0.4077037088906006	0.3907393249304162	0.5922962911093994	[.25,.5)
2860	public4:3_610_63	official4	3	63	val2014/COCO_val2014_000000096832.jpg	val2014/COCO_val2014_000000565233.jpg	1006	37630	145253	19769	136552	0.25906521724164044	-0.11429252991373606	0.7409347827583596	[.25,.5)
2861	public4:3_611_63	official4	3	63	val2014/COCO_val2014_000000527375.jpg	val2014/COCO_val2014_000000197616.jpg	173	49337	84865	48405	77249	0.5813586284098273	0.045251424794744866	0.4186413715901727	[.5,.75)
2862	public4:3_612_55	official4	3	55	val2014/COCO_val2014_000000405214.jpg	val2014/COCO_val2014_000000020908.jpg	1802	59	362651	245	336889	0.00016269085153494683	0.0005645516526726704	0.999837309148465	[0,.25)
2863	public4:3_613_79	official4	3	79	val2014/COCO_val2014_000000309484.jpg	val2014/COCO_val2014_000000403863.jpg	940	22572	26564	22963	27152	0.8497214274958591	-0.004001038574232729	0.1502785725041409	[.75,.9)
2864	public4:3_614_15	official4	3	15	val2014/COCO_val2014_000000424792.jpg	val2014/COCO_val2014_000000434958.jpg	2122	106370	329732	113410	332710	0.32259531983550277	0.018272102243785504	0.6774046801644973	[.25,.5)
2865	public4:3_615_71	official4	3	71	val2014/COCO_val2014_000000106228.jpg	val2014/COCO_val2014_000000109937.jpg	2123	17201	41281	17255	46928	0.4166807974613018	-0.0489898666737123	0.5833192025386982	[.25,.5)
2866	public4:3_616_55	official4	3	55	val2014/COCO_val2014_000000544246.jpg	val2014/COCO_val2014_000000522418.jpg	2124	708247	766512	628810	791808	0.9239868390840587	-0.1298422989935316	0.07601316091594135	[.9,1]
2867	public4:3_617_3	official4	3	3	val2014/COCO_val2014_000000511145.jpg	val2014/COCO_val2014_000000331185.jpg	2125	82517	99774	82107	91966	0.82703910838495	0.06575822976175638	0.17296089161505002	[.75,.9)
2868	public4:3_618_23	official4	3	23	val2014/COCO_val2014_000000467522.jpg	val2014/COCO_val2014_000000474600.jpg	510	56173	70966	57313	73729	0.791548065270693	-0.014201295342984754	0.208451934729307	[.75,.9)
2869	public4:3_619_51	official4	3	51	val2014/COCO_val2014_000000561889.jpg	val2014/COCO_val2014_000000234147.jpg	1307	13137	161734	13415	161652	0.0812259636192761	0.0017609465333975477	0.9187740363807239	[0,.25)
2870	public4:3_620_71	official4	3	71	val2014/COCO_val2014_000000378709.jpg	val2014/COCO_val2014_000000529069.jpg	2126	9731	48549	9631	49174	0.20043667222805825	-0.004581138816092567	0.7995633277719417	[0,.25)
2871	public4:3_621_35	official4	3	35	val2014/COCO_val2014_000000344832.jpg	val2014/COCO_val2014_000000413124.jpg	900	7921	12349	8128	12661	0.6414284557454045	0.0005429525161861903	0.3585715442545955	[.5,.75)
2872	public4:3_622_35	official4	3	35	val2014/COCO_val2014_000000156935.jpg	val2014/COCO_val2014_000000409291.jpg	470	12716	41399	5541	36110	0.3071571777096065	-0.15370937931580975	0.6928428222903935	[.25,.5)
2873	public4:3_623_11	official4	3	11	val2014/COCO_val2014_000000404229.jpg	val2014/COCO_val2014_000000019532.jpg	2127	115033	200564	114328	201201	0.5735475957799007	-0.005319803671511525	0.42645240422009933	[.5,.75)
2874	public4:3_624_63	official4	3	63	val2014/COCO_val2014_000000489407.jpg	val2014/COCO_val2014_000000222512.jpg	927	34524	56259	34898	57724	0.6136618141097424	-0.009095256005660968	0.3863381858902576	[.5,.75)
2875	public4:3_625_43	official4	3	43	val2014/COCO_val2014_000000233556.jpg	val2014/COCO_val2014_000000265227.jpg	2128	64365	73181	64168	74602	0.8795315724026729	-0.019393774488407844	0.12046842759732712	[.75,.9)
2876	public4:3_626_43	official4	3	43	val2014/COCO_val2014_000000571808.jpg	val2014/COCO_val2014_000000245242.jpg	25	7128	14859	7203	16319	0.47970926711084194	-0.03832192720030819	0.5202907328891581	[.25,.5)
2877	public4:3_627_55	official4	3	55	val2014/COCO_val2014_000000523217.jpg	val2014/COCO_val2014_000000153300.jpg	575	50986	81964	51468	88825	0.6220535845005124	-0.04262211813406147	0.3779464154994876	[.5,.75)
2878	public4:3_628_19	official4	3	19	val2014/COCO_val2014_000000440000.jpg	val2014/COCO_val2014_000000414560.jpg	960	13862	17658	14274	18085	0.7850266168308981	0.004246261244855276	0.21497338316910186	[.75,.9)
2879	public4:3_629_11	official4	3	11	val2014/COCO_val2014_000000153207.jpg	val2014/COCO_val2014_000000088652.jpg	2129	44233	48209	44714	49248	0.9175257731958762	-0.00959042556754619	0.08247422680412375	[.9,1]
2880	public4:3_630_3	official4	3	3	val2014/COCO_val2014_000000043613.jpg	val2014/COCO_val2014_000000174390.jpg	2130	119972	142937	122938	142908	0.8393348118401813	0.020924935689698	0.16066518815981867	[.75,.9)
2881	public4:3_631_55	official4	3	55	val2014/COCO_val2014_000000530265.jpg	val2014/COCO_val2014_000000185559.jpg	2131	38580	43514	40324	42847	0.8866112055890059	0.05450485854617282	0.11338879441099414	[.75,.9)
2882	public4:3_632_23	official4	3	23	val2014/COCO_val2014_000000518721.jpg	val2014/COCO_val2014_000000070079.jpg	2132	282979	406871	326263	405978	0.6955005394830303	0.10814645616698038	0.30449946051696974	[.5,.75)
2883	public4:3_633_55	official4	3	55	val2014/COCO_val2014_000000019275.jpg	val2014/COCO_val2014_000000201925.jpg	2133	11948	119802	12792	100463	0.0997312231849218	0.02759923678541555	0.9002687768150782	[0,.25)
2884	public4:3_634_67	official4	3	67	val2014/COCO_val2014_000000105538.jpg	val2014/COCO_val2014_000000191069.jpg	985	9903	13422	8631	12582	0.7378185069289227	-0.05183853554122597	0.2621814930710773	[.5,.75)
2885	public4:3_635_27	official4	3	27	val2014/COCO_val2014_000000530212.jpg	val2014/COCO_val2014_000000337180.jpg	2134	156315	673071	159118	743880	0.23224147229638478	-0.018338692278102253	0.7677585277036152	[0,.25)
2886	public4:3_636_35	official4	3	35	val2014/COCO_val2014_000000032300.jpg	val2014/COCO_val2014_000000126226.jpg	903	8620	14475	9273	11183	0.5955094991364421	0.2336955442329578	0.40449050086355787	[.5,.75)
2887	public4:3_637_67	official4	3	67	val2014/COCO_val2014_000000215170.jpg	val2014/COCO_val2014_000000458810.jpg	2135	127202	607912	87326	601563	0.20924410111989894	-0.06407892307537161	0.7907558988801011	[0,.25)
2888	public4:3_638_63	official4	3	63	val2014/COCO_val2014_000000085826.jpg	val2014/COCO_val2014_000000210736.jpg	922	142804	151900	143475	153696	0.9401184990125082	-0.006619904384150943	0.05988150098749179	[.9,1]
2889	public4:3_639_27	official4	3	27	val2014/COCO_val2014_000000070240.jpg	val2014/COCO_val2014_000000236068.jpg	1787	6887	20262	7239	21320	0.3398973447833383	-0.00035700707226887785	0.6601026552166618	[.25,.5)
2890	public4:3_640_3	official4	3	3	val2014/COCO_val2014_000000325958.jpg	val2014/COCO_val2014_000000358765.jpg	669	128541	239932	129823	199943	0.5357392927996265	0.11356075771477014	0.4642607072003735	[.5,.75)
2891	public4:3_641_55	official4	3	55	val2014/COCO_val2014_000000556608.jpg	val2014/COCO_val2014_000000056651.jpg	1126	401025	418520	400036	416072	0.9581979355825289	0.0032606581224068343	0.04180206441747114	[.9,1]
2892	public4:3_642_31	official4	3	31	val2014/COCO_val2014_000000483234.jpg	val2014/COCO_val2014_000000379841.jpg	544	179495	225437	184750	226093	0.7962091404693994	0.020932478245023423	0.2037908595306006	[.75,.9)
2893	public4:3_643_51	official4	3	51	val2014/COCO_val2014_000000116206.jpg	val2014/COCO_val2014_000000558864.jpg	996	79476	87400	80264	87706	0.9093363844393593	0.005811952048452307	0.09066361556064073	[.9,1]
2894	public4:3_644_39	official4	3	39	val2014/COCO_val2014_000000193271.jpg	val2014/COCO_val2014_000000014004.jpg	1348	9024	79330	6804	67830	0.11375267868397831	-0.0134430811607585	0.8862473213160217	[0,.25)
2895	public4:3_645_3	official4	3	3	val2014/COCO_val2014_000000018490.jpg	val2014/COCO_val2014_000000132084.jpg	2136	506648	638486	513907	640645	0.7935146581130988	0.008656591174728279	0.20648534188690115	[.75,.9)
2896	public4:3_646_79	official4	3	79	val2014/COCO_val2014_000000165172.jpg	val2014/COCO_val2014_000000514089.jpg	58	31320	56177	22677	49116	0.5575235416629581	-0.0958206342600752	0.44247645833704186	[.5,.75)
2897	public4:3_647_19	official4	3	19	val2014/COCO_val2014_000000382670.jpg	val2014/COCO_val2014_000000111367.jpg	2137	28636	35671	29933	42061	0.8027809705362899	-0.09112409124193177	0.19721902946371006	[.75,.9)
2898	public4:3_648_27	official4	3	27	val2014/COCO_val2014_000000204943.jpg	val2014/COCO_val2014_000000240185.jpg	451	8318	113442	8407	115364	0.07332381304984045	-0.0004501262844717052	0.9266761869501595	[0,.25)
2899	public4:3_649_35	official4	3	35	val2014/COCO_val2014_000000431208.jpg	val2014/COCO_val2014_000000438721.jpg	2138	6981	11889	7256	10350	0.5871814282109513	0.11388137372141582	0.4128185717890487	[.5,.75)
2900	public4:3_650_67	official4	3	67	val2014/COCO_val2014_000000166889.jpg	val2014/COCO_val2014_000000423358.jpg	2139	106686	115307	106881	115925	0.9252343743224609	-0.0032503329163794392	0.07476562567753908	[.9,1]
2901	public4:3_651_23	official4	3	23	val2014/COCO_val2014_000000558736.jpg	val2014/COCO_val2014_000000389699.jpg	517	48629	113547	50224	91203	0.4282719930953702	0.12241164669718047	0.5717280069046298	[.25,.5)
2902	public4:3_652_7	official4	3	7	val2014/COCO_val2014_000000354724.jpg	val2014/COCO_val2014_000000153061.jpg	2140	58005	116367	76084	110234	0.4984660599654541	0.1917384141532389	0.5015339400345459	[.25,.5)
2903	public4:3_653_27	official4	3	27	val2014/COCO_val2014_000000260478.jpg	val2014/COCO_val2014_000000052966.jpg	441	7121	21023	7130	16691	0.3387242543880512	0.08845206818099799	0.6612757456119488	[.25,.5)
2904	public4:3_654_27	official4	3	27	val2014/COCO_val2014_000000549255.jpg	val2014/COCO_val2014_000000560227.jpg	481	43770	51702	43892	50957	0.8465823372403388	0.014771353126048492	0.15341766275966118	[.75,.9)
2905	public4:3_655_51	official4	3	51	val2014/COCO_val2014_000000435576.jpg	val2014/COCO_val2014_000000017152.jpg	2141	28119	300662	34559	303898	0.09352362453519235	0.0201954522603114	0.9064763754648076	[0,.25)
2906	public4:3_656_55	official4	3	55	val2014/COCO_val2014_000000307683.jpg	val2014/COCO_val2014_000000456816.jpg	781	15467	52591	15033	53410	0.29409975090795004	-0.012635605616806045	0.70590024909205	[.25,.5)
2907	public4:3_657_19	official4	3	19	val2014/COCO_val2014_000000156756.jpg	val2014/COCO_val2014_000000397640.jpg	2142	231552	295390	230680	292939	0.7838857104167372	0.0035819876364411307	0.21611428958326284	[.75,.9)
2908	public4:3_658_79	official4	3	79	val2014/COCO_val2014_000000530905.jpg	val2014/COCO_val2014_000000397069.jpg	2143	18911	64036	18110	55513	0.29531825847960524	0.030911633617741296	0.7046817415203948	[.25,.5)
2909	public4:3_659_11	official4	3	11	val2014/COCO_val2014_000000407990.jpg	val2014/COCO_val2014_000000167964.jpg	2144	304768	361355	307506	364754	0.8434033014625507	-0.0003529168197503596	0.15659669853744929	[.75,.9)
2910	public4:3_660_79	official4	3	79	val2014/COCO_val2014_000000432619.jpg	val2014/COCO_val2014_000000070351.jpg	940	10002	30239	9511	14202	0.3307649062468997	0.3389295029912358	0.6692350937531003	[.25,.5)
2911	public4:3_661_55	official4	3	55	val2014/COCO_val2014_000000105234.jpg	val2014/COCO_val2014_000000488522.jpg	1386	22199	130669	22682	51725	0.16988727242115575	0.26862408572287516	0.8301127275788442	[0,.25)
2912	public4:3_662_7	official4	3	7	val2014/COCO_val2014_000000076632.jpg	val2014/COCO_val2014_000000159451.jpg	2145	16471	116928	16901	88172	0.14086446360153257	0.050817703072695064	0.8591355363984674	[0,.25)
2913	public4:3_663_27	official4	3	27	val2014/COCO_val2014_000000172952.jpg	val2014/COCO_val2014_000000035738.jpg	1720	9449	27934	9355	23649	0.33826161666786	0.05731536333129433	0.66173838333214	[.25,.5)
2914	public4:3_664_15	official4	3	15	val2014/COCO_val2014_000000056158.jpg	val2014/COCO_val2014_000000277235.jpg	2146	427117	583011	421504	582018	0.7326053882345273	-0.008394109545551975	0.26739461176547275	[.5,.75)
2915	public4:3_665_15	official4	3	15	val2014/COCO_val2014_000000508952.jpg	val2014/COCO_val2014_000000573181.jpg	2147	203275	213776	205111	217312	0.9508784896340094	-0.007023571359823011	0.04912151036599055	[.9,1]
2916	public4:3_666_43	official4	3	43	val2014/COCO_val2014_000000063939.jpg	val2014/COCO_val2014_000000346940.jpg	2148	5597	16409	4523	12013	0.3410933024559693	0.035415479696698615	0.6589066975440308	[.25,.5)
2917	public4:3_667_79	official4	3	79	val2014/COCO_val2014_000000143767.jpg	val2014/COCO_val2014_000000460866.jpg	1793	6022	13327	6084	13128	0.45186463570195845	0.011572293000052525	0.5481353642980415	[.25,.5)
2918	public4:3_668_63	official4	3	63	val2014/COCO_val2014_000000004795.jpg	val2014/COCO_val2014_000000322577.jpg	2149	127696	136024	127611	136393	0.9387755102040817	-0.0031629787691840328	0.061224489795918324	[.9,1]
2919	public4:3_669_71	official4	3	71	val2014/COCO_val2014_000000560298.jpg	val2014/COCO_val2014_000000333683.jpg	2150	17981	205417	18394	195988	0.08753413787563834	0.006318546982618287	0.9124658621243616	[0,.25)
2920	public4:3_670_27	official4	3	27	val2014/COCO_val2014_000000232790.jpg	val2014/COCO_val2014_000000141634.jpg	2151	151813	396883	148402	393383	0.38251323437889756	-0.00526764928752349	0.6174867656211025	[.25,.5)
2921	public4:3_671_23	official4	3	23	val2014/COCO_val2014_000000221281.jpg	val2014/COCO_val2014_000000032456.jpg	288	133007	176626	144405	181798	0.7530431533296343	0.041272515709628976	0.24695684667036566	[.75,.9)
2922	public4:3_672_39	official4	3	39	val2014/COCO_val2014_000000082554.jpg	val2014/COCO_val2014_000000327807.jpg	155	15389	55414	15154	65135	0.27770960407117334	-0.04505434959969104	0.7222903959288267	[.25,.5)
2923	public4:3_673_27	official4	3	27	val2014/COCO_val2014_000000480757.jpg	val2014/COCO_val2014_000000357383.jpg	441	38709	56686	41483	59689	0.6828670218396077	0.012118653913043564	0.3171329781603923	[.5,.75)
2924	public4:3_674_35	official4	3	35	val2014/COCO_val2014_000000125085.jpg	val2014/COCO_val2014_000000507223.jpg	498	9719	13484	9749	13417	0.720780183921685	0.005835303892282373	0.27921981607831503	[.5,.75)
2925	public4:3_675_63	official4	3	63	val2014/COCO_val2014_000000434511.jpg	val2014/COCO_val2014_000000519471.jpg	13	64239	70150	64120	68378	0.9157377049180327	0.021990804251583174	0.08426229508196725	[.9,1]
2926	public4:3_676_15	official4	3	15	val2014/COCO_val2014_000000561393.jpg	val2014/COCO_val2014_000000411685.jpg	2152	95627	104396	95883	106254	0.9160025288325223	-0.013608266028298455	0.08399747116747769	[.9,1]
2927	public4:3_677_31	official4	3	31	val2014/COCO_val2014_000000074349.jpg	val2014/COCO_val2014_000000183843.jpg	2153	8631	21486	8467	20943	0.40170343479475007	0.002584394074084395	0.5982965652052499	[.25,.5)
2928	public4:3_678_75	official4	3	75	val2014/COCO_val2014_000000291655.jpg	val2014/COCO_val2014_000000207072.jpg	460	92564	106716	91340	102775	0.8673863338206079	0.02135119962624199	0.13261366617939208	[.75,.9)
2929	public4:3_679_23	official4	3	23	val2014/COCO_val2014_000000547783.jpg	val2014/COCO_val2014_000000553081.jpg	2154	113971	136202	117294	140974	0.8367791956065256	-0.0047534319905396805	0.16322080439347442	[.75,.9)
2930	public4:3_680_67	official4	3	67	val2014/COCO_val2014_000000247986.jpg	val2014/COCO_val2014_000000441577.jpg	2155	252971	261251	252851	260729	0.9683063414111334	0.001478377588287505	0.031693658588866636	[.9,1]
2931	public4:3_681_51	official4	3	51	val2014/COCO_val2014_000000442301.jpg	val2014/COCO_val2014_000000512013.jpg	642	244923	260647	244455	261321	0.9396731978499656	-0.004214509110828657	0.060326802150034387	[.9,1]
2932	public4:3_682_35	official4	3	35	val2014/COCO_val2014_000000344832.jpg	val2014/COCO_val2014_000000264572.jpg	900	7853	12293	8185	12836	0.6388188399902384	-0.0011591329163835873	0.36118116000976164	[.5,.75)
2933	public4:3_683_75	official4	3	75	val2014/COCO_val2014_000000326820.jpg	val2014/COCO_val2014_000000445950.jpg	2156	28978	42102	29292	42020	0.6882808417652369	0.00881577889159324	0.31171915823476315	[.5,.75)
2934	public4:3_684_67	official4	3	67	val2014/COCO_val2014_000000191069.jpg	val2014/COCO_val2014_000000245576.jpg	985	92377	202988	93569	205424	0.45508601493684353	0.000406040519188855	0.5449139850631565	[.25,.5)
2935	public4:3_685_75	official4	3	75	val2014/COCO_val2014_000000554859.jpg	val2014/COCO_val2014_000000312167.jpg	487	7397	38893	6887	28931	0.19018846579075926	0.04786068563850346	0.8098115342092407	[0,.25)
2936	public4:3_686_31	official4	3	31	val2014/COCO_val2014_000000258330.jpg	val2014/COCO_val2014_000000346589.jpg	951	5984	28122	6180	28232	0.21278714173956334	0.006113396656582865	0.7872128582604366	[0,.25)
2937	public4:3_687_79	official4	3	79	val2014/COCO_val2014_000000508872.jpg	val2014/COCO_val2014_000000309484.jpg	940	23043	42797	23121	43138	0.5384255905787789	-0.0024480301911856683	0.4615744094212211	[.5,.75)
2938	public4:3_688_7	official4	3	7	val2014/COCO_val2014_000000528729.jpg	val2014/COCO_val2014_000000326919.jpg	2157	10257	107563	10499	114434	0.09535806922454747	-0.003610861226924389	0.9046419307754525	[0,.25)
2939	public4:3_689_35	official4	3	35	val2014/COCO_val2014_000000518224.jpg	val2014/COCO_val2014_000000130579.jpg	2158	8455	12594	8431	11572	0.6713514371923138	0.057217522365238915	0.3286485628076862	[.5,.75)
2940	public4:3_690_55	official4	3	55	val2014/COCO_val2014_000000206579.jpg	val2014/COCO_val2014_000000047801.jpg	2159	40957	72984	43713	71677	0.5611777923928533	0.04868311138381154	0.43882220760714674	[.5,.75)
2941	public4:3_691_19	official4	3	19	val2014/COCO_val2014_000000440900.jpg	val2014/COCO_val2014_000000288501.jpg	2160	113373	127816	114891	129903	0.8870016273393002	-0.002564778305790605	0.11299837266069979	[.75,.9)
2942	public4:3_692_55	official4	3	55	val2014/COCO_val2014_000000486026.jpg	val2014/COCO_val2014_000000468332.jpg	2161	410567	800674	427976	801618	0.5127767356002568	0.021113471455971977	0.4872232643997432	[.5,.75)
2943	public4:3_693_11	official4	3	11	val2014/COCO_val2014_000000104198.jpg	val2014/COCO_val2014_000000024629.jpg	2162	181628	188743	184404	188924	0.962303237735969	0.013771797728027058	0.03769676226403096	[.9,1]
2944	public4:3_694_67	official4	3	67	val2014/COCO_val2014_000000205906.jpg	val2014/COCO_val2014_000000503518.jpg	2064	27693	165388	27759	131361	0.16744261977894406	0.043875808064936545	0.832557380221056	[0,.25)
2945	public4:3_695_7	official4	3	7	val2014/COCO_val2014_000000290798.jpg	val2014/COCO_val2014_000000064510.jpg	1114	35886	142198	24882	126610	0.25236641865567727	-0.055841657578353215	0.7476335813443227	[.25,.5)
2946	public4:3_696_19	official4	3	19	val2014/COCO_val2014_000000489391.jpg	val2014/COCO_val2014_000000131390.jpg	2163	275790	342085	272543	343472	0.8062031366473245	-0.01270905270452849	0.19379686335267554	[.75,.9)
2947	public4:3_697_31	official4	3	31	val2014/COCO_val2014_000000465986.jpg	val2014/COCO_val2014_000000523816.jpg	2164	14929	21877	15507	22124	0.6824061800063994	0.018506855611029605	0.3175938199936006	[.5,.75)
2948	public4:3_698_71	official4	3	71	val2014/COCO_val2014_000000192440.jpg	val2014/COCO_val2014_000000355776.jpg	2165	62186	70865	62061	72737	0.8775276935017287	-0.024303062296152422	0.12247230649827134	[.75,.9)
2949	public4:3_699_3	official4	3	3	val2014/COCO_val2014_000000361382.jpg	val2014/COCO_val2014_000000471488.jpg	2166	171031	206411	174427	208297	0.8285944063058654	0.008801235494064419	0.17140559369413455	[.75,.9)
2950	public4:3_700_7	official4	3	7	val2014/COCO_val2014_000000134459.jpg	val2014/COCO_val2014_000000110369.jpg	2167	11184	14785	10250	14395	0.7564423402096719	-0.04438954409991158	0.24355765979032806	[.75,.9)
2951	public4:3_701_39	official4	3	39	val2014/COCO_val2014_000000533449.jpg	val2014/COCO_val2014_000000233376.jpg	2168	50896	61194	51340	62272	0.831715527666111	-0.007267942876799549	0.168284472333889	[.75,.9)
2952	public4:3_702_7	official4	3	7	val2014/COCO_val2014_000000559171.jpg	val2014/COCO_val2014_000000505890.jpg	2169	47885	389332	49034	429547	0.12299271572847852	-0.008839898923798231	0.8770072842715215	[0,.25)
2953	public4:3_703_31	official4	3	31	val2014/COCO_val2014_000000422017.jpg	val2014/COCO_val2014_000000097679.jpg	461	60445	63641	60796	64643	0.9497808016844487	-0.009292272377331101	0.05021919831555133	[.9,1]
2954	public4:3_704_75	official4	3	75	val2014/COCO_val2014_000000492470.jpg	val2014/COCO_val2014_000000116696.jpg	2170	13338	168322	4731	168245	0.07924097860053944	-0.051121272219963494	0.9207590213994605	[0,.25)
2955	public4:3_705_47	official4	3	47	val2014/COCO_val2014_000000534983.jpg	val2014/COCO_val2014_000000156242.jpg	2171	72687	117602	73674	109399	0.6180762231934831	0.055366861295406244	0.3819237768065169	[.5,.75)
2956	public4:3_706_15	official4	3	15	val2014/COCO_val2014_000000425390.jpg	val2014/COCO_val2014_000000280736.jpg	2172	182756	422472	153302	420518	0.43258724838569185	-0.06803210449173247	0.5674127516143082	[.25,.5)
2957	public4:3_707_19	official4	3	19	val2014/COCO_val2014_000000115077.jpg	val2014/COCO_val2014_000000305978.jpg	2173	46790	54549	43344	55199	0.8577609122073732	-0.07252929569258126	0.14223908779262684	[.75,.9)
2958	public4:3_708_19	official4	3	19	val2014/COCO_val2014_000000470145.jpg	val2014/COCO_val2014_000000540372.jpg	1809	18096	25845	19061	27281	0.7001741149158445	-0.0014827179729171025	0.29982588508415553	[.5,.75)
2959	public4:3_709_35	official4	3	35	val2014/COCO_val2014_000000451879.jpg	val2014/COCO_val2014_000000231610.jpg	2174	15352	30089	15407	29979	0.51021968161122	0.003706733546056773	0.48978031838878	[.5,.75)
2960	public4:3_710_19	official4	3	19	val2014/COCO_val2014_000000111325.jpg	val2014/COCO_val2014_000000166287.jpg	1364	359045	414598	368712	415350	0.8660075543056165	0.021706421859063907	0.1339924456943835	[.75,.9)
2961	public4:3_711_27	official4	3	27	val2014/COCO_val2014_000000147624.jpg	val2014/COCO_val2014_000000460683.jpg	451	57624	66061	57190	65841	0.8722847065590893	-0.003677000114776452	0.1277152934409107	[.75,.9)
2962	public4:3_712_79	official4	3	79	val2014/COCO_val2014_000000044504.jpg	val2014/COCO_val2014_000000361815.jpg	940	51228	71302	48698	69319	0.7184651201929819	-0.01594488764490709	0.2815348798070181	[.5,.75)
2963	public4:3_713_23	official4	3	23	val2014/COCO_val2014_000000364075.jpg	val2014/COCO_val2014_000000086559.jpg	2175	270543	309664	274457	310981	0.8736662963728429	0.008886013896916345	0.12633370362715712	[.75,.9)
2964	public4:3_714_11	official4	3	11	val2014/COCO_val2014_000000110626.jpg	val2014/COCO_val2014_000000453870.jpg	941	41095	42784	41722	43919	0.9605226252804787	-0.010546532928649155	0.039477374719521285	[.9,1]
2965	public4:3_715_7	official4	3	7	val2014/COCO_val2014_000000488278.jpg	val2014/COCO_val2014_000000237495.jpg	2176	0	120379	0	125880	0.0	0.0	1.0	[0,.25)
2966	public4:3_716_63	official4	3	63	val2014/COCO_val2014_000000117223.jpg	val2014/COCO_val2014_000000480400.jpg	2177	143390	245597	151835	245813	0.5838426365142897	0.03384235166778371	0.4161573634857103	[.5,.75)
2967	public4:3_717_75	official4	3	75	val2014/COCO_val2014_000000135708.jpg	val2014/COCO_val2014_000000326820.jpg	2156	20581	25108	21607	25450	0.8196989007487653	0.029299134614692468	0.18030109925123472	[.75,.9)
2968	public4:3_718_63	official4	3	63	val2014/COCO_val2014_000000137888.jpg	val2014/COCO_val2014_000000249506.jpg	2178	238469	266808	236114	266691	0.8937850439267189	-0.008438331814199174	0.10621495607328113	[.75,.9)
2969	public4:3_719_75	official4	3	75	val2014/COCO_val2014_000000207072.jpg	val2014/COCO_val2014_000000364699.jpg	460	85164	551517	85511	553851	0.15441772420433098	-2.4214036433822805e-05	0.845582275795669	[0,.25)
2970	public4:3_720_63	official4	3	63	val2014/COCO_val2014_000000190722.jpg	val2014/COCO_val2014_000000230501.jpg	2179	30848	88376	11524	88910	0.34905404182130895	-0.21943982519775704	0.650945958178691	[.25,.5)
2971	public4:3_721_23	official4	3	23	val2014/COCO_val2014_000000304556.jpg	val2014/COCO_val2014_000000548296.jpg	2180	296583	323700	301786	324277	0.9162279888785912	0.014414640725111783	0.08377201112140875	[.9,1]
2972	public4:3_722_31	official4	3	31	val2014/COCO_val2014_000000272949.jpg	val2014/COCO_val2014_000000097679.jpg	461	42557	147972	42825	152791	0.2876017084313248	-0.007316874900554049	0.7123982915686752	[.25,.5)
2973	public4:3_723_3	official4	3	3	val2014/COCO_val2014_000000429633.jpg	val2014/COCO_val2014_000000143556.jpg	495	119308	165544	125629	165608	0.7207026530710868	0.03788992699750893	0.27929734692891317	[.5,.75)
2974	public4:3_724_79	official4	3	79	val2014/COCO_val2014_000000184485.jpg	val2014/COCO_val2014_000000323356.jpg	58	43661	47955	42995	48893	0.9104577207798978	-0.031088485920101938	0.08954227922010216	[.9,1]
2975	public4:3_725_51	official4	3	51	val2014/COCO_val2014_000000167952.jpg	val2014/COCO_val2014_000000205513.jpg	1754	45327	265245	44610	268560	0.17088729288016738	-0.004779160619220096	0.8291127071198326	[0,.25)
2976	public4:3_726_51	official4	3	51	val2014/COCO_val2014_000000298994.jpg	val2014/COCO_val2014_000000419723.jpg	2181	12134	239054	12079	177137	0.050758406050515785	0.017431751849866402	0.9492415939494843	[0,.25)
2977	public4:3_727_27	official4	3	27	val2014/COCO_val2014_000000303685.jpg	val2014/COCO_val2014_000000337180.jpg	2134	299590	477579	300355	489275	0.6273098272746499	-0.013432151121157476	0.3726901727253501	[.5,.75)
2978	public4:3_728_43	official4	3	43	val2014/COCO_val2014_000000569926.jpg	val2014/COCO_val2014_000000043957.jpg	2182	45102	48240	45265	50391	0.9349502487562189	-0.03667476305440709	0.0650497512437811	[.9,1]
2979	public4:3_729_63	official4	3	63	val2014/COCO_val2014_000000459825.jpg	val2014/COCO_val2014_000000183319.jpg	2183	40157	178970	28767	164783	0.22437838743923563	-0.04980334025597036	0.7756216125607643	[0,.25)
2980	public4:3_730_35	official4	3	35	val2014/COCO_val2014_000000136501.jpg	val2014/COCO_val2014_000000264572.jpg	900	7579	8657	7664	9147	0.8754764930114358	-0.0376061530092493	0.12452350698856418	[.75,.9)
2981	public4:3_731_15	official4	3	15	val2014/COCO_val2014_000000446626.jpg	val2014/COCO_val2014_000000145512.jpg	2184	116154	127699	114436	127135	0.9095920876435994	-0.009478035651622418	0.09040791235640055	[.9,1]
2982	public4:3_732_23	official4	3	23	val2014/COCO_val2014_000000006896.jpg	val2014/COCO_val2014_000000040926.jpg	2185	83454	99587	84345	101843	0.8380009438982999	-0.009814421505990212	0.16199905610170007	[.75,.9)
2983	public4:3_733_31	official4	3	31	val2014/COCO_val2014_000000110769.jpg	val2014/COCO_val2014_000000151965.jpg	2186	25376	33817	25505	34284	0.7503918147677203	-0.00645878478288775	0.24960818523227968	[.75,.9)
2984	public4:3_734_51	official4	3	51	val2014/COCO_val2014_000000213881.jpg	val2014/COCO_val2014_000000019723.jpg	1706	181206	192638	183846	193287	0.9406555300615662	0.010500005489195052	0.059344469938433786	[.9,1]
2985	public4:3_735_71	official4	3	71	val2014/COCO_val2014_000000137402.jpg	val2014/COCO_val2014_000000146730.jpg	2187	93903	121195	94066	115995	0.7748091917983415	0.03613955599251151	0.2251908082016585	[.75,.9)
2986	public4:3_736_59	official4	3	59	val2014/COCO_val2014_000000467437.jpg	val2014/COCO_val2014_000000221000.jpg	2188	164528	683546	164840	690760	0.24069777308330384	-0.0020620674836744346	0.7593022269166961	[0,.25)
2987	public4:3_737_79	official4	3	79	val2014/COCO_val2014_000000466052.jpg	val2014/COCO_val2014_000000576743.jpg	58	27089	30539	26354	30368	0.8870296997282163	-0.01920830879038704	0.11297030027178367	[.75,.9)
2988	public4:3_738_51	official4	3	51	val2014/COCO_val2014_000000351319.jpg	val2014/COCO_val2014_000000396224.jpg	1691	128991	297930	130961	310009	0.43295740610210454	-0.01051483185426011	0.5670425938978955	[.25,.5)
2989	public4:3_739_19	official4	3	19	val2014/COCO_val2014_000000295194.jpg	val2014/COCO_val2014_000000195204.jpg	1159	39625	57805	39110	52227	0.6854943344001384	0.06335204773936798	0.3145056655998616	[.5,.75)
2990	public4:3_740_7	official4	3	7	val2014/COCO_val2014_000000035176.jpg	val2014/COCO_val2014_000000453427.jpg	174	0	323616	0	316940	0.0	0.0	1.0	[0,.25)
2991	public4:3_741_27	official4	3	27	val2014/COCO_val2014_000000345595.jpg	val2014/COCO_val2014_000000207585.jpg	7	1925	41294	0	33020	0.04661694192860948	-0.04661694192860948	0.9533830580713906	[0,.25)
2992	public4:3_742_59	official4	3	59	val2014/COCO_val2014_000000570995.jpg	val2014/COCO_val2014_000000178025.jpg	2189	1906	286488	45	256966	0.006652983720086007	-0.006477863276136224	0.993347016279914	[0,.25)
2993	public4:3_743_75	official4	3	75	val2014/COCO_val2014_000000176232.jpg	val2014/COCO_val2014_000000108853.jpg	2190	58324	62353	59127	63142	0.9353840232226196	0.0010291407569819055	0.0646159767773804	[.9,1]
2994	public4:3_744_47	official4	3	47	val2014/COCO_val2014_000000411832.jpg	val2014/COCO_val2014_000000353935.jpg	2191	22185	24706	22477	25267	0.8979600097142395	-0.008380716565072555	0.1020399902857605	[.75,.9)
2995	public4:3_745_23	official4	3	23	val2014/COCO_val2014_000000492075.jpg	val2014/COCO_val2014_000000254892.jpg	1418	103173	118918	103570	119218	0.8675978405287678	0.0011468121243550788	0.13240215947123224	[.75,.9)
2996	public4:3_746_59	official4	3	59	val2014/COCO_val2014_000000503992.jpg	val2014/COCO_val2014_000000287858.jpg	2192	209796	692138	211464	719502	0.3031129630218251	-0.00920967991767807	0.6968870369781749	[.25,.5)
2997	public4:3_747_3	official4	3	3	val2014/COCO_val2014_000000360673.jpg	val2014/COCO_val2014_000000356387.jpg	2193	267672	357149	286919	354438	0.7494687091382028	0.0600353508102226	0.25053129086179715	[.5,.75)
2998	public4:3_748_47	official4	3	47	val2014/COCO_val2014_000000158660.jpg	val2014/COCO_val2014_000000187888.jpg	434	66698	71243	65516	70336	0.9362042586640091	-0.00473246612533762	0.06379574133599086	[.9,1]
2999	public4:3_749_67	official4	3	67	val2014/COCO_val2014_000000419119.jpg	val2014/COCO_val2014_000000438851.jpg	2194	14044	28068	14476	21778	0.5003562776115149	0.1643512253731485	0.4996437223884851	[.5,.75)
3000	public5:0_750_24	official5	0	24	val2014/COCO_val2014_000000056002.jpg	val2014/COCO_val2014_000000532747.jpg	2195	50354	254342	50643	262270	0.19797752632282517	-0.004882624122802298	0.8020224736771748	[0,.25)
3001	public5:0_751_64	official5	0	64	val2014/COCO_val2014_000000363840.jpg	val2014/COCO_val2014_000000473069.jpg	2196	6859	56326	7077	52063	0.12177324858857366	0.014158219056394944	0.8782267514114264	[0,.25)
3002	public5:0_752_0	official5	0	0	val2014/COCO_val2014_000000215114.jpg	val2014/COCO_val2014_000000208174.jpg	2197	70095	94705	65640	87922	0.7401404360910194	0.006430388048558888	0.2598595639089806	[.5,.75)
3003	public5:0_753_60	official5	0	60	val2014/COCO_val2014_000000534887.jpg	val2014/COCO_val2014_000000511658.jpg	2198	295088	330037	294662	331531	0.8941058123786121	-0.005314115674533104	0.10589418762138791	[.75,.9)
3004	public5:0_754_20	official5	0	20	val2014/COCO_val2014_000000080274.jpg	val2014/COCO_val2014_000000568131.jpg	2199	226668	245876	230178	248954	0.9218793212838992	0.0027011232962240728	0.07812067871610084	[.9,1]
3005	public5:0_755_76	official5	0	76	val2014/COCO_val2014_000000190156.jpg	val2014/COCO_val2014_000000197336.jpg	48	7051	111896	7884	47069	0.06301387002216344	0.10448490836700991	0.9369861299778366	[0,.25)
3006	public5:0_756_64	official5	0	64	val2014/COCO_val2014_000000427083.jpg	val2014/COCO_val2014_000000487774.jpg	2200	13732	16643	13718	16723	0.8250916301147629	-0.004784268995346563	0.17490836988523706	[.75,.9)
3007	public5:0_757_64	official5	0	64	val2014/COCO_val2014_000000093948.jpg	val2014/COCO_val2014_000000057403.jpg	180	8951	11157	8962	10448	0.8022765976516985	0.055495224706647694	0.19772340234830155	[.75,.9)
3008	public5:0_758_8	official5	0	8	val2014/COCO_val2014_000000043290.jpg	val2014/COCO_val2014_000000112800.jpg	2201	159061	212727	161104	208993	0.74772360819266	0.02313474591489384	0.25227639180733996	[.5,.75)
3009	public5:0_759_40	official5	0	40	val2014/COCO_val2014_000000034212.jpg	val2014/COCO_val2014_000000021993.jpg	2202	6544	34630	6035	37212	0.18896910193473868	-0.02679023490259852	0.8110308980652613	[0,.25)
3010	public5:0_760_24	official5	0	24	val2014/COCO_val2014_000000159233.jpg	val2014/COCO_val2014_000000517889.jpg	2203	20782	31714	21767	32152	0.6552941918395662	0.021708793977801344	0.34470580816043384	[.5,.75)
3011	public5:0_761_68	official5	0	68	val2014/COCO_val2014_000000484721.jpg	val2014/COCO_val2014_000000518177.jpg	2204	409669	434167	412375	443373	0.9435747074282477	-0.013488752712917718	0.05642529257175233	[.9,1]
3012	public5:0_762_68	official5	0	68	val2014/COCO_val2014_000000179322.jpg	val2014/COCO_val2014_000000059383.jpg	2205	336874	363383	339932	363781	0.9270494216845587	0.007391904278039596	0.07295057831544127	[.9,1]
3013	public5:0_763_32	official5	0	32	val2014/COCO_val2014_000000226744.jpg	val2014/COCO_val2014_000000294035.jpg	1906	406211	431500	408787	438172	0.9413928157589803	-0.008455521728325643	0.05860718424101974	[.9,1]
3014	public5:0_764_68	official5	0	68	val2014/COCO_val2014_000000030932.jpg	val2014/COCO_val2014_000000447787.jpg	656	33257	70015	34771	51744	0.47499821466828535	0.19698307784872143	0.5250017853317146	[.25,.5)
3015	public5:0_765_52	official5	0	52	val2014/COCO_val2014_000000364993.jpg	val2014/COCO_val2014_000000404642.jpg	2206	280797	311830	283736	308134	0.9004810313311741	0.020339131325332493	0.09951896866882592	[.9,1]
3016	public5:0_766_52	official5	0	52	val2014/COCO_val2014_000000549780.jpg	val2014/COCO_val2014_000000553667.jpg	2207	193533	330042	204019	332557	0.5863890050357228	0.02709680341215237	0.4136109949642772	[.5,.75)
3017	public5:0_767_32	official5	0	32	val2014/COCO_val2014_000000399532.jpg	val2014/COCO_val2014_000000524979.jpg	2208	23345	24945	23577	25533	0.9358588895570255	-0.012465633770396334	0.06414111044297455	[.9,1]
3018	public5:0_768_48	official5	0	48	val2014/COCO_val2014_000000227985.jpg	val2014/COCO_val2014_000000254838.jpg	2209	315086	439934	315753	440229	0.7162119772511332	0.0010351827496846155	0.28378802274886683	[.5,.75)
3019	public5:0_769_72	official5	0	72	val2014/COCO_val2014_000000053569.jpg	val2014/COCO_val2014_000000022705.jpg	1615	67107	78433	66709	74001	0.8555964963727003	0.0458642946976906	0.1444035036272997	[.75,.9)
3020	public5:0_770_36	official5	0	36	val2014/COCO_val2014_000000315384.jpg	val2014/COCO_val2014_000000323602.jpg	2210	13412	394659	13694	405640	0.033983768265768675	-0.0002247701393511617	0.9660162317342313	[0,.25)
3021	public5:0_771_28	official5	0	28	val2014/COCO_val2014_000000218891.jpg	val2014/COCO_val2014_000000326702.jpg	2211	25928	80463	23283	60771	0.32223506456383677	0.060891755794557856	0.6777649354361632	[.25,.5)
3022	public5:0_772_28	official5	0	28	val2014/COCO_val2014_000000306467.jpg	val2014/COCO_val2014_000000550477.jpg	2212	38948	45057	39068	45966	0.864416183944781	-0.014483625096937014	0.13558381605521896	[.75,.9)
3023	public5:0_773_4	official5	0	4	val2014/COCO_val2014_000000002881.jpg	val2014/COCO_val2014_000000279649.jpg	2213	6807	10857	8166	13478	0.6269687759049462	-0.021092533138957092	0.37303122409505385	[.5,.75)
3024	public5:0_774_56	official5	0	56	val2014/COCO_val2014_000000519569.jpg	val2014/COCO_val2014_000000185802.jpg	2214	101181	158424	99089	156578	0.6386721708831995	-0.005831031004033815	0.3613278291168005	[.5,.75)
3025	public5:0_775_76	official5	0	76	val2014/COCO_val2014_000000188509.jpg	val2014/COCO_val2014_000000108021.jpg	2215	92045	125777	92450	120604	0.7318110624358984	0.03474726067112954	0.26818893756410156	[.5,.75)
3026	public5:0_776_16	official5	0	16	val2014/COCO_val2014_000000146773.jpg	val2014/COCO_val2014_000000048731.jpg	2216	20394	32068	20406	31358	0.6359610826992641	0.014781949381863502	0.3640389173007359	[.5,.75)
3027	public5:0_777_68	official5	0	68	val2014/COCO_val2014_000000020268.jpg	val2014/COCO_val2014_000000335473.jpg	2217	299245	408582	356440	404760	0.7323988819869696	0.148221732698276	0.26760111801303044	[.5,.75)
3028	public5:0_778_40	official5	0	40	val2014/COCO_val2014_000000505862.jpg	val2014/COCO_val2014_000000205811.jpg	123	16789	49927	18166	26445	0.33627095559516895	0.35066419282608274	0.663729044404831	[.25,.5)
3029	public5:0_779_16	official5	0	16	val2014/COCO_val2014_000000221523.jpg	val2014/COCO_val2014_000000201918.jpg	2218	85090	100564	82208	101299	0.8461278389881071	-0.034589719164614285	0.15387216101189294	[.75,.9)
3030	public5:0_780_36	official5	0	36	val2014/COCO_val2014_000000230964.jpg	val2014/COCO_val2014_000000180135.jpg	2219	7176	9421	7352	9085	0.7617025793440186	0.0475434305624205	0.23829742065598136	[.75,.9)
3031	public5:0_781_8	official5	0	8	val2014/COCO_val2014_000000281722.jpg	val2014/COCO_val2014_000000326217.jpg	431	73476	111171	71764	110727	0.6609277599373937	-0.012811221062503209	0.3390722400626063	[.5,.75)
3032	public5:0_782_20	official5	0	20	val2014/COCO_val2014_000000263860.jpg	val2014/COCO_val2014_000000207264.jpg	137	555919	600325	552396	603547	0.9260300670470162	-0.010780716126541079	0.07396993295298382	[.9,1]
3033	public5:0_783_0	official5	0	0	val2014/COCO_val2014_000000005060.jpg	val2014/COCO_val2014_000000509811.jpg	2220	59874	64414	59715	63835	0.9295184276710032	0.005940176542985953	0.07048157232899677	[.9,1]
3034	public5:0_784_4	official5	0	4	val2014/COCO_val2014_000000093411.jpg	val2014/COCO_val2014_000000480223.jpg	2221	248042	373670	240913	356547	0.6637996092809163	0.011884101422020454	0.3362003907190837	[.5,.75)
3035	public5:0_785_20	official5	0	20	val2014/COCO_val2014_000000287574.jpg	val2014/COCO_val2014_000000074309.jpg	2222	191977	225034	192333	224218	0.8531021978900966	0.004692448391647064	0.14689780210990344	[.75,.9)
3036	public5:0_786_52	official5	0	52	val2014/COCO_val2014_000000353295.jpg	val2014/COCO_val2014_000000279730.jpg	1447	317548	352642	275302	351437	0.9004826424532528	-0.11712175558021443	0.09951735754674718	[.9,1]
3037	public5:0_787_24	official5	0	24	val2014/COCO_val2014_000000251044.jpg	val2014/COCO_val2014_000000404655.jpg	2223	11160	197234	6088	191334	0.05658253647951165	-0.024763832015067273	0.9434174635204884	[0,.25)
3038	public5:0_788_52	official5	0	52	val2014/COCO_val2014_000000150703.jpg	val2014/COCO_val2014_000000063290.jpg	2224	115649	126363	116669	130501	0.9152125226529918	-0.021204047622149114	0.0847874773470082	[.9,1]
3039	public5:0_789_48	official5	0	48	val2014/COCO_val2014_000000163589.jpg	val2014/COCO_val2014_000000404243.jpg	569	77809	174857	83184	171624	0.4449864746621525	0.03970098163766567	0.5550135253378474	[.25,.5)
3040	public5:0_790_76	official5	0	76	val2014/COCO_val2014_000000089738.jpg	val2014/COCO_val2014_000000421069.jpg	2225	48592	67642	65699	73816	0.7183702433399367	0.17166714692775598	0.2816297566600633	[.5,.75)
3041	public5:0_791_52	official5	0	52	val2014/COCO_val2014_000000516856.jpg	val2014/COCO_val2014_000000051079.jpg	2226	11019	13276	10987	13523	0.8299939740885809	-0.01752632637727425	0.1700060259114191	[.75,.9)
3042	public5:0_792_56	official5	0	56	val2014/COCO_val2014_000000207108.jpg	val2014/COCO_val2014_000000505862.jpg	123	10927	57367	11448	32521	0.19047536039883556	0.1615433352132305	0.8095246396011644	[0,.25)
3043	public5:0_793_52	official5	0	52	val2014/COCO_val2014_000000152482.jpg	val2014/COCO_val2014_000000577128.jpg	679	24111	27729	23850	27658	0.8695228821811101	-0.007204565600012369	0.13047711781888993	[.75,.9)
3044	public5:0_794_56	official5	0	56	val2014/COCO_val2014_000000349915.jpg	val2014/COCO_val2014_000000320039.jpg	328	22949	123991	18333	104996	0.18508601430749005	-0.01047936262552121	0.81491398569251	[0,.25)
3045	public5:0_795_68	official5	0	68	val2014/COCO_val2014_000000581437.jpg	val2014/COCO_val2014_000000520264.jpg	2227	24119	30298	23970	29713	0.7960591458182058	0.010658452539415442	0.2039408541817942	[.75,.9)
3046	public5:0_796_72	official5	0	72	val2014/COCO_val2014_000000136355.jpg	val2014/COCO_val2014_000000208991.jpg	90	56301	59986	56369	61332	0.938568999433201	-0.01948923682966619	0.061431000566798954	[.9,1]
3047	public5:0_797_76	official5	0	76	val2014/COCO_val2014_000000562030.jpg	val2014/COCO_val2014_000000424225.jpg	1115	14680	17411	15406	18301	0.8431451381310666	-0.0013332152853204882	0.15685486186893338	[.75,.9)
3048	public5:0_798_48	official5	0	48	val2014/COCO_val2014_000000037655.jpg	val2014/COCO_val2014_000000140963.jpg	1059	37819	76050	38265	77431	0.4972912557527942	-0.003109338949446705	0.5027087442472058	[.25,.5)
3049	public5:0_799_52	official5	0	52	val2014/COCO_val2014_000000324845.jpg	val2014/COCO_val2014_000000311744.jpg	1463	6509	238853	944	266763	0.027251070742255697	-0.023712349105446992	0.9727489292577443	[0,.25)
3050	public5:0_800_16	official5	0	16	val2014/COCO_val2014_000000462840.jpg	val2014/COCO_val2014_000000477111.jpg	1011	294283	314320	295846	317656	0.936252863324001	-0.004912041806384493	0.06374713667599896	[.9,1]
3051	public5:0_801_68	official5	0	68	val2014/COCO_val2014_000000146961.jpg	val2014/COCO_val2014_000000246327.jpg	2228	22939	27175	21525	26156	0.8441214351425943	-0.02117450136067045	0.1558785648574057	[.75,.9)
3052	public5:0_802_52	official5	0	52	val2014/COCO_val2014_000000569001.jpg	val2014/COCO_val2014_000000271215.jpg	103	88331	130226	89036	129471	0.6782900496060694	0.009400630160055767	0.3217099503939306	[.5,.75)
3053	public5:0_803_28	official5	0	28	val2014/COCO_val2014_000000015918.jpg	val2014/COCO_val2014_000000332432.jpg	560	38929	64219	38950	63674	0.606191314097074	0.005518331912286123	0.39380868590292595	[.5,.75)
3054	public5:0_804_44	official5	0	44	val2014/COCO_val2014_000000132059.jpg	val2014/COCO_val2014_000000412592.jpg	894	26485	33465	14897	32938	0.7914238756910205	-0.33914990641541176	0.20857612430897954	[.75,.9)
3055	public5:0_805_28	official5	0	28	val2014/COCO_val2014_000000068128.jpg	val2014/COCO_val2014_000000441736.jpg	2229	14418	19415	12631	17146	0.7426216842647437	-0.0059484076987808	0.25737831573525627	[.5,.75)
3056	public5:0_806_12	official5	0	12	val2014/COCO_val2014_000000211653.jpg	val2014/COCO_val2014_000000058174.jpg	264	654868	759485	674123	770361	0.8622527107184473	0.01282144282774722	0.13774728928155267	[.75,.9)
3057	public5:0_807_20	official5	0	20	val2014/COCO_val2014_000000158945.jpg	val2014/COCO_val2014_000000144468.jpg	2230	240947	269528	244102	269859	0.8939590691876169	0.010594790420548783	0.10604093081238308	[.75,.9)
3058	public5:0_808_40	official5	0	40	val2014/COCO_val2014_000000163255.jpg	val2014/COCO_val2014_000000567825.jpg	2231	179709	246940	180203	246901	0.7277435814367863	0.002115754896399924	0.2722564185632137	[.5,.75)
3059	public5:0_809_72	official5	0	72	val2014/COCO_val2014_000000203119.jpg	val2014/COCO_val2014_000000073861.jpg	2232	29074	33619	28357	33623	0.8648085903804397	-0.0214275714350749	0.13519140961956033	[.75,.9)
3060	public5:0_810_52	official5	0	52	val2014/COCO_val2014_000000364853.jpg	val2014/COCO_val2014_000000492362.jpg	82	16274	20414	14792	20177	0.7971980013716077	-0.06408604221018621	0.20280199862839232	[.75,.9)
3061	public5:0_811_4	official5	0	4	val2014/COCO_val2014_000000179415.jpg	val2014/COCO_val2014_000000304063.jpg	2233	10405	104280	9830	97687	0.09977943996931339	0.0008480744389497419	0.9002205600306866	[0,.25)
3062	public5:0_812_56	official5	0	56	val2014/COCO_val2014_000000115229.jpg	val2014/COCO_val2014_000000246308.jpg	2234	55675	75700	55461	75685	0.7354689564068693	-0.00268174625954809	0.26453104359313073	[.5,.75)
3063	public5:0_813_0	official5	0	0	val2014/COCO_val2014_000000049060.jpg	val2014/COCO_val2014_000000456730.jpg	1470	19113	28175	21320	30553	0.6783673469387755	0.01943646938040755	0.32163265306122446	[.5,.75)
3064	public5:0_814_48	official5	0	48	val2014/COCO_val2014_000000366683.jpg	val2014/COCO_val2014_000000482225.jpg	569	29328	41153	32817	39292	0.7126576434281826	0.12255054144405597	0.2873423565718174	[.5,.75)
3065	public5:0_815_52	official5	0	52	val2014/COCO_val2014_000000346880.jpg	val2014/COCO_val2014_000000236996.jpg	2235	222997	232208	225380	235501	0.960332977330669	-0.003309440275624631	0.039667022669330976	[.9,1]
3066	public5:0_816_76	official5	0	76	val2014/COCO_val2014_000000410924.jpg	val2014/COCO_val2014_000000537692.jpg	617	168809	213393	172819	222246	0.7910709348479097	-0.013468638293640978	0.2089290651520903	[.75,.9)
3067	public5:0_817_24	official5	0	24	val2014/COCO_val2014_000000285462.jpg	val2014/COCO_val2014_000000443224.jpg	2236	704	103251	0	93377	0.006818335899894432	-0.006818335899894432	0.9931816641001056	[0,.25)
3068	public5:0_818_12	official5	0	12	val2014/COCO_val2014_000000502397.jpg	val2014/COCO_val2014_000000536795.jpg	79	116578	125137	115722	127610	0.931602963152385	-0.024761806503219574	0.068397036847615	[.9,1]
3069	public5:0_819_48	official5	0	48	val2014/COCO_val2014_000000432213.jpg	val2014/COCO_val2014_000000345353.jpg	1052	128291	139239	126657	134652	0.9213726039399881	0.019252117564334204	0.0786273960600119	[.9,1]
3070	public5:0_820_28	official5	0	28	val2014/COCO_val2014_000000492990.jpg	val2014/COCO_val2014_000000181383.jpg	2237	48626	119044	49002	135765	0.4084708175128524	-0.04753832386574158	0.5915291824871476	[.25,.5)
3071	public5:0_821_76	official5	0	76	val2014/COCO_val2014_000000499957.jpg	val2014/COCO_val2014_000000410924.jpg	617	29580	37126	30594	37320	0.7967462155901525	0.023028704023995483	0.20325378440984754	[.75,.9)
3072	public5:0_822_0	official5	0	0	val2014/COCO_val2014_000000564301.jpg	val2014/COCO_val2014_000000499302.jpg	633	28666	74720	28875	80902	0.3836456102783726	-0.026732307764219643	0.6163543897216275	[.25,.5)
3073	public5:0_823_8	official5	0	8	val2014/COCO_val2014_000000289741.jpg	val2014/COCO_val2014_000000140020.jpg	2238	79469	108768	76067	111473	0.7306284936746101	-0.04824800691997	0.26937150632538986	[.5,.75)
3074	public5:0_824_8	official5	0	8	val2014/COCO_val2014_000000470624.jpg	val2014/COCO_val2014_000000030667.jpg	2239	22666	824236	50164	811117	0.027499405510072357	0.03434617287134487	0.9725005944899276	[0,.25)
3075	public5:0_825_32	official5	0	32	val2014/COCO_val2014_000000207545.jpg	val2014/COCO_val2014_000000551633.jpg	101	19910	21144	20917	23803	0.9416382898221718	-0.062883511012778	0.05836171017782821	[.9,1]
3076	public5:0_826_44	official5	0	44	val2014/COCO_val2014_000000070527.jpg	val2014/COCO_val2014_000000118788.jpg	1972	4082	14560	2979	14585	0.28035714285714286	-0.0761062001077428	0.7196428571428571	[.25,.5)
3077	public5:0_827_32	official5	0	32	val2014/COCO_val2014_000000556537.jpg	val2014/COCO_val2014_000000207545.jpg	101	9934	10983	10337	11339	0.904488755349176	0.007143663735399319	0.09551124465082395	[.9,1]
3078	public5:0_828_44	official5	0	44	val2014/COCO_val2014_000000377595.jpg	val2014/COCO_val2014_000000051376.jpg	119	284	31388	0	24026	0.009048043838409583	-0.009048043838409583	0.9909519561615904	[0,.25)
3079	public5:0_829_36	official5	0	36	val2014/COCO_val2014_000000538458.jpg	val2014/COCO_val2014_000000283203.jpg	2240	8063	12577	4266	11934	0.6410908801781029	-0.2836248168296866	0.3589091198218971	[.5,.75)
3080	public5:0_830_60	official5	0	60	val2014/COCO_val2014_000000413008.jpg	val2014/COCO_val2014_000000369685.jpg	2241	260779	1017610	249987	1020193	0.25626615304487965	-0.011227224136329983	0.7437338469551203	[.25,.5)
3081	public5:0_831_0	official5	0	0	val2014/COCO_val2014_000000553061.jpg	val2014/COCO_val2014_000000220511.jpg	1608	131678	443875	168208	443341	0.296655589974655	0.08275439015350816	0.703344410025345	[.25,.5)
3082	public5:0_832_44	official5	0	44	val2014/COCO_val2014_000000199133.jpg	val2014/COCO_val2014_000000001153.jpg	1913	7222	71149	2338	63366	0.10150529171175983	-0.06460853319773022	0.8984947082882402	[0,.25)
3083	public5:0_833_72	official5	0	72	val2014/COCO_val2014_000000446812.jpg	val2014/COCO_val2014_000000255582.jpg	2242	26263	503312	8987	502715	0.05218035731315764	-0.03430342903371501	0.9478196426868424	[0,.25)
3084	public5:0_834_68	official5	0	68	val2014/COCO_val2014_000000068833.jpg	val2014/COCO_val2014_000000127182.jpg	140	9732	10761	9632	11437	0.9043769166434347	-0.06219802357707116	0.09562308335656533	[.9,1]
3085	public5:0_835_4	official5	0	4	val2014/COCO_val2014_000000129989.jpg	val2014/COCO_val2014_000000346759.jpg	2243	57139	73828	60241	74093	0.773947553773636	0.03909821303294492	0.226052446226364	[.75,.9)
3086	public5:0_836_0	official5	0	0	val2014/COCO_val2014_000000305576.jpg	val2014/COCO_val2014_000000056405.jpg	527	339370	421280	280733	410899	0.8055687428788454	-0.12235218601207276	0.1944312571211546	[.75,.9)
3087	public5:0_837_76	official5	0	76	val2014/COCO_val2014_000000189209.jpg	val2014/COCO_val2014_000000299349.jpg	2244	92113	185689	92791	188783	0.4960606174840728	-0.004538605438496657	0.5039393825159272	[.25,.5)
3088	public5:0_838_4	official5	0	4	val2014/COCO_val2014_000000416271.jpg	val2014/COCO_val2014_000000437370.jpg	2245	208274	241997	212186	238638	0.8606470328144564	0.02850725107997787	0.13935296718554357	[.75,.9)
3089	public5:0_839_44	official5	0	44	val2014/COCO_val2014_000000480624.jpg	val2014/COCO_val2014_000000262896.jpg	119	6160	15264	4274	15866	0.40356394129979034	-0.13418287486842767	0.5964360587002097	[.25,.5)
3090	public5:0_840_28	official5	0	28	val2014/COCO_val2014_000000411821.jpg	val2014/COCO_val2014_000000502327.jpg	2246	663475	771231	645506	770520	0.8602805125831301	-0.02252678782582329	0.1397194874168699	[.75,.9)
3091	public5:0_841_20	official5	0	20	val2014/COCO_val2014_000000330790.jpg	val2014/COCO_val2014_000000295857.jpg	2247	397072	495323	385114	495448	0.8016425645487893	-0.02433798364423423	0.19835743545121065	[.75,.9)
3092	public5:0_842_72	official5	0	72	val2014/COCO_val2014_000000510616.jpg	val2014/COCO_val2014_000000530384.jpg	2248	8364	12740	6856	12021	0.6565149136577708	-0.08617966700607793	0.3434850863422292	[.5,.75)
3093	public5:0_843_24	official5	0	24	val2014/COCO_val2014_000000518383.jpg	val2014/COCO_val2014_000000278899.jpg	2249	19831	26642	18065	22758	0.7443510246978455	0.04943577554822176	0.25564897530215447	[.5,.75)
3094	public5:0_844_32	official5	0	32	val2014/COCO_val2014_000000022935.jpg	val2014/COCO_val2014_000000477655.jpg	76	49420	51896	50322	53269	0.9522891937721597	-0.007612177120824071	0.0477108062278403	[.9,1]
3095	public5:0_845_20	official5	0	20	val2014/COCO_val2014_000000051549.jpg	val2014/COCO_val2014_000000456483.jpg	2250	125165	143930	124605	142088	0.8696241228374905	0.007332411141452111	0.13037587716250953	[.75,.9)
3096	public5:0_846_28	official5	0	28	val2014/COCO_val2014_000000007690.jpg	val2014/COCO_val2014_000000022646.jpg	1081	482231	760453	481751	764455	0.6341364949576108	-0.0039476676231045005	0.3658635050423892	[.5,.75)
3097	public5:0_847_64	official5	0	64	val2014/COCO_val2014_000000505953.jpg	val2014/COCO_val2014_000000361527.jpg	180	150118	160399	150263	162364	0.9359035904213867	-0.010433658663115186	0.06409640957861329	[.9,1]
3098	public5:0_848_40	official5	0	40	val2014/COCO_val2014_000000277689.jpg	val2014/COCO_val2014_000000508443.jpg	2251	59469	162561	59300	161961	0.36582575156402825	0.00031177537146859224	0.6341742484359718	[.25,.5)
3099	public5:0_849_68	official5	0	68	val2014/COCO_val2014_000000539423.jpg	val2014/COCO_val2014_000000210761.jpg	2252	30492	93886	30445	97079	0.3247768570393882	-0.011166292447663928	0.6752231429606118	[.25,.5)
3100	public5:0_850_64	official5	0	64	val2014/COCO_val2014_000000366225.jpg	val2014/COCO_val2014_000000431923.jpg	2253	10097	15316	9997	11559	0.6592452337424916	0.20562196930275456	0.34075476625750845	[.5,.75)
3101	public5:0_851_16	official5	0	16	val2014/COCO_val2014_000000522106.jpg	val2014/COCO_val2014_000000275268.jpg	672	200154	364809	211540	367305	0.548654227280577	0.02727041300474442	0.451345772719423	[.5,.75)
3102	public5:0_852_64	official5	0	64	val2014/COCO_val2014_000000382617.jpg	val2014/COCO_val2014_000000314140.jpg	2254	39804	46656	39554	47619	0.8531378600823045	-0.022503029447473843	0.14686213991769548	[.75,.9)
3103	public5:0_853_40	official5	0	40	val2014/COCO_val2014_000000327047.jpg	val2014/COCO_val2014_000000112904.jpg	48	15269	34069	11022	31434	0.44817869617540873	-0.09753926116872808	0.5518213038245913	[.25,.5)
3104	public5:0_854_28	official5	0	28	val2014/COCO_val2014_000000302155.jpg	val2014/COCO_val2014_000000329717.jpg	2255	140065	167845	140135	166955	0.834490154606929	0.004867756207362239	0.165509845393071	[.75,.9)
3105	public5:0_855_24	official5	0	24	val2014/COCO_val2014_000000199553.jpg	val2014/COCO_val2014_000000190018.jpg	2256	12899	21151	8815	15079	0.6098529620348919	-0.025265124645144632	0.3901470379651081	[.5,.75)
3106	public5:0_856_68	official5	0	68	val2014/COCO_val2014_000000381031.jpg	val2014/COCO_val2014_000000064196.jpg	559	83691	96135	82295	95881	0.8705570291777188	-0.012253507103480943	0.12944297082228118	[.75,.9)
3107	public5:0_857_56	official5	0	56	val2014/COCO_val2014_000000223671.jpg	val2014/COCO_val2014_000000191693.jpg	2257	13758	143137	2601	144839	0.09611770541509183	-0.07815983495202594	0.9038822945849082	[0,.25)
3108	public5:0_858_32	official5	0	32	val2014/COCO_val2014_000000382030.jpg	val2014/COCO_val2014_000000226744.jpg	1906	52174	59683	49063	57880	0.8741852788901362	-0.02651769077679822	0.1258147211098638	[.75,.9)
3109	public5:0_859_72	official5	0	72	val2014/COCO_val2014_000000066231.jpg	val2014/COCO_val2014_000000478312.jpg	2258	66483	209450	46379	234097	0.31741704464072573	-0.11929831607948829	0.6825829553592743	[.25,.5)
3110	public5:0_860_72	official5	0	72	val2014/COCO_val2014_000000280930.jpg	val2014/COCO_val2014_000000008292.jpg	2259	52810	147086	47363	147424	0.3590416491032457	-0.03777102830880247	0.6409583508967542	[.25,.5)
3111	public5:0_861_28	official5	0	28	val2014/COCO_val2014_000000303264.jpg	val2014/COCO_val2014_000000469169.jpg	586	1547	251974	507	190491	0.006139522331669141	-0.0034779792666424464	0.9938604776683309	[0,.25)
3112	public5:0_862_8	official5	0	8	val2014/COCO_val2014_000000035726.jpg	val2014/COCO_val2014_000000403255.jpg	2260	212396	371202	207082	370300	0.5721844171098216	-0.012956763855703324	0.4278155828901784	[.5,.75)
3113	public5:0_863_4	official5	0	4	val2014/COCO_val2014_000000499402.jpg	val2014/COCO_val2014_000000078580.jpg	2261	326754	366537	343141	367804	0.8914625262933892	0.041482738032175503	0.10853747370661082	[.75,.9)
3114	public5:0_864_44	official5	0	44	val2014/COCO_val2014_000000497593.jpg	val2014/COCO_val2014_000000286662.jpg	70	8500	26801	7285	26281	0.31715234506175144	-0.03995589134994443	0.6828476549382485	[.25,.5)
3115	public5:0_865_56	official5	0	56	val2014/COCO_val2014_000000303626.jpg	val2014/COCO_val2014_000000306536.jpg	1740	18621	41337	19798	37267	0.4504681036359678	0.08077938073358171	0.5495318963640322	[.25,.5)
3116	public5:0_866_32	official5	0	32	val2014/COCO_val2014_000000367673.jpg	val2014/COCO_val2014_000000205594.jpg	76	10905	11794	11211	12005	0.9246226895031372	0.009238201792156397	0.0753773104968628	[.9,1]
3117	public5:0_867_64	official5	0	64	val2014/COCO_val2014_000000335658.jpg	val2014/COCO_val2014_000000104982.jpg	357	45361	84212	45971	48334	0.5386524485821498	0.4124585705762066	0.4613475514178502	[.5,.75)
3118	public5:0_868_68	official5	0	68	val2014/COCO_val2014_000000000294.jpg	val2014/COCO_val2014_000000050609.jpg	2262	53022	82006	52498	80298	0.6465624466502451	0.0072271869645398334	0.3534375533497549	[.5,.75)
3119	public5:0_869_52	official5	0	52	val2014/COCO_val2014_000000530975.jpg	val2014/COCO_val2014_000000521088.jpg	611	97692	102565	96301	102064	0.9524886657241749	-0.008953236973587075	0.0475113342758251	[.9,1]
3120	public5:0_870_72	official5	0	72	val2014/COCO_val2014_000000159449.jpg	val2014/COCO_val2014_000000553747.jpg	2263	318694	386258	317211	379628	0.8250806455788618	0.010503136439324323	0.17491935442113815	[.75,.9)
3121	public5:0_871_64	official5	0	64	val2014/COCO_val2014_000000481370.jpg	val2014/COCO_val2014_000000554625.jpg	1006	11846	26365	12120	26821	0.4493077944244263	0.0025769227747832746	0.5506922055755736	[.25,.5)
3122	public5:0_872_76	official5	0	76	val2014/COCO_val2014_000000513066.jpg	val2014/COCO_val2014_000000537692.jpg	617	10522	18134	11845	21672	0.5802360207345318	-0.033678250339552185	0.41976397926546816	[.5,.75)
3123	public5:0_873_24	official5	0	24	val2014/COCO_val2014_000000375285.jpg	val2014/COCO_val2014_000000411754.jpg	2264	7719	11971	6187	13806	0.6448082866928411	-0.19666979618146918	0.35519171330715893	[.5,.75)
3124	public5:0_874_20	official5	0	20	val2014/COCO_val2014_000000568040.jpg	val2014/COCO_val2014_000000463751.jpg	2265	209652	254331	205950	256894	0.8243273529377072	-0.022634826058916757	0.1756726470622928	[.75,.9)
3125	public5:0_875_52	official5	0	52	val2014/COCO_val2014_000000505213.jpg	val2014/COCO_val2014_000000283268.jpg	2266	56500	65887	57135	65407	0.8575287993079059	0.016001556770189662	0.14247120069209407	[.75,.9)
3126	public5:0_876_44	official5	0	44	val2014/COCO_val2014_000000139953.jpg	val2014/COCO_val2014_000000470773.jpg	2267	24412	42593	22994	35020	0.5731458220834409	0.08345040864185893	0.4268541779165591	[.5,.75)
3127	public5:0_877_60	official5	0	60	val2014/COCO_val2014_000000189752.jpg	val2014/COCO_val2014_000000534456.jpg	48	77010	430028	72680	423150	0.1790813621438604	-0.007321938771533781	0.8209186378561396	[0,.25)
3128	public5:0_878_8	official5	0	8	val2014/COCO_val2014_000000160501.jpg	val2014/COCO_val2014_000000048067.jpg	1409	78194	113713	81361	103622	0.6876434532551248	0.09752764940647218	0.31235654674487523	[.5,.75)
3129	public5:0_879_60	official5	0	60	val2014/COCO_val2014_000000235486.jpg	val2014/COCO_val2014_000000256916.jpg	2268	214710	313141	212809	311753	0.6856655627975896	-0.00304502666802553	0.3143344372024104	[.5,.75)
3130	public5:0_880_32	official5	0	32	val2014/COCO_val2014_000000560662.jpg	val2014/COCO_val2014_000000087328.jpg	1874	6787	7683	6871	7700	0.8833788884550305	0.008958773882631776	0.11662111154496946	[.75,.9)
3131	public5:0_881_68	official5	0	68	val2014/COCO_val2014_000000104930.jpg	val2014/COCO_val2014_000000105177.jpg	17	3518	62887	0	62097	0.055941609553643835	-0.055941609553643835	0.9440583904463562	[0,.25)
3132	public5:0_882_56	official5	0	56	val2014/COCO_val2014_000000548703.jpg	val2014/COCO_val2014_000000295656.jpg	2269	9454	192840	13752	200821	0.049025098527276496	0.019453795612280618	0.9509749014727235	[0,.25)
3133	public5:0_883_76	official5	0	76	val2014/COCO_val2014_000000456254.jpg	val2014/COCO_val2014_000000429754.jpg	1852	12429	16977	11618	17197	0.7321081463156035	-0.05652519580097881	0.2678918536843965	[.5,.75)
3134	public5:0_884_52	official5	0	52	val2014/COCO_val2014_000000039009.jpg	val2014/COCO_val2014_000000073417.jpg	647	97588	112489	101125	117283	0.8675337144076309	-0.005303041590598578	0.13246628559236906	[.75,.9)
3135	public5:0_885_0	official5	0	0	val2014/COCO_val2014_000000578736.jpg	val2014/COCO_val2014_000000015994.jpg	2270	29835	35591	32651	38037	0.8382737208844933	0.020127309690999073	0.16172627911550674	[.75,.9)
3136	public5:0_886_44	official5	0	44	val2014/COCO_val2014_000000381382.jpg	val2014/COCO_val2014_000000161129.jpg	41	27288	67866	27479	67501	0.4020864645035806	0.0050038008258219135	0.5979135354964193	[.25,.5)
3137	public5:0_887_28	official5	0	28	val2014/COCO_val2014_000000084270.jpg	val2014/COCO_val2014_000000460505.jpg	2271	13340	77528	13120	29172	0.1720668661644825	0.27767946593479076	0.8279331338355175	[0,.25)
3138	public5:0_888_8	official5	0	8	val2014/COCO_val2014_000000315136.jpg	val2014/COCO_val2014_000000025748.jpg	2272	20216	116291	21055	116340	0.17383976404020948	0.007138403400051813	0.8261602359597905	[0,.25)
3139	public5:0_889_56	official5	0	56	val2014/COCO_val2014_000000381051.jpg	val2014/COCO_val2014_000000086426.jpg	2273	228329	310840	227817	315326	0.7345547548578046	-0.01207389378069712	0.26544524514219536	[.5,.75)
3140	public5:0_890_52	official5	0	52	val2014/COCO_val2014_000000074120.jpg	val2014/COCO_val2014_000000029675.jpg	2274	56581	67537	57376	66249	0.8377778106815523	0.028288092200000614	0.16222218931844767	[.75,.9)
3141	public5:0_891_36	official5	0	36	val2014/COCO_val2014_000000467821.jpg	val2014/COCO_val2014_000000418907.jpg	2275	8295	179006	8651	193924	0.04633922885266416	-0.0017289691633013138	0.9536607711473358	[0,.25)
3142	public5:0_892_8	official5	0	8	val2014/COCO_val2014_000000225919.jpg	val2014/COCO_val2014_000000469618.jpg	2276	26560	65143	25583	49968	0.4077184041263067	0.10426926798384378	0.5922815958736933	[.25,.5)
3143	public5:0_893_20	official5	0	20	val2014/COCO_val2014_000000107183.jpg	val2014/COCO_val2014_000000570594.jpg	2277	125920	165822	127286	169082	0.7593684794538722	-0.006562148797740863	0.2406315205461278	[.75,.9)
3144	public5:0_894_56	official5	0	56	val2014/COCO_val2014_000000025717.jpg	val2014/COCO_val2014_000000556216.jpg	2278	10835	57258	11020	21797	0.1892311991337455	0.31634296244812354	0.8107688008662545	[0,.25)
3145	public5:0_895_12	official5	0	12	val2014/COCO_val2014_000000433774.jpg	val2014/COCO_val2014_000000430871.jpg	1863	106583	129375	107337	132450	0.8238299516908213	-0.01343357569988135	0.1761700483091787	[.75,.9)
3146	public5:0_896_20	official5	0	20	val2014/COCO_val2014_000000311082.jpg	val2014/COCO_val2014_000000325031.jpg	2279	279502	309511	285597	318942	0.903043833660193	-0.007592623095262763	0.09695616633980697	[.9,1]
3147	public5:0_897_48	official5	0	48	val2014/COCO_val2014_000000449190.jpg	val2014/COCO_val2014_000000504810.jpg	2280	137885	189913	175045	190053	0.7260429775739418	0.1949895765030789	0.27395702242605824	[.5,.75)
3148	public5:0_898_12	official5	0	12	val2014/COCO_val2014_000000555597.jpg	val2014/COCO_val2014_000000365366.jpg	2281	8833	20284	8470	19640	0.43546637744034705	-0.0042036483161108085	0.5645336225596529	[.25,.5)
3149	public5:0_899_16	official5	0	16	val2014/COCO_val2014_000000016377.jpg	val2014/COCO_val2014_000000349776.jpg	2282	39630	48780	40156	49248	0.8124231242312423	0.0029602415907200585	0.1875768757687577	[.75,.9)
3150	public5:1_750_41	official5	1	41	val2014/COCO_val2014_000000481710.jpg	val2014/COCO_val2014_000000288313.jpg	2283	32424	79552	33579	44324	0.4075824617860016	0.34999808148626627	0.5924175382139985	[.25,.5)
3151	public5:1_751_57	official5	1	57	val2014/COCO_val2014_000000186589.jpg	val2014/COCO_val2014_000000423785.jpg	2012	231167	428281	235718	427872	0.5397554409371418	0.011152307174443044	0.4602445590628582	[.5,.75)
3152	public5:1_752_17	official5	1	17	val2014/COCO_val2014_000000414664.jpg	val2014/COCO_val2014_000000006347.jpg	2284	252574	370871	235365	372789	0.6810292527590456	-0.04966673938016364	0.3189707472409544	[.5,.75)
3153	public5:1_753_9	official5	1	9	val2014/COCO_val2014_000000307847.jpg	val2014/COCO_val2014_000000149376.jpg	687	46854	66544	47039	82861	0.7041055542197644	-0.13641991199966086	0.2958944457802356	[.5,.75)
3154	public5:1_754_53	official5	1	53	val2014/COCO_val2014_000000032038.jpg	val2014/COCO_val2014_000000536894.jpg	2285	300723	315296	301950	318578	0.9537799401197605	-0.00597437915823773	0.04622005988023947	[.9,1]
3155	public5:1_755_65	official5	1	65	val2014/COCO_val2014_000000288224.jpg	val2014/COCO_val2014_000000253665.jpg	1929	12678	22669	12755	23106	0.5592659579160969	-0.007244837860700071	0.4407340420839031	[.5,.75)
3156	public5:1_756_37	official5	1	37	val2014/COCO_val2014_000000350167.jpg	val2014/COCO_val2014_000000216325.jpg	2286	13593	16727	13695	18046	0.8126382495366772	-0.053744311821948165	0.18736175046332282	[.75,.9)
3157	public5:1_757_5	official5	1	5	val2014/COCO_val2014_000000482305.jpg	val2014/COCO_val2014_000000330455.jpg	1963	462407	560330	466375	560889	0.8252404832866347	0.006252022360650256	0.17475951671336531	[.75,.9)
3158	public5:1_758_25	official5	1	25	val2014/COCO_val2014_000000403854.jpg	val2014/COCO_val2014_000000499374.jpg	2287	48377	72041	48215	73283	0.6715203842256493	-0.013591533059621685	0.3284796157743507	[.5,.75)
3159	public5:1_759_57	official5	1	57	val2014/COCO_val2014_000000559277.jpg	val2014/COCO_val2014_000000248469.jpg	2288	330946	389377	337914	399311	0.8499372073851306	-0.0036945544153902388	0.15006279261486943	[.75,.9)
3160	public5:1_760_29	official5	1	29	val2014/COCO_val2014_000000094922.jpg	val2014/COCO_val2014_000000529670.jpg	722	8282	37805	8858	37045	0.2190715513820923	0.020043038980979644	0.7809284486179077	[0,.25)
3161	public5:1_761_53	official5	1	53	val2014/COCO_val2014_000000179214.jpg	val2014/COCO_val2014_000000534554.jpg	1171	271286	283397	271492	283170	0.9572648969466862	0.0014948586771440509	0.04273510305331385	[.9,1]
3162	public5:1_762_49	official5	1	49	val2014/COCO_val2014_000000206859.jpg	val2014/COCO_val2014_000000373577.jpg	711	12163	73039	12103	69039	0.16652747162474843	0.008779239075001	0.8334725283752515	[0,.25)
3163	public5:1_763_1	official5	1	1	val2014/COCO_val2014_000000117222.jpg	val2014/COCO_val2014_000000524577.jpg	1681	67298	149051	65927	142796	0.45150988587798807	0.010176715987610385	0.548490114122012	[.25,.5)
3164	public5:1_764_45	official5	1	45	val2014/COCO_val2014_000000423058.jpg	val2014/COCO_val2014_000000136250.jpg	43	33028	187350	33064	155843	0.176290365625834	0.035871874577447505	0.823709634374166	[0,.25)
3165	public5:1_765_73	official5	1	73	val2014/COCO_val2014_000000479384.jpg	val2014/COCO_val2014_000000359589.jpg	1175	22875	50736	22945	52553	0.4508632923368023	-0.014256438303730912	0.5491367076631977	[.25,.5)
3166	public5:1_766_5	official5	1	5	val2014/COCO_val2014_000000269038.jpg	val2014/COCO_val2014_000000007355.jpg	2289	8	167101	0	195377	4.787523713203392e-05	-4.787523713203392e-05	0.999952124762868	[0,.25)
3167	public5:1_767_53	official5	1	53	val2014/COCO_val2014_000000317325.jpg	val2014/COCO_val2014_000000201426.jpg	702	283439	449335	250184	455078	0.630796621674252	-0.08103592131079784	0.369203378325748	[.5,.75)
3168	public5:1_768_69	official5	1	69	val2014/COCO_val2014_000000455267.jpg	val2014/COCO_val2014_000000518524.jpg	2290	223032	762352	212989	763790	0.2925577685898378	-0.013699705509671756	0.7074422314101623	[.25,.5)
3169	public5:1_769_53	official5	1	53	val2014/COCO_val2014_000000220670.jpg	val2014/COCO_val2014_000000277080.jpg	1622	409640	892612	482135	890309	0.4589228018444744	0.08261390058131257	0.5410771981555256	[.25,.5)
3170	public5:1_770_77	official5	1	77	val2014/COCO_val2014_000000049946.jpg	val2014/COCO_val2014_000000185698.jpg	671	313041	325511	312529	327038	0.9616910027618114	-0.00605587779162442	0.03830899723818859	[.9,1]
3171	public5:1_771_21	official5	1	21	val2014/COCO_val2014_000000437426.jpg	val2014/COCO_val2014_000000357219.jpg	692	202647	215483	204077	218551	0.9404314957560457	-0.006658600642319379	0.05956850424395432	[.9,1]
3172	public5:1_772_65	official5	1	65	val2014/COCO_val2014_000000033753.jpg	val2014/COCO_val2014_000000182155.jpg	1929	38147	42282	38066	42063	0.9022042476704035	0.0027716218586362196	0.09779575232959647	[.9,1]
3173	public5:1_773_25	official5	1	25	val2014/COCO_val2014_000000163316.jpg	val2014/COCO_val2014_000000333314.jpg	2291	9609	14874	9445	14746	0.6460266236385639	-0.005513942233437041	0.3539733763614361	[.5,.75)
3174	public5:1_774_49	official5	1	49	val2014/COCO_val2014_000000358624.jpg	val2014/COCO_val2014_000000552289.jpg	1943	170803	176110	170415	176768	0.9698654250184544	-0.00580518787145945	0.030134574981545592	[.9,1]
3175	public5:1_775_77	official5	1	77	val2014/COCO_val2014_000000088031.jpg	val2014/COCO_val2014_000000290684.jpg	672	7453	9021	7392	9466	0.8261833499612017	-0.045283286576456305	0.17381665003879831	[.75,.9)
3176	public5:1_776_29	official5	1	29	val2014/COCO_val2014_000000479808.jpg	val2014/COCO_val2014_000000203669.jpg	767	26357	28050	26529	28329	0.9396434937611409	-0.003182623275066576	0.06035650623885913	[.9,1]
3177	public5:1_777_17	official5	1	17	val2014/COCO_val2014_000000267933.jpg	val2014/COCO_val2014_000000213951.jpg	749	31587	51457	34559	58460	0.6138523427327671	-0.022695996513129812	0.3861476572672329	[.5,.75)
3178	public5:1_778_13	official5	1	13	val2014/COCO_val2014_000000461007.jpg	val2014/COCO_val2014_000000306553.jpg	192	86534	121134	88579	125921	0.7143659088282398	-0.01091692097077357	0.2856340911717602	[.5,.75)
3179	public5:1_779_69	official5	1	69	val2014/COCO_val2014_000000124707.jpg	val2014/COCO_val2014_000000418292.jpg	2292	29610	61684	29612	46933	0.4800272355878348	0.15091474553419026	0.5199727644121652	[.25,.5)
3180	public5:1_780_65	official5	1	65	val2014/COCO_val2014_000000236516.jpg	val2014/COCO_val2014_000000533145.jpg	50	8405	15325	8641	14495	0.5484502446982056	0.04768635412897626	0.4515497553017944	[.5,.75)
3181	public5:1_781_5	official5	1	5	val2014/COCO_val2014_000000523974.jpg	val2014/COCO_val2014_000000052952.jpg	2293	758739	860962	763334	864552	0.8812688597173859	0.0016554756609372667	0.11873114028261411	[.75,.9)
3182	public5:1_782_21	official5	1	21	val2014/COCO_val2014_000000436936.jpg	val2014/COCO_val2014_000000350794.jpg	2294	75177	103668	79354	104282	0.7251707373538604	0.03578513230725078	0.2748292626461396	[.5,.75)
3183	public5:1_783_29	official5	1	29	val2014/COCO_val2014_000000255112.jpg	val2014/COCO_val2014_000000161144.jpg	722	10606	13193	12026	13916	0.8039111650117486	0.06027394565223532	0.19608883498825136	[.75,.9)
3184	public5:1_784_5	official5	1	5	val2014/COCO_val2014_000000128119.jpg	val2014/COCO_val2014_000000374485.jpg	2295	416517	531283	396260	526307	0.7839833008020207	-0.031076727262242643	0.21601669919797928	[.75,.9)
3185	public5:1_785_37	official5	1	37	val2014/COCO_val2014_000000320696.jpg	val2014/COCO_val2014_000000501122.jpg	2296	10397	16351	10416	14452	0.6358632499541312	0.08486744475940322	0.36413675004586876	[.5,.75)
3186	public5:1_786_69	official5	1	69	val2014/COCO_val2014_000000206620.jpg	val2014/COCO_val2014_000000237928.jpg	2297	46221	177719	48000	172899	0.26007911365695285	0.01753961172607421	0.7399208863430471	[.25,.5)
3187	public5:1_787_45	official5	1	45	val2014/COCO_val2014_000000353435.jpg	val2014/COCO_val2014_000000136270.jpg	1010	1755	28403	1301	24216	0.06178924761468859	-0.00806443757174178	0.9382107523853114	[0,.25)
3188	public5:1_788_73	official5	1	73	val2014/COCO_val2014_000000533589.jpg	val2014/COCO_val2014_000000490505.jpg	2039	4462	105211	3279	93175	0.04241001416201728	-0.00721817085640955	0.9575899858379827	[0,.25)
3189	public5:1_789_9	official5	1	9	val2014/COCO_val2014_000000095063.jpg	val2014/COCO_val2014_000000424333.jpg	2298	60770	67402	61819	69117	0.9016052936114656	-0.0071943672113035095	0.09839470638853443	[.9,1]
3190	public5:1_790_77	official5	1	77	val2014/COCO_val2014_000000020553.jpg	val2014/COCO_val2014_000000116861.jpg	206	38422	56508	37861	57147	0.679939123663906	-0.01741965632528797	0.32006087633609404	[.5,.75)
3191	public5:1_791_5	official5	1	5	val2014/COCO_val2014_000000019523.jpg	val2014/COCO_val2014_000000233491.jpg	1588	227411	363789	251014	359902	0.6251178567796167	0.07233311598519143	0.37488214322038327	[.5,.75)
3192	public5:1_792_21	official5	1	21	val2014/COCO_val2014_000000344744.jpg	val2014/COCO_val2014_000000404616.jpg	2299	33704	55430	31812	56873	0.6080461843766913	-0.048694646740203074	0.39195381562330867	[.5,.75)
3193	public5:1_793_21	official5	1	21	val2014/COCO_val2014_000000563683.jpg	val2014/COCO_val2014_000000251936.jpg	2300	7404	9330	7755	9971	0.7935691318327974	-0.015813640909118742	0.20643086816720257	[.75,.9)
3194	public5:1_794_29	official5	1	29	val2014/COCO_val2014_000000431136.jpg	val2014/COCO_val2014_000000025293.jpg	2301	7922	10637	7224	8806	0.7447588605809908	0.07559090094524124	0.25524113941900917	[.5,.75)
3195	public5:1_795_69	official5	1	69	val2014/COCO_val2014_000000395463.jpg	val2014/COCO_val2014_000000226984.jpg	2302	13946	50663	0	40832	0.27526992084953517	-0.27526992084953517	0.7247300791504648	[.25,.5)
3196	public5:1_796_25	official5	1	25	val2014/COCO_val2014_000000262686.jpg	val2014/COCO_val2014_000000358923.jpg	2303	14251	40850	10808	48642	0.3488616891064871	-0.1266668780378633	0.6511383108935129	[.25,.5)
3197	public5:1_797_49	official5	1	49	val2014/COCO_val2014_000000344521.jpg	val2014/COCO_val2014_000000056137.jpg	2304	13472	111252	13592	109387	0.12109445223456657	0.003161629383907294	0.8789055477654334	[0,.25)
3198	public5:1_798_41	official5	1	41	val2014/COCO_val2014_000000369685.jpg	val2014/COCO_val2014_000000235278.jpg	2241	11745	71875	18617	79587	0.16340869565217392	0.07051141692902652	0.8365913043478261	[0,.25)
3199	public5:1_799_73	official5	1	73	val2014/COCO_val2014_000000404984.jpg	val2014/COCO_val2014_000000197125.jpg	2305	6976	21343	7299	13460	0.32685189523497166	0.21542150743961969	0.6731481047650283	[.25,.5)
3200	public5:1_800_53	official5	1	53	val2014/COCO_val2014_000000177102.jpg	val2014/COCO_val2014_000000157789.jpg	2306	292433	321265	293698	322960	0.9102547740961512	-0.0008604218543875053	0.08974522590384881	[.9,1]
3201	public5:1_801_53	official5	1	53	val2014/COCO_val2014_000000146503.jpg	val2014/COCO_val2014_000000155714.jpg	2307	42189	500712	28756	403290	0.08425801658438384	-0.012954488106117573	0.9157419834156162	[0,.25)
3202	public5:1_802_53	official5	1	53	val2014/COCO_val2014_000000430973.jpg	val2014/COCO_val2014_000000066468.jpg	2308	430703	508134	481723	508373	0.8476169671779491	0.09996089395944407	0.1523830328220509	[.75,.9)
3203	public5:1_803_53	official5	1	53	val2014/COCO_val2014_000000206027.jpg	val2014/COCO_val2014_000000281074.jpg	2309	169388	188328	164727	186678	0.8994307803406822	-0.017018283956534153	0.10056921965931775	[.75,.9)
3204	public5:1_804_21	official5	1	21	val2014/COCO_val2014_000000196518.jpg	val2014/COCO_val2014_000000301344.jpg	2310	232000	259044	235174	260071	0.8956007473633822	0.008667702406103817	0.10439925263661776	[.75,.9)
3205	public5:1_805_21	official5	1	21	val2014/COCO_val2014_000000154584.jpg	val2014/COCO_val2014_000000183949.jpg	2311	18612	22689	20063	23123	0.8203094010313368	0.04735482938859148	0.17969059896866324	[.75,.9)
3206	public5:1_806_9	official5	1	9	val2014/COCO_val2014_000000539768.jpg	val2014/COCO_val2014_000000440409.jpg	2312	44328	106309	44699	110829	0.41697316313764593	-0.01365814630992035	0.5830268368623541	[.25,.5)
3207	public5:1_807_37	official5	1	37	val2014/COCO_val2014_000000045627.jpg	val2014/COCO_val2014_000000401429.jpg	2313	52579	59681	54027	62208	0.881000653474305	-0.012511070140971636	0.118999346525695	[.75,.9)
3208	public5:1_808_33	official5	1	33	val2014/COCO_val2014_000000399462.jpg	val2014/COCO_val2014_000000382743.jpg	2314	31819	35036	32159	38330	0.908180157552232	-0.06917676595296252	0.09181984244776797	[.9,1]
3209	public5:1_809_57	official5	1	57	val2014/COCO_val2014_000000115846.jpg	val2014/COCO_val2014_000000116861.jpg	206	318300	333813	318711	335081	0.9535278733901915	-0.0023817326063213518	0.046472126609808484	[.9,1]
3210	public5:1_810_73	official5	1	73	val2014/COCO_val2014_000000231568.jpg	val2014/COCO_val2014_000000533589.jpg	2039	12831	27748	11285	31232	0.4624117053481332	-0.1010835803481332	0.5375882946518669	[.25,.5)
3211	public5:1_811_9	official5	1	9	val2014/COCO_val2014_000000227125.jpg	val2014/COCO_val2014_000000391735.jpg	2315	395261	427028	405851	427626	0.9256090935489008	0.02347024213227855	0.07439090645109925	[.9,1]
3212	public5:1_812_25	official5	1	25	val2014/COCO_val2014_000000188862.jpg	val2014/COCO_val2014_000000359791.jpg	10	19221	22790	18638	21513	0.8433962264150944	0.022963649009067777	0.15660377358490563	[.75,.9)
3213	public5:1_813_53	official5	1	53	val2014/COCO_val2014_000000138086.jpg	val2014/COCO_val2014_000000492107.jpg	679	164777	184693	173636	183036	0.892167001456471	0.056476981148044	0.10783299854352901	[.75,.9)
3214	public5:1_814_13	official5	1	13	val2014/COCO_val2014_000000469424.jpg	val2014/COCO_val2014_000000192964.jpg	2316	110766	417313	147325	394854	0.26542667014926447	0.10768592336631344	0.7345733298507355	[.25,.5)
3215	public5:1_815_25	official5	1	25	val2014/COCO_val2014_000000327527.jpg	val2014/COCO_val2014_000000466259.jpg	2317	77078	248199	78106	251174	0.3105491964109444	0.0004145179862463655	0.6894508035890556	[.25,.5)
3216	public5:1_816_9	official5	1	9	val2014/COCO_val2014_000000236674.jpg	val2014/COCO_val2014_000000258702.jpg	2318	17391	30909	16177	27398	0.5626516548578084	0.027792903139125635	0.43734834514219156	[.5,.75)
3217	public5:1_817_25	official5	1	25	val2014/COCO_val2014_000000195561.jpg	val2014/COCO_val2014_000000509037.jpg	1543	167257	178709	167995	183567	0.9359181686428776	-0.020748230691067016	0.06408183135712242	[.9,1]
3218	public5:1_818_9	official5	1	9	val2014/COCO_val2014_000000099984.jpg	val2014/COCO_val2014_000000428885.jpg	1923	41638	63744	42016	63599	0.6532065763052208	0.00743274192305321	0.34679342369477917	[.5,.75)
3219	public5:1_819_33	official5	1	33	val2014/COCO_val2014_000000298933.jpg	val2014/COCO_val2014_000000382743.jpg	2314	11732	15907	11737	17594	0.737536933425536	-0.07043451214555418	0.26246306657446405	[.5,.75)
3220	public5:1_820_25	official5	1	25	val2014/COCO_val2014_000000360494.jpg	val2014/COCO_val2014_000000538451.jpg	2319	46729	60809	48564	63196	0.768455327336414	1.1031293879137927e-05	0.23154467266358603	[.75,.9)
3221	public5:1_821_65	official5	1	65	val2014/COCO_val2014_000000233521.jpg	val2014/COCO_val2014_000000025165.jpg	275	7173	8623	6859	8699	0.83184506552244	-0.043363630874779346	0.16815493447756003	[.75,.9)
3222	public5:1_822_61	official5	1	61	val2014/COCO_val2014_000000079446.jpg	val2014/COCO_val2014_000000255665.jpg	2320	53054	67568	50470	69092	0.7851941747572816	-0.05471886647267554	0.2148058252427184	[.75,.9)
3223	public5:1_823_29	official5	1	29	val2014/COCO_val2014_000000025057.jpg	val2014/COCO_val2014_000000124387.jpg	1945	18539	20861	18670	21268	0.8886918172666699	-0.010847168028377596	0.1113081827333301	[.75,.9)
3224	public5:1_824_69	official5	1	69	val2014/COCO_val2014_000000522007.jpg	val2014/COCO_val2014_000000337662.jpg	2321	36007	73253	30986	59407	0.4915430084774685	0.030045356530022216	0.5084569915225314	[.25,.5)
3225	public5:1_825_25	official5	1	25	val2014/COCO_val2014_000000576385.jpg	val2014/COCO_val2014_000000078720.jpg	2072	105463	177324	112022	174073	0.594747467911845	0.04878714113148741	0.40525253208815504	[.5,.75)
3226	public5:1_826_53	official5	1	53	val2014/COCO_val2014_000000073560.jpg	val2014/COCO_val2014_000000053183.jpg	2322	218256	243597	220380	248498	0.895971625266321	-0.009123441377517083	0.10402837473367899	[.75,.9)
3227	public5:1_827_29	official5	1	29	val2014/COCO_val2014_000000529670.jpg	val2014/COCO_val2014_000000483368.jpg	722	10967	11555	11309	12617	0.9491129381220251	-0.05278259017877396	0.05088706187797487	[.9,1]
3228	public5:1_828_61	official5	1	61	val2014/COCO_val2014_000000136780.jpg	val2014/COCO_val2014_000000047603.jpg	2323	78086	86806	80701	87867	0.8995461143238946	0.01889880811570155	0.10045388567610536	[.75,.9)
3229	public5:1_829_1	official5	1	1	val2014/COCO_val2014_000000394033.jpg	val2014/COCO_val2014_000000245642.jpg	2324	30350	313914	31022	323576	0.09668253088425492	-0.0008101546882453292	0.9033174691157451	[0,.25)
3230	public5:1_830_37	official5	1	37	val2014/COCO_val2014_000000170208.jpg	val2014/COCO_val2014_000000016451.jpg	2325	17394	32763	17463	33078	0.5309037633916308	-0.0029697891489317563	0.4690962366083692	[.5,.75)
3231	public5:1_831_37	official5	1	37	val2014/COCO_val2014_000000353909.jpg	val2014/COCO_val2014_000000144383.jpg	2326	198055	208961	198254	212181	0.9478084427237619	-0.013445799508770895	0.05219155727623814	[.9,1]
3232	public5:1_832_73	official5	1	73	val2014/COCO_val2014_000000426172.jpg	val2014/COCO_val2014_000000135071.jpg	2327	4332	108898	0	101745	0.0397803449099157	-0.0397803449099157	0.9602196550900843	[0,.25)
3233	public5:1_833_21	official5	1	21	val2014/COCO_val2014_000000417465.jpg	val2014/COCO_val2014_000000178361.jpg	692	388023	433662	360285	434427	0.8947590519805747	-0.06542523985563775	0.1052409480194253	[.75,.9)
3234	public5:1_834_33	official5	1	33	val2014/COCO_val2014_000000115459.jpg	val2014/COCO_val2014_000000472211.jpg	2328	36604	47724	35901	47985	0.7669935462241221	-0.018822242691768243	0.23300645377587792	[.75,.9)
3235	public5:1_835_25	official5	1	25	val2014/COCO_val2014_000000009707.jpg	val2014/COCO_val2014_000000460294.jpg	2329	102251	111938	103276	113923	0.9134610230663402	-0.006918884955510962	0.08653897693365975	[.9,1]
3236	public5:1_836_29	official5	1	29	val2014/COCO_val2014_000000532003.jpg	val2014/COCO_val2014_000000363343.jpg	1550	96529	102002	96973	102400	0.9463441893296209	0.0006577637953790738	0.053655810670379056	[.9,1]
3237	public5:1_837_45	official5	1	45	val2014/COCO_val2014_000000142620.jpg	val2014/COCO_val2014_000000247782.jpg	2330	636	59354	137	90673	0.010715368804124405	-0.009204444934835862	0.9892846311958756	[0,.25)
3238	public5:1_838_49	official5	1	49	val2014/COCO_val2014_000000088560.jpg	val2014/COCO_val2014_000000145436.jpg	1742	57292	61905	57524	62817	0.9254825942977143	-0.009743224381927207	0.07451740570228571	[.9,1]
3239	public5:1_839_57	official5	1	57	val2014/COCO_val2014_000000540452.jpg	val2014/COCO_val2014_000000132121.jpg	2331	524624	567444	527431	566304	0.9245388091159656	0.006817847379485542	0.07546119088403436	[.9,1]
3240	public5:1_840_57	official5	1	57	val2014/COCO_val2014_000000012700.jpg	val2014/COCO_val2014_000000209071.jpg	211	203270	302406	138559	297062	0.6721758166173951	-0.20574456657531637	0.3278241833826049	[.5,.75)
3241	public5:1_841_65	official5	1	65	val2014/COCO_val2014_000000552545.jpg	val2014/COCO_val2014_000000430656.jpg	2332	17589	23778	17687	23947	0.7397173858188241	-0.001128000927188344	0.26028261418117593	[.5,.75)
3242	public5:1_842_53	official5	1	53	val2014/COCO_val2014_000000426777.jpg	val2014/COCO_val2014_000000142483.jpg	2333	516052	627963	536001	632620	0.8217872709060884	0.025484392967959235	0.17821272909391161	[.75,.9)
3243	public5:1_843_77	official5	1	77	val2014/COCO_val2014_000000361687.jpg	val2014/COCO_val2014_000000566596.jpg	2334	39751	145225	38705	142383	0.27372008951626786	-0.0018828617573359852	0.7262799104837321	[.25,.5)
3244	public5:1_844_13	official5	1	13	val2014/COCO_val2014_000000040446.jpg	val2014/COCO_val2014_000000422686.jpg	2335	2316	169597	67	146570	0.013655901932227574	-0.013198782467125575	0.9863440980677725	[0,.25)
3245	public5:1_845_41	official5	1	41	val2014/COCO_val2014_000000091527.jpg	val2014/COCO_val2014_000000001089.jpg	2336	13456	79414	13607	78346	0.16944115647115118	0.004237142357123386	0.8305588435288488	[0,.25)
3246	public5:1_846_25	official5	1	25	val2014/COCO_val2014_000000547962.jpg	val2014/COCO_val2014_000000160875.jpg	2337	196708	213812	199295	216884	0.9200044899257291	-0.0011031417396020204	0.07999551007427086	[.9,1]
3247	public5:1_847_1	official5	1	1	val2014/COCO_val2014_000000151585.jpg	val2014/COCO_val2014_000000316499.jpg	503	153187	257966	146274	257799	0.5938263181969717	-0.026430789121994702	0.40617368180302826	[.5,.75)
3248	public5:1_848_9	official5	1	9	val2014/COCO_val2014_000000578848.jpg	val2014/COCO_val2014_000000212288.jpg	1935	6415	18782	6233	19106	0.3415504206154829	-0.01531782352556349	0.6584495793845171	[.25,.5)
3249	public5:1_849_61	official5	1	61	val2014/COCO_val2014_000000334015.jpg	val2014/COCO_val2014_000000245996.jpg	2338	112200	118885	114171	119945	0.9437691887117803	0.008092081036854548	0.05623081128821972	[.9,1]
3250	public5:1_850_29	official5	1	29	val2014/COCO_val2014_000000223032.jpg	val2014/COCO_val2014_000000349822.jpg	167	14843	15982	14927	16260	0.9287323238643473	-0.01071264366754543	0.07126767613565266	[.9,1]
3251	public5:1_851_45	official5	1	45	val2014/COCO_val2014_000000227204.jpg	val2014/COCO_val2014_000000560948.jpg	2339	8300	20238	9080	20388	0.4101195770333037	0.035240438662203444	0.5898804229666963	[.25,.5)
3252	public5:1_852_13	official5	1	13	val2014/COCO_val2014_000000315939.jpg	val2014/COCO_val2014_000000500859.jpg	2340	229428	647844	229483	615006	0.35414081167688516	0.018998637369140425	0.6458591883231148	[.25,.5)
3253	public5:1_853_65	official5	1	65	val2014/COCO_val2014_000000566998.jpg	val2014/COCO_val2014_000000252135.jpg	50	35711	39177	36550	39592	0.9115297240727979	0.011636572148660984	0.08847027592720214	[.9,1]
3254	public5:1_854_41	official5	1	41	val2014/COCO_val2014_000000466565.jpg	val2014/COCO_val2014_000000168909.jpg	950	50658	66135	50636	64025	0.7659786799727829	0.024899883088521313	0.2340213200272171	[.75,.9)
3255	public5:1_855_1	official5	1	1	val2014/COCO_val2014_000000131581.jpg	val2014/COCO_val2014_000000111970.jpg	2341	9623	21390	9788	21793	0.4498831229546517	-0.0007480795921041006	0.5501168770453483	[.25,.5)
3256	public5:1_856_73	official5	1	73	val2014/COCO_val2014_000000460091.jpg	val2014/COCO_val2014_000000222075.jpg	2342	16541	28110	16219	26940	0.5884382781928139	0.013603295675040594	0.4115617218071861	[.5,.75)
3257	public5:1_857_25	official5	1	25	val2014/COCO_val2014_000000286583.jpg	val2014/COCO_val2014_000000284286.jpg	2343	58818	71460	50767	67756	0.8230898404701931	-0.07382778249746735	0.17691015952980693	[.75,.9)
3258	public5:1_858_77	official5	1	77	val2014/COCO_val2014_000000270148.jpg	val2014/COCO_val2014_000000392717.jpg	2344	172551	191458	172872	192966	0.9012472709419298	-0.005379605135518273	0.0987527290580702	[.9,1]
3259	public5:1_859_41	official5	1	41	val2014/COCO_val2014_000000016030.jpg	val2014/COCO_val2014_000000056567.jpg	2345	119044	243774	119161	249649	0.4883375585583368	-0.011023409493049141	0.5116624414416632	[.25,.5)
3260	public5:1_860_5	official5	1	5	val2014/COCO_val2014_000000382584.jpg	val2014/COCO_val2014_000000344862.jpg	2346	418725	448777	418788	447573	0.9330357839194077	0.002650685103522621	0.06696421608059233	[.9,1]
3261	public5:1_861_13	official5	1	13	val2014/COCO_val2014_000000027528.jpg	val2014/COCO_val2014_000000206806.jpg	2347	181076	196364	181370	198096	0.9221445886211321	-0.006578398491094206	0.07785541137886787	[.9,1]
3262	public5:1_862_25	official5	1	25	val2014/COCO_val2014_000000124599.jpg	val2014/COCO_val2014_000000042069.jpg	2348	106743	111649	107718	115978	0.9560587197377496	-0.027279123607448996	0.043941280262250415	[.9,1]
3263	public5:1_863_65	official5	1	65	val2014/COCO_val2014_000000114187.jpg	val2014/COCO_val2014_000000105668.jpg	1656	0	137580	0	85309	0.0	0.0	1.0	[0,.25)
3264	public5:1_864_69	official5	1	69	val2014/COCO_val2014_000000206784.jpg	val2014/COCO_val2014_000000529568.jpg	638	62663	141381	76490	127388	0.4432208005318961	0.15722822135399578	0.556779199468104	[.25,.5)
3265	public5:1_865_5	official5	1	5	val2014/COCO_val2014_000000518937.jpg	val2014/COCO_val2014_000000212663.jpg	2349	6915	11502	6564	9392	0.6011997913406364	0.09769288327605863	0.3988002086593636	[.5,.75)
3266	public5:1_866_33	official5	1	33	val2014/COCO_val2014_000000436605.jpg	val2014/COCO_val2014_000000487351.jpg	2350	134423	279876	81230	274024	0.4802948448598665	-0.1838609558574434	0.5197051551401335	[.25,.5)
3267	public5:1_867_37	official5	1	37	val2014/COCO_val2014_000000032391.jpg	val2014/COCO_val2014_000000439770.jpg	2351	4913	14159	4855	14289	0.346987781622996	-0.007215929149064992	0.653012218377004	[.25,.5)
3268	public5:1_868_25	official5	1	25	val2014/COCO_val2014_000000464317.jpg	val2014/COCO_val2014_000000568148.jpg	2352	116194	128652	116590	131954	0.9031651276311289	-0.019599642689406727	0.09683487236887112	[.9,1]
3269	public5:1_869_65	official5	1	65	val2014/COCO_val2014_000000271117.jpg	val2014/COCO_val2014_000000233521.jpg	275	15896	23734	14948	22022	0.6697564675149574	0.00901930216990321	0.33024353248504257	[.5,.75)
3270	public5:1_870_61	official5	1	61	val2014/COCO_val2014_000000354685.jpg	val2014/COCO_val2014_000000126671.jpg	2353	65552	71833	65597	72777	0.9125610791697409	-0.011218622074779638	0.08743892083025906	[.9,1]
3271	public5:1_871_77	official5	1	77	val2014/COCO_val2014_000000069884.jpg	val2014/COCO_val2014_000000180575.jpg	659	71411	77214	70084	78516	0.9248452353200197	-0.03223735921833348	0.07515476467998028	[.9,1]
3272	public5:1_872_77	official5	1	77	val2014/COCO_val2014_000000580284.jpg	val2014/COCO_val2014_000000429582.jpg	2354	233124	295212	235636	302568	0.7896833462054388	-0.01089642888437381	0.21031665379456121	[.75,.9)
3273	public5:1_873_65	official5	1	65	val2014/COCO_val2014_000000557117.jpg	val2014/COCO_val2014_000000468129.jpg	2355	176835	218809	176848	221396	0.8081705962734622	-0.009384710349597314	0.19182940372653778	[.75,.9)
3274	public5:1_874_17	official5	1	17	val2014/COCO_val2014_000000075990.jpg	val2014/COCO_val2014_000000003209.jpg	2356	108385	136815	108909	141820	0.7922011475349925	-0.024262915973858656	0.2077988524650075	[.75,.9)
3275	public5:1_875_21	official5	1	21	val2014/COCO_val2014_000000075090.jpg	val2014/COCO_val2014_000000459575.jpg	2357	153315	158998	154087	163364	0.9642574120429188	-0.021044709121834648	0.035742587957081184	[.9,1]
3276	public5:1_876_9	official5	1	9	val2014/COCO_val2014_000000307438.jpg	val2014/COCO_val2014_000000361103.jpg	435	296968	380930	321906	406265	0.7795868007245426	0.012767943100300827	0.22041319927545744	[.75,.9)
3277	public5:1_877_77	official5	1	77	val2014/COCO_val2014_000000000623.jpg	val2014/COCO_val2014_000000446958.jpg	2358	348576	560726	350426	562551	0.6216512164586625	0.0012718607378938707	0.3783487835413375	[.5,.75)
3278	public5:1_878_21	official5	1	21	val2014/COCO_val2014_000000077118.jpg	val2014/COCO_val2014_000000008401.jpg	2359	64936	75352	64956	71138	0.8617687652617051	0.05132971937379216	0.1382312347382949	[.75,.9)
3279	public5:1_879_21	official5	1	21	val2014/COCO_val2014_000000000502.jpg	val2014/COCO_val2014_000000169313.jpg	2360	163438	174991	167225	179471	0.9339794618008926	-0.00221332688215925	0.06602053819910736	[.9,1]
3280	public5:1_880_61	official5	1	61	val2014/COCO_val2014_000000419971.jpg	val2014/COCO_val2014_000000557677.jpg	2361	206919	222930	200483	219280	0.9281792490916431	-0.013900701116451475	0.07182075090835693	[.9,1]
3281	public5:1_881_29	official5	1	29	val2014/COCO_val2014_000000349964.jpg	val2014/COCO_val2014_000000169361.jpg	262	51120	54480	51407	56050	0.9383259911894273	-0.021162744088624397	0.06167400881057272	[.9,1]
3282	public5:1_882_53	official5	1	53	val2014/COCO_val2014_000000211282.jpg	val2014/COCO_val2014_000000488198.jpg	1424	66878	246816	68458	247684	0.27096298457150264	0.005429515549619457	0.7290370154284973	[.25,.5)
3283	public5:1_883_77	official5	1	77	val2014/COCO_val2014_000000554084.jpg	val2014/COCO_val2014_000000110415.jpg	2362	109644	474938	106435	474534	0.23085960693816876	-0.0065658787753817005	0.7691403930618312	[0,.25)
3284	public5:1_884_21	official5	1	21	val2014/COCO_val2014_000000298738.jpg	val2014/COCO_val2014_000000011552.jpg	1531	313338	452362	310300	449873	0.6926709140025025	-0.0029206956075332746	0.30732908599749753	[.5,.75)
3285	public5:1_885_41	official5	1	41	val2014/COCO_val2014_000000160104.jpg	val2014/COCO_val2014_000000569319.jpg	2363	44397	63254	46543	69625	0.7018844658045341	-0.03340331679196684	0.2981155341954659	[.5,.75)
3286	public5:1_886_1	official5	1	1	val2014/COCO_val2014_000000495183.jpg	val2014/COCO_val2014_000000105518.jpg	2364	62633	75136	59850	73598	0.8335950809199318	-0.020393635228472817	0.16640491908006816	[.75,.9)
3287	public5:1_887_69	official5	1	69	val2014/COCO_val2014_000000113082.jpg	val2014/COCO_val2014_000000508312.jpg	650	34658	47385	34219	44891	0.7314128943758573	0.030855711803555064	0.2685871056241427	[.5,.75)
3288	public5:1_888_73	official5	1	73	val2014/COCO_val2014_000000196865.jpg	val2014/COCO_val2014_000000301014.jpg	1984	159919	185832	162527	185215	0.8605568470446425	0.016947674727352147	0.13944315295535747	[.75,.9)
3289	public5:1_889_25	official5	1	25	val2014/COCO_val2014_000000252280.jpg	val2014/COCO_val2014_000000421010.jpg	274	3961	15527	3443	15458	0.2551040123655568	-0.032371446703763546	0.7448959876344432	[.25,.5)
3290	public5:1_890_1	official5	1	1	val2014/COCO_val2014_000000504732.jpg	val2014/COCO_val2014_000000095770.jpg	2365	65629	103231	65067	101257	0.6357489513808836	0.006843659500339383	0.3642510486191164	[.5,.75)
3291	public5:1_891_17	official5	1	17	val2014/COCO_val2014_000000415856.jpg	val2014/COCO_val2014_000000156756.jpg	2142	119654	154916	117293	152430	0.772379870381368	-0.0028922367134548432	0.22762012961863198	[.75,.9)
3292	public5:1_892_65	official5	1	65	val2014/COCO_val2014_000000253665.jpg	val2014/COCO_val2014_000000033753.jpg	1929	9635	13095	9475	12603	0.7357770141275296	0.016028111636177456	0.2642229858724704	[.5,.75)
3293	public5:1_893_57	official5	1	57	val2014/COCO_val2014_000000386332.jpg	val2014/COCO_val2014_000000501294.jpg	2366	33120	62505	50804	62609	0.5298776097912167	0.28157122344362173	0.4701223902087833	[.5,.75)
3294	public5:1_894_37	official5	1	37	val2014/COCO_val2014_000000387210.jpg	val2014/COCO_val2014_000000433554.jpg	2367	25334	29262	24766	29791	0.8657644726949627	-0.034439575914055776	0.1342355273050373	[.75,.9)
3295	public5:1_895_65	official5	1	65	val2014/COCO_val2014_000000271620.jpg	val2014/COCO_val2014_000000462330.jpg	1481	18188	96658	64	45458	0.18816859442570713	-0.18676070142557513	0.8118314055742929	[0,.25)
3296	public5:1_896_1	official5	1	1	val2014/COCO_val2014_000000565374.jpg	val2014/COCO_val2014_000000257036.jpg	1004	269994	433589	191140	420732	0.6226956864680607	-0.16839223438930273	0.3773043135319393	[.5,.75)
3297	public5:1_897_5	official5	1	5	val2014/COCO_val2014_000000008333.jpg	val2014/COCO_val2014_000000419544.jpg	2368	0	104448	0	116735	0.0	0.0	1.0	[0,.25)
3298	public5:1_898_61	official5	1	61	val2014/COCO_val2014_000000264976.jpg	val2014/COCO_val2014_000000252829.jpg	2369	219925	235276	214643	233167	0.9347532259984018	-0.014198430508474025	0.06524677400159817	[.9,1]
3299	public5:1_899_77	official5	1	77	val2014/COCO_val2014_000000323925.jpg	val2014/COCO_val2014_000000535579.jpg	527	49982	55921	45272	53910	0.8937966059262173	-0.05402661891082128	0.10620339407378265	[.75,.9)
3300	public5:2_750_2	official5	2	2	val2014/COCO_val2014_000000560222.jpg	val2014/COCO_val2014_000000364596.jpg	2370	16007	33044	15171	32246	0.4844147197675826	-0.013937761385147573	0.5155852802324175	[.25,.5)
3301	public5:2_751_70	official5	2	70	val2014/COCO_val2014_000000325505.jpg	val2014/COCO_val2014_000000124236.jpg	48	7044	8887	7967	9070	0.7926184314166761	0.08577186626799871	0.2073815685833239	[.75,.9)
3302	public5:2_752_62	official5	2	62	val2014/COCO_val2014_000000235597.jpg	val2014/COCO_val2014_000000555322.jpg	2371	50485	181706	54568	181990	0.27783892661772314	0.022001723967473852	0.7221610733822769	[.25,.5)
3303	public5:2_753_38	official5	2	38	val2014/COCO_val2014_000000544351.jpg	val2014/COCO_val2014_000000233915.jpg	2372	17363	19039	17152	20454	0.9119701665003414	-0.07340558255588059	0.08802983349965865	[.9,1]
3304	public5:2_754_10	official5	2	10	val2014/COCO_val2014_000000370448.jpg	val2014/COCO_val2014_000000425555.jpg	2373	10607	14273	11357	14551	0.7431514047502277	0.037344781078924916	0.2568485952497723	[.5,.75)
3305	public5:2_755_42	official5	2	42	val2014/COCO_val2014_000000080357.jpg	val2014/COCO_val2014_000000221872.jpg	2374	33366	48235	33167	45414	0.6917383642583187	0.03858708604335037	0.3082616357416813	[.5,.75)
3306	public5:2_756_58	official5	2	58	val2014/COCO_val2014_000000150358.jpg	val2014/COCO_val2014_000000181591.jpg	2375	58593	104665	63057	108950	0.5598146467300434	0.01895543128739574	0.44018535326995656	[.5,.75)
3307	public5:2_757_2	official5	2	2	val2014/COCO_val2014_000000063906.jpg	val2014/COCO_val2014_000000559730.jpg	2376	12646	19407	12422	20111	0.65162054928634	-0.03394862844699831	0.34837945071366005	[.5,.75)
3308	public5:2_758_14	official5	2	14	val2014/COCO_val2014_000000498942.jpg	val2014/COCO_val2014_000000262323.jpg	1665	144417	257694	20985	254894	0.5604204987310532	-0.4780921583228835	0.43957950126894685	[.5,.75)
3309	public5:2_759_6	official5	2	6	val2014/COCO_val2014_000000382728.jpg	val2014/COCO_val2014_000000408818.jpg	2377	375623	406866	377477	411576	0.9232105902188927	-0.00606041625345255	0.07678940978110727	[.9,1]
3310	public5:2_760_66	official5	2	66	val2014/COCO_val2014_000000558012.jpg	val2014/COCO_val2014_000000316842.jpg	2378	16813	25801	15414	24810	0.6516414092477035	-0.030359668014329877	0.34835859075229647	[.5,.75)
3311	public5:2_761_42	official5	2	42	val2014/COCO_val2014_000000064703.jpg	val2014/COCO_val2014_000000465552.jpg	1691	6899	11367	6829	13209	0.6069323480249846	-0.08993636044076181	0.39306765197501536	[.5,.75)
3312	public5:2_762_26	official5	2	26	val2014/COCO_val2014_000000211141.jpg	val2014/COCO_val2014_000000095251.jpg	2379	21429	83048	21427	81442	0.2580314998555053	0.00506370900478792	0.7419685001444947	[.25,.5)
3313	public5:2_763_18	official5	2	18	val2014/COCO_val2014_000000386227.jpg	val2014/COCO_val2014_000000298186.jpg	2380	36723	69280	34486	68886	0.5300663972286375	-0.029442177503294142	0.46993360277136254	[.5,.75)
3314	public5:2_764_2	official5	2	2	val2014/COCO_val2014_000000536201.jpg	val2014/COCO_val2014_000000010363.jpg	2381	19214	27215	12342	25215	0.7060077163329046	-0.2165371630907868	0.2939922836670954	[.5,.75)
3315	public5:2_765_54	official5	2	54	val2014/COCO_val2014_000000292480.jpg	val2014/COCO_val2014_000000219629.jpg	2382	86502	160318	88661	160609	0.5395651143352587	0.012464971151855964	0.46043488566474133	[.5,.75)
3316	public5:2_766_22	official5	2	22	val2014/COCO_val2014_000000300147.jpg	val2014/COCO_val2014_000000509402.jpg	2383	300375	396015	308977	394544	0.7584939964395288	0.02463031922615111	0.24150600356047125	[.75,.9)
3317	public5:2_767_30	official5	2	30	val2014/COCO_val2014_000000292988.jpg	val2014/COCO_val2014_000000507750.jpg	2384	9023	25076	9120	25047	0.3598261285691498	0.004289334360542352	0.6401738714308502	[.25,.5)
3318	public5:2_768_70	official5	2	70	val2014/COCO_val2014_000000175364.jpg	val2014/COCO_val2014_000000493235.jpg	48	10573	12165	10930	13299	0.8691327579120427	-0.04726645217476921	0.1308672420879573	[.75,.9)
3319	public5:2_769_62	official5	2	62	val2014/COCO_val2014_000000117701.jpg	val2014/COCO_val2014_000000455937.jpg	2385	29304	94508	29501	87477	0.3100689888686672	0.02717394355928532	0.6899310111313328	[.25,.5)
3320	public5:2_770_50	official5	2	50	val2014/COCO_val2014_000000433044.jpg	val2014/COCO_val2014_000000350388.jpg	2082	273004	363080	273371	366808	0.7519114244794536	-0.006641419463205289	0.24808857552054642	[.75,.9)
3321	public5:2_771_18	official5	2	18	val2014/COCO_val2014_000000146099.jpg	val2014/COCO_val2014_000000393203.jpg	2386	241493	263774	236105	265437	0.9155299612547104	-0.026034525426246402	0.08447003874528958	[.9,1]
3322	public5:2_772_74	official5	2	74	val2014/COCO_val2014_000000169700.jpg	val2014/COCO_val2014_000000205906.jpg	2064	22129	24716	23608	24719	0.8953309597022172	0.05972385643112155	0.10466904029778279	[.75,.9)
3323	public5:2_773_14	official5	2	14	val2014/COCO_val2014_000000009142.jpg	val2014/COCO_val2014_000000280480.jpg	2387	30489	32861	30642	34393	0.9278171692888226	-0.03688005999332644	0.07218283071117737	[.9,1]
3324	public5:2_774_22	official5	2	22	val2014/COCO_val2014_000000476282.jpg	val2014/COCO_val2014_000000115300.jpg	2388	415232	481430	421034	480627	0.8624971439253889	0.013512734837144214	0.1375028560746111	[.75,.9)
3325	public5:2_775_66	official5	2	66	val2014/COCO_val2014_000000058886.jpg	val2014/COCO_val2014_000000059598.jpg	2389	0	106938	0	111103	0.0	0.0	1.0	[0,.25)
3326	public5:2_776_70	official5	2	70	val2014/COCO_val2014_000000280857.jpg	val2014/COCO_val2014_000000135561.jpg	48	11109	25552	11626	23699	0.4347604884157796	0.05580873391427654	0.5652395115842204	[.25,.5)
3327	public5:2_777_78	official5	2	78	val2014/COCO_val2014_000000454543.jpg	val2014/COCO_val2014_000000117759.jpg	306	8077	14035	6956	14257	0.5754898468115426	-0.08758916644400383	0.4245101531884574	[.5,.75)
3328	public5:2_778_30	official5	2	30	val2014/COCO_val2014_000000332074.jpg	val2014/COCO_val2014_000000182523.jpg	608	9694	37691	5342	24978	0.25719667825210263	-0.043328474232565445	0.7428033217478973	[.25,.5)
3329	public5:2_779_30	official5	2	30	val2014/COCO_val2014_000000019292.jpg	val2014/COCO_val2014_000000203781.jpg	852	12894	185439	13008	198962	0.06953229903094818	-0.004152980367082712	0.9304677009690518	[0,.25)
3330	public5:2_780_70	official5	2	70	val2014/COCO_val2014_000000418882.jpg	val2014/COCO_val2014_000000542611.jpg	48	16198	18531	16608	18610	0.8741028546759484	0.018320573588425648	0.1258971453240516	[.75,.9)
3331	public5:2_781_38	official5	2	38	val2014/COCO_val2014_000000519275.jpg	val2014/COCO_val2014_000000344364.jpg	1725	19788	23165	19903	23346	0.8542197280379883	-0.0016968119067451992	0.1457802719620117	[.75,.9)
3332	public5:2_782_74	official5	2	74	val2014/COCO_val2014_000000061492.jpg	val2014/COCO_val2014_000000091280.jpg	2390	30747	36663	32529	36943	0.838638409295475	0.04188022752340814	0.16136159070452505	[.75,.9)
3333	public5:2_783_50	official5	2	50	val2014/COCO_val2014_000000123321.jpg	val2014/COCO_val2014_000000501062.jpg	407	185575	344501	174287	340659	0.5386776816322739	-0.027060492595730068	0.4613223183677261	[.5,.75)
3334	public5:2_784_70	official5	2	70	val2014/COCO_val2014_000000093959.jpg	val2014/COCO_val2014_000000360101.jpg	48	8308	17856	8425	10434	0.4652777777777778	0.3421786147849978	0.5347222222222222	[.25,.5)
3335	public5:2_785_10	official5	2	10	val2014/COCO_val2014_000000416125.jpg	val2014/COCO_val2014_000000458156.jpg	2391	35692	42473	36968	42446	0.8403456313422645	0.030596271310517897	0.15965436865773552	[.75,.9)
3336	public5:2_786_62	official5	2	62	val2014/COCO_val2014_000000480000.jpg	val2014/COCO_val2014_000000449963.jpg	2392	12519	19063	13740	15985	0.6567172008603053	0.20283863273368907	0.3432827991396947	[.5,.75)
3337	public5:2_787_46	official5	2	46	val2014/COCO_val2014_000000519706.jpg	val2014/COCO_val2014_000000308849.jpg	814	9049	10274	9397	10932	0.8807669846213744	-0.02118044967808863	0.11923301537862563	[.75,.9)
3338	public5:2_788_62	official5	2	62	val2014/COCO_val2014_000000577030.jpg	val2014/COCO_val2014_000000301575.jpg	2393	11096	263110	11096	210336	0.042172475390521075	0.010581213944637909	0.957827524609479	[0,.25)
3339	public5:2_789_46	official5	2	46	val2014/COCO_val2014_000000043753.jpg	val2014/COCO_val2014_000000383341.jpg	729	17310	20478	17638	20378	0.8452973923234691	0.020243877673586486	0.15470260767653088	[.75,.9)
3340	public5:2_790_14	official5	2	14	val2014/COCO_val2014_000000419859.jpg	val2014/COCO_val2014_000000012754.jpg	762	28868	31981	29872	33449	0.9026609549419968	-0.009599876882862013	0.09733904505800317	[.9,1]
3341	public5:2_791_22	official5	2	22	val2014/COCO_val2014_000000052462.jpg	val2014/COCO_val2014_000000116589.jpg	2394	119404	143199	118499	147250	0.8338326384960789	-0.029085609633600185	0.16616736150392108	[.75,.9)
3342	public5:2_792_10	official5	2	10	val2014/COCO_val2014_000000192763.jpg	val2014/COCO_val2014_000000118715.jpg	2395	238454	329993	237584	330641	0.7226032067346884	-0.004047431740056728	0.27739679326531164	[.5,.75)
3343	public5:2_793_74	official5	2	74	val2014/COCO_val2014_000000016838.jpg	val2014/COCO_val2014_000000544306.jpg	2396	70319	288677	80620	288026	0.2435905874039151	0.03631469892440248	0.756409412596085	[0,.25)
3344	public5:2_794_10	official5	2	10	val2014/COCO_val2014_000000240800.jpg	val2014/COCO_val2014_000000403515.jpg	1654	303268	320721	310926	322865	0.9455819855887204	0.017439710785925322	0.05441801441127958	[.9,1]
3345	public5:2_795_10	official5	2	10	val2014/COCO_val2014_000000339678.jpg	val2014/COCO_val2014_000000440729.jpg	2397	28117	31054	29234	32543	0.9054228118760869	-0.007103664901314977	0.09457718812391314	[.9,1]
3346	public5:2_796_14	official5	2	14	val2014/COCO_val2014_000000312544.jpg	val2014/COCO_val2014_000000449749.jpg	348	112791	131074	115833	134007	0.8605139081740085	0.0038663107697779475	0.13948609182599148	[.75,.9)
3347	public5:2_797_42	official5	2	42	val2014/COCO_val2014_000000340327.jpg	val2014/COCO_val2014_000000221846.jpg	878	8553	33952	8130	32631	0.2519144674835061	-0.002764885797379407	0.7480855325164939	[.25,.5)
3348	public5:2_798_50	official5	2	50	val2014/COCO_val2014_000000136795.jpg	val2014/COCO_val2014_000000083161.jpg	302	22313	61094	21784	27262	0.36522408092447706	0.4338368830546881	0.6347759190755229	[.25,.5)
3349	public5:2_799_10	official5	2	10	val2014/COCO_val2014_000000244019.jpg	val2014/COCO_val2014_000000148785.jpg	2090	44467	51781	45602	52642	0.8587512794268168	0.0075151998102942486	0.14124872057318316	[.75,.9)
3350	public5:2_800_6	official5	2	6	val2014/COCO_val2014_000000030353.jpg	val2014/COCO_val2014_000000446113.jpg	2398	169241	182427	149118	182921	0.9277190328186069	-0.11251465497243285	0.0722809671813931	[.9,1]
3351	public5:2_801_6	official5	2	6	val2014/COCO_val2014_000000156696.jpg	val2014/COCO_val2014_000000050354.jpg	2399	545814	632076	555097	633299	0.8635259051126764	0.012990558674571107	0.13647409488732365	[.75,.9)
3352	public5:2_802_14	official5	2	14	val2014/COCO_val2014_000000395378.jpg	val2014/COCO_val2014_000000544811.jpg	2400	28180	34826	30338	36148	0.8091655659564693	0.030106316305343328	0.19083443404353073	[.75,.9)
3353	public5:2_803_18	official5	2	18	val2014/COCO_val2014_000000370609.jpg	val2014/COCO_val2014_000000327872.jpg	2401	201340	240325	205340	242621	0.8377821699781546	0.008558418841444704	0.16221783002184542	[.75,.9)
3354	public5:2_804_6	official5	2	6	val2014/COCO_val2014_000000156696.jpg	val2014/COCO_val2014_000000061715.jpg	2399	515954	638189	539263	638615	0.8084658306551821	0.03595999711272191	0.19153416934481793	[.75,.9)
3355	public5:2_805_22	official5	2	22	val2014/COCO_val2014_000000306383.jpg	val2014/COCO_val2014_000000526560.jpg	1305	15386	19912	15343	18833	0.7726998794696666	0.04198710614069823	0.22730012053033344	[.75,.9)
3356	public5:2_806_50	official5	2	50	val2014/COCO_val2014_000000367007.jpg	val2014/COCO_val2014_000000027009.jpg	158	71258	216122	72900	218467	0.32971192196999843	0.003976918907571181	0.6702880780300016	[.25,.5)
3357	public5:2_807_46	official5	2	46	val2014/COCO_val2014_000000154095.jpg	val2014/COCO_val2014_000000084889.jpg	145	10504	11777	10803	12012	0.8919079561857859	0.0074426931648634564	0.10809204381421411	[.75,.9)
3358	public5:2_808_2	official5	2	2	val2014/COCO_val2014_000000441083.jpg	val2014/COCO_val2014_000000123244.jpg	2402	556580	842251	483852	842682	0.6608243860796841	-0.086643378297389	0.3391756139203159	[.5,.75)
3359	public5:2_809_6	official5	2	6	val2014/COCO_val2014_000000381991.jpg	val2014/COCO_val2014_000000092115.jpg	2403	588426	759969	578053	758877	0.7742763191656502	-0.012554722648691619	0.2257236808343498	[.75,.9)
3360	public5:2_810_6	official5	2	6	val2014/COCO_val2014_000000544855.jpg	val2014/COCO_val2014_000000149329.jpg	2404	265357	306597	282887	310512	0.8654911822359644	0.04554285187543872	0.13450881776403556	[.75,.9)
3361	public5:2_811_34	official5	2	34	val2014/COCO_val2014_000000477087.jpg	val2014/COCO_val2014_000000125404.jpg	2405	34070	44474	34249	46234	0.7660655663983451	-0.0252903793065945	0.2339344336016549	[.75,.9)
3362	public5:2_812_42	official5	2	42	val2014/COCO_val2014_000000383270.jpg	val2014/COCO_val2014_000000025955.jpg	466	24741	71973	24738	68940	0.34375390771539327	0.015079860778949628	0.6562460922846067	[.25,.5)
3363	public5:2_813_62	official5	2	62	val2014/COCO_val2014_000000423744.jpg	val2014/COCO_val2014_000000364444.jpg	2406	128401	207790	129006	193866	0.617936378074017	0.04750263650306197	0.382063621925983	[.5,.75)
3364	public5:2_814_54	official5	2	54	val2014/COCO_val2014_000000470366.jpg	val2014/COCO_val2014_000000456465.jpg	1338	12585	169991	12423	160917	0.0740333311763564	0.0031679589297231303	0.9259666688236436	[0,.25)
3365	public5:2_815_14	official5	2	14	val2014/COCO_val2014_000000133821.jpg	val2014/COCO_val2014_000000107177.jpg	2407	255929	281237	254243	279734	0.9100118405472964	-0.0011376958240951751	0.08998815945270355	[.9,1]
3366	public5:2_816_70	official5	2	70	val2014/COCO_val2014_000000564283.jpg	val2014/COCO_val2014_000000159240.jpg	48	16098	26909	16031	25440	0.5982385075625255	0.03191086350665684	0.4017614924374745	[.5,.75)
3367	public5:2_817_78	official5	2	78	val2014/COCO_val2014_000000194288.jpg	val2014/COCO_val2014_000000466763.jpg	306	44038	57641	45122	57423	0.7640047882583577	0.0217779120533641	0.23599521174164229	[.75,.9)
3368	public5:2_818_70	official5	2	70	val2014/COCO_val2014_000000173008.jpg	val2014/COCO_val2014_000000387696.jpg	48	24326	29401	24238	29198	0.8273868235774293	0.0027385274740125976	0.17261317642257068	[.75,.9)
3369	public5:2_819_38	official5	2	38	val2014/COCO_val2014_000000509867.jpg	val2014/COCO_val2014_000000442861.jpg	1244	15888	18371	15803	19041	0.8648413260029394	-0.03489541980053401	0.1351586739970606	[.75,.9)
3370	public5:2_820_2	official5	2	2	val2014/COCO_val2014_000000072514.jpg	val2014/COCO_val2014_000000043305.jpg	1123	75919	123949	67837	115249	0.6125019161106584	-0.023889433572849006	0.3874980838893416	[.5,.75)
3371	public5:2_821_78	official5	2	78	val2014/COCO_val2014_000000384136.jpg	val2014/COCO_val2014_000000116466.jpg	306	18740	21904	18810	23363	0.8555514974433893	-0.050432291861914336	0.14444850255661068	[.75,.9)
3372	public5:2_822_10	official5	2	10	val2014/COCO_val2014_000000015746.jpg	val2014/COCO_val2014_000000318224.jpg	2408	182203	193071	183075	193861	0.9437098269548508	0.0006523707022333403	0.05629017304514916	[.9,1]
3373	public5:2_823_74	official5	2	74	val2014/COCO_val2014_000000053267.jpg	val2014/COCO_val2014_000000218362.jpg	2409	60664	126911	52485	92879	0.4780042707093948	0.08708579270644734	0.5219957292906052	[.25,.5)
3374	public5:2_824_38	official5	2	38	val2014/COCO_val2014_000000183391.jpg	val2014/COCO_val2014_000000201072.jpg	2410	16537	19487	16665	20529	0.8486170267357726	-0.036838566995892386	0.15138297326422745	[.75,.9)
3375	public5:2_825_30	official5	2	30	val2014/COCO_val2014_000000419789.jpg	val2014/COCO_val2014_000000081303.jpg	889	5222	46430	2378	18300	0.11247038552659919	0.01747496966465764	0.8875296144734008	[0,.25)
3376	public5:2_826_70	official5	2	70	val2014/COCO_val2014_000000557339.jpg	val2014/COCO_val2014_000000093959.jpg	48	9117	13706	9036	11544	0.6651831314752663	0.11756115126901645	0.3348168685247337	[.5,.75)
3377	public5:2_827_26	official5	2	26	val2014/COCO_val2014_000000204256.jpg	val2014/COCO_val2014_000000574619.jpg	2411	80646	372961	73019	342976	0.2162317239604141	-0.0033334453636609807	0.7837682760395859	[0,.25)
3378	public5:2_828_14	official5	2	14	val2014/COCO_val2014_000000312544.jpg	val2014/COCO_val2014_000000464251.jpg	348	120505	134256	120303	139380	0.8975762721964009	-0.03444669836945302	0.1024237278035991	[.75,.9)
3379	public5:2_829_30	official5	2	30	val2014/COCO_val2014_000000308115.jpg	val2014/COCO_val2014_000000179374.jpg	2412	8258	22365	4248	18403	0.36923764811088755	-0.1384057185341881	0.6307623518891124	[.25,.5)
3380	public5:2_830_34	official5	2	34	val2014/COCO_val2014_000000050352.jpg	val2014/COCO_val2014_000000352259.jpg	2413	9940	12206	10421	12056	0.81435359659184	0.05002928330198875	0.18564640340815997	[.75,.9)
3381	public5:2_831_46	official5	2	46	val2014/COCO_val2014_000000050239.jpg	val2014/COCO_val2014_000000262686.jpg	2303	47326	113188	47616	111713	0.41811852846591513	0.00811655608109374	0.5818814715340849	[.25,.5)
3382	public5:2_832_38	official5	2	38	val2014/COCO_val2014_000000045136.jpg	val2014/COCO_val2014_000000025508.jpg	2414	22125	26154	22159	26974	0.8459509061711402	-0.024456133427016247	0.15404909382885978	[.75,.9)
3383	public5:2_833_66	official5	2	66	val2014/COCO_val2014_000000071021.jpg	val2014/COCO_val2014_000000441614.jpg	2415	29641	38790	26545	37315	0.7641402423304976	-0.0527641201276301	0.2358597576695024	[.75,.9)
3384	public5:2_834_2	official5	2	2	val2014/COCO_val2014_000000233023.jpg	val2014/COCO_val2014_000000354724.jpg	2140	20051	29251	19579	29383	0.6854808382619397	-0.01914316001261185	0.31451916173806027	[.5,.75)
3385	public5:2_835_50	official5	2	50	val2014/COCO_val2014_000000512793.jpg	val2014/COCO_val2014_000000253718.jpg	1314	32301	38410	31716	39312	0.8409528768549857	-0.03417632007842886	0.15904712314501435	[.75,.9)
3386	public5:2_836_18	official5	2	18	val2014/COCO_val2014_000000488374.jpg	val2014/COCO_val2014_000000154947.jpg	2416	310357	352082	313812	357460	0.8814906754676467	-0.003596645366376605	0.1185093245323533	[.75,.9)
3387	public5:2_837_62	official5	2	62	val2014/COCO_val2014_000000136533.jpg	val2014/COCO_val2014_000000405068.jpg	2417	117194	251218	118508	297467	0.4665031964270076	-0.06811278673450388	0.5334968035729923	[.25,.5)
3388	public5:2_838_54	official5	2	54	val2014/COCO_val2014_000000507436.jpg	val2014/COCO_val2014_000000247473.jpg	2418	123985	139193	123270	143715	0.890741632122305	-0.03300235647258154	0.10925836787769505	[.75,.9)
3389	public5:2_839_66	official5	2	66	val2014/COCO_val2014_000000072051.jpg	val2014/COCO_val2014_000000036942.jpg	198	24668	64278	25481	64328	0.38377049690407294	0.012340061484187204	0.6162295030959271	[.25,.5)
3390	public5:2_840_58	official5	2	58	val2014/COCO_val2014_000000140167.jpg	val2014/COCO_val2014_000000555217.jpg	2419	115242	182898	129354	183814	0.6300889020109569	0.07363333895001456	0.3699110979890431	[.5,.75)
3391	public5:2_841_22	official5	2	22	val2014/COCO_val2014_000000432732.jpg	val2014/COCO_val2014_000000392555.jpg	2420	178748	202552	177468	202483	0.8824795608041391	-0.006020796364655356	0.11752043919586086	[.75,.9)
3392	public5:2_842_54	official5	2	54	val2014/COCO_val2014_000000390048.jpg	val2014/COCO_val2014_000000099260.jpg	2421	12179	27029	13067	20516	0.4505901069221947	0.18632742086099896	0.5494098930778053	[.25,.5)
3393	public5:2_843_66	official5	2	66	val2014/COCO_val2014_000000245576.jpg	val2014/COCO_val2014_000000164453.jpg	985	238969	257885	237014	257305	0.9266494755414235	-0.005509194551936325	0.07335052445857648	[.9,1]
3394	public5:2_844_62	official5	2	62	val2014/COCO_val2014_000000229688.jpg	val2014/COCO_val2014_000000472678.jpg	2422	42487	51748	37382	51990	0.8210365617994898	-0.10201367278237117	0.1789634382005102	[.75,.9)
3395	public5:2_845_30	official5	2	30	val2014/COCO_val2014_000000550601.jpg	val2014/COCO_val2014_000000112816.jpg	1325	10375	19107	9618	16560	0.54299471397917	0.037802387470105336	0.45700528602083	[.5,.75)
3396	public5:2_846_38	official5	2	38	val2014/COCO_val2014_000000042743.jpg	val2014/COCO_val2014_000000510182.jpg	2423	24558	30481	25072	30663	0.8056822282733506	0.011980753170082847	0.19431777172664944	[.75,.9)
3397	public5:2_847_22	official5	2	22	val2014/COCO_val2014_000000375573.jpg	val2014/COCO_val2014_000000507668.jpg	2424	428745	485452	440427	488461	0.8831872152138626	0.01847535354802421	0.11681278478613744	[.75,.9)
3398	public5:2_848_38	official5	2	38	val2014/COCO_val2014_000000334327.jpg	val2014/COCO_val2014_000000438304.jpg	825	9110	10269	8920	10608	0.8871360405102736	-0.04626122904722685	0.11286395948972638	[.75,.9)
3399	public5:2_849_46	official5	2	46	val2014/COCO_val2014_000000495975.jpg	val2014/COCO_val2014_000000090724.jpg	2425	952490	1035178	986513	1041292	0.9201219500414421	0.02727128835854553	0.07987804995855785	[.9,1]
3400	public5:2_850_70	official5	2	70	val2014/COCO_val2014_000000493235.jpg	val2014/COCO_val2014_000000159240.jpg	48	17685	19651	17900	19626	0.8999542008040303	0.012101235861617265	0.10004579919596968	[.75,.9)
3401	public5:2_851_78	official5	2	78	val2014/COCO_val2014_000000024402.jpg	val2014/COCO_val2014_000000048850.jpg	306	77927	92366	78237	92996	0.843676244505554	-0.002381995290533956	0.156323755494446	[.75,.9)
3402	public5:2_852_62	official5	2	62	val2014/COCO_val2014_000000166244.jpg	val2014/COCO_val2014_000000400916.jpg	359	108375	149385	114044	153145	0.7254744452254243	0.01920543332105129	0.27452555477457574	[.5,.75)
3403	public5:2_853_18	official5	2	18	val2014/COCO_val2014_000000330022.jpg	val2014/COCO_val2014_000000563009.jpg	758	11594	108763	9018	99121	0.10659875141362411	-0.015619039748084013	0.8934012485863759	[0,.25)
3404	public5:2_854_6	official5	2	6	val2014/COCO_val2014_000000220872.jpg	val2014/COCO_val2014_000000248148.jpg	2065	398048	453351	411782	450803	0.8780128421465928	0.035428284021600365	0.12198715785340719	[.75,.9)
3405	public5:2_855_6	official5	2	6	val2014/COCO_val2014_000000528404.jpg	val2014/COCO_val2014_000000027874.jpg	2426	19473	24435	19584	22834	0.7969306322897484	0.060737756954361344	0.20306936771025164	[.75,.9)
3406	public5:2_856_10	official5	2	10	val2014/COCO_val2014_000000089395.jpg	val2014/COCO_val2014_000000296136.jpg	2031	107074	124184	108835	124366	0.8622205759196032	0.012898025627443355	0.13777942408039678	[.75,.9)
3407	public5:2_857_50	official5	2	50	val2014/COCO_val2014_000000423309.jpg	val2014/COCO_val2014_000000466015.jpg	1454	533217	601286	543951	600173	0.8867943042079809	0.019529372465245	0.11320569579201911	[.75,.9)
3408	public5:2_858_34	official5	2	34	val2014/COCO_val2014_000000576629.jpg	val2014/COCO_val2014_000000049740.jpg	2427	10224	16738	10707	17334	0.6108256661488828	0.006862115090300325	0.3891743338511172	[.5,.75)
3409	public5:2_859_6	official5	2	6	val2014/COCO_val2014_000000039628.jpg	val2014/COCO_val2014_000000215439.jpg	2428	32784	39168	33536	39920	0.8370098039215687	0.0030703563990726046	0.16299019607843135	[.75,.9)
3410	public5:2_860_30	official5	2	30	val2014/COCO_val2014_000000516677.jpg	val2014/COCO_val2014_000000188417.jpg	345	7738	17323	10085	23492	0.44668937251053514	-0.017394293334645483	0.5533106274894648	[.25,.5)
3411	public5:2_861_42	official5	2	42	val2014/COCO_val2014_000000581593.jpg	val2014/COCO_val2014_000000470318.jpg	2429	8951	12216	8384	14282	0.7327275703994761	-0.14569494191607046	0.2672724296005239	[.5,.75)
3412	public5:2_862_34	official5	2	34	val2014/COCO_val2014_000000147769.jpg	val2014/COCO_val2014_000000247014.jpg	303	5493	7239	6091	7716	0.7588064649813511	0.030592187170022656	0.24119353501864893	[.75,.9)
3413	public5:2_863_50	official5	2	50	val2014/COCO_val2014_000000543322.jpg	val2014/COCO_val2014_000000440991.jpg	2430	66708	75458	68200	74477	0.8840414535238146	0.03167749326512692	0.11595854647618542	[.75,.9)
3414	public5:2_864_14	official5	2	14	val2014/COCO_val2014_000000191126.jpg	val2014/COCO_val2014_000000289752.jpg	335	11757	13467	12807	14850	0.8730229449766095	-0.010598702552367056	0.12697705502339052	[.75,.9)
3415	public5:2_865_14	official5	2	14	val2014/COCO_val2014_000000374052.jpg	val2014/COCO_val2014_000000537652.jpg	2431	31314	110130	32976	83924	0.2843366929991828	0.10859024089338665	0.7156633070008172	[.25,.5)
3416	public5:2_866_62	official5	2	62	val2014/COCO_val2014_000000164924.jpg	val2014/COCO_val2014_000000045687.jpg	2432	12864	243025	15801	254867	0.052932825840962865	0.00906421575328041	0.9470671741590372	[0,.25)
3417	public5:2_867_50	official5	2	50	val2014/COCO_val2014_000000091766.jpg	val2014/COCO_val2014_000000023781.jpg	2433	123563	139557	124242	139976	0.8853944983053519	0.0022005179831546817	0.11460550169464812	[.75,.9)
3418	public5:2_868_62	official5	2	62	val2014/COCO_val2014_000000052869.jpg	val2014/COCO_val2014_000000292792.jpg	1268	76927	136056	71285	137118	0.5654068912800612	-0.045526204572262086	0.43459310871993884	[.5,.75)
3419	public5:2_869_6	official5	2	6	val2014/COCO_val2014_000000479030.jpg	val2014/COCO_val2014_000000178516.jpg	2095	118300	168233	123816	141858	0.7031914071555522	0.16962507129472915	0.2968085928444478	[.5,.75)
3420	public5:2_870_54	official5	2	54	val2014/COCO_val2014_000000193968.jpg	val2014/COCO_val2014_000000478136.jpg	1678	20602	24892	21340	25143	0.8276554716374739	0.02108970594674442	0.17234452836252612	[.75,.9)
3421	public5:2_871_6	official5	2	6	val2014/COCO_val2014_000000361221.jpg	val2014/COCO_val2014_000000500717.jpg	2434	182453	196156	184184	198270	0.9301423356920002	-0.0011868709217374152	0.06985766430799978	[.9,1]
3422	public5:2_872_66	official5	2	66	val2014/COCO_val2014_000000089268.jpg	val2014/COCO_val2014_000000158498.jpg	987	12610	28806	5877	21296	0.43775602305075334	-0.16178870524459255	0.5622439769492467	[.25,.5)
3423	public5:2_873_14	official5	2	14	val2014/COCO_val2014_000000056983.jpg	val2014/COCO_val2014_000000382214.jpg	2435	6737	9211	7164	9793	0.7314080990120508	0.00013483982181006215	0.26859190098794916	[.5,.75)
3424	public5:2_874_46	official5	2	46	val2014/COCO_val2014_000000203636.jpg	val2014/COCO_val2014_000000066413.jpg	456	57848	70710	57396	67274	0.818102107198416	0.035065535575909856	0.18189789280158397	[.75,.9)
3425	public5:2_875_34	official5	2	34	val2014/COCO_val2014_000000231747.jpg	val2014/COCO_val2014_000000243980.jpg	879	12722	27873	13796	29493	0.4564273669859721	0.011344646712193596	0.5435726330140279	[.25,.5)
3426	public5:2_876_34	official5	2	34	val2014/COCO_val2014_000000486788.jpg	val2014/COCO_val2014_000000563424.jpg	2105	25345	61895	22039	60776	0.4094838032151224	-0.046857108467195596	0.5905161967848775	[.25,.5)
3427	public5:2_877_46	official5	2	46	val2014/COCO_val2014_000000064136.jpg	val2014/COCO_val2014_000000251508.jpg	2436	156827	216589	158384	212068	0.724076476644705	0.02277830578357276	0.275923523355295	[.5,.75)
3428	public5:2_878_70	official5	2	70	val2014/COCO_val2014_000000229837.jpg	val2014/COCO_val2014_000000232348.jpg	48	59563	61513	59115	61766	0.9682993838700762	-0.011219436973725405	0.03170061612992381	[.9,1]
3429	public5:2_879_22	official5	2	22	val2014/COCO_val2014_000000094538.jpg	val2014/COCO_val2014_000000472821.jpg	379	13339	15743	14042	18108	0.8472972114590611	-0.0718388505136226	0.15270278854093888	[.75,.9)
3430	public5:2_880_54	official5	2	54	val2014/COCO_val2014_000000240783.jpg	val2014/COCO_val2014_000000469982.jpg	1253	421102	513403	422148	517906	0.8202172562295117	-0.005111812384489656	0.1797827437704883	[.75,.9)
3431	public5:2_881_50	official5	2	50	val2014/COCO_val2014_000000307263.jpg	val2014/COCO_val2014_000000528875.jpg	2437	78853	87409	80126	88486	0.9021153428136691	0.003406434642651668	0.09788465718633088	[.9,1]
3432	public5:2_882_2	official5	2	2	val2014/COCO_val2014_000000133291.jpg	val2014/COCO_val2014_000000414882.jpg	36	163213	230835	170668	239947	0.7070548227088613	0.0042189169086375156	0.29294517729113867	[.5,.75)
3433	public5:2_883_66	official5	2	66	val2014/COCO_val2014_000000489645.jpg	val2014/COCO_val2014_000000292741.jpg	1873	13306	22891	13339	21930	0.5812764842077672	0.02697704976396098	0.41872351579223277	[.5,.75)
3434	public5:2_884_18	official5	2	18	val2014/COCO_val2014_000000430254.jpg	val2014/COCO_val2014_000000434089.jpg	2438	250127	412869	250082	413731	0.6058265454659952	-0.0013709934285602854	0.39417345453400476	[.5,.75)
3435	public5:2_885_70	official5	2	70	val2014/COCO_val2014_000000327047.jpg	val2014/COCO_val2014_000000159240.jpg	48	14019	35433	13254	23743	0.3956481246295826	0.1625795635311385	0.6043518753704173	[.25,.5)
3436	public5:2_886_22	official5	2	22	val2014/COCO_val2014_000000268938.jpg	val2014/COCO_val2014_000000521593.jpg	2439	51489	64402	54342	67758	0.7994938045402317	0.0025074351657808913	0.20050619545976833	[.75,.9)
3437	public5:2_887_30	official5	2	30	val2014/COCO_val2014_000000043314.jpg	val2014/COCO_val2014_000000578849.jpg	2440	20175	28965	21252	26820	0.6965302951838426	0.09586344083405451	0.3034697048161574	[.5,.75)
3438	public5:2_888_34	official5	2	34	val2014/COCO_val2014_000000403675.jpg	val2014/COCO_val2014_000000187795.jpg	502	52798	57463	53377	59564	0.9188173259314689	-0.022688791917635065	0.08118267406853108	[.9,1]
3439	public5:2_889_6	official5	2	6	val2014/COCO_val2014_000000537861.jpg	val2014/COCO_val2014_000000352748.jpg	2441	335809	356880	335610	356284	0.9409577449002465	0.0010155123888824225	0.05904225509975347	[.9,1]
3440	public5:2_890_50	official5	2	50	val2014/COCO_val2014_000000569319.jpg	val2014/COCO_val2014_000000060464.jpg	2363	16282	22059	15850	19719	0.7381114284419058	0.06568186736416959	0.2618885715580942	[.5,.75)
3441	public5:2_891_18	official5	2	18	val2014/COCO_val2014_000000114710.jpg	val2014/COCO_val2014_000000288685.jpg	2442	46840	49790	47032	51926	0.9407511548503715	-0.03500066376690658	0.05924884514962847	[.9,1]
3442	public5:2_892_54	official5	2	54	val2014/COCO_val2014_000000512145.jpg	val2014/COCO_val2014_000000039659.jpg	1972	449056	553811	495018	567969	0.8108470218179126	0.06071110899556498	0.18915297818208743	[.75,.9)
3443	public5:2_893_34	official5	2	34	val2014/COCO_val2014_000000125085.jpg	val2014/COCO_val2014_000000292330.jpg	498	8167	57795	9048	47130	0.1413098018859763	0.050669828922426	0.8586901981140237	[0,.25)
3444	public5:2_894_46	official5	2	46	val2014/COCO_val2014_000000160260.jpg	val2014/COCO_val2014_000000246199.jpg	2443	230854	663147	233273	659897	0.3481188936992854	0.005380212979484156	0.6518811063007146	[.25,.5)
3445	public5:2_895_50	official5	2	50	val2014/COCO_val2014_000000232627.jpg	val2014/COCO_val2014_000000549167.jpg	2444	624831	661013	632178	664530	0.9452628011854532	0.0060531664909496685	0.05473719881454675	[.9,1]
3446	public5:2_896_30	official5	2	30	val2014/COCO_val2014_000000377706.jpg	val2014/COCO_val2014_000000245182.jpg	1325	22733	35365	23068	35325	0.6428106885338611	0.01021125060272765	0.35718931146613886	[.5,.75)
3447	public5:2_897_34	official5	2	34	val2014/COCO_val2014_000000364341.jpg	val2014/COCO_val2014_000000115772.jpg	2445	10107	12811	10966	13384	0.7889313870892202	0.030405134130146227	0.21106861291077983	[.75,.9)
3448	public5:2_898_26	official5	2	26	val2014/COCO_val2014_000000292456.jpg	val2014/COCO_val2014_000000374649.jpg	2446	26555	39801	28591	34957	0.6671942916007135	0.1506962596479634	0.33280570839928647	[.5,.75)
3449	public5:2_899_46	official5	2	46	val2014/COCO_val2014_000000423048.jpg	val2014/COCO_val2014_000000236607.jpg	711	47347	135407	47251	131393	0.3496643452701854	0.009951463791180115	0.6503356547298146	[.25,.5)
3450	public5:3_750_43	official5	3	43	val2014/COCO_val2014_000000280607.jpg	val2014/COCO_val2014_000000438788.jpg	1730	20035	27222	20163	27963	0.735985599882448	-0.01492562777645079	0.26401440011755195	[.5,.75)
3451	public5:3_751_67	official5	3	67	val2014/COCO_val2014_000000036660.jpg	val2014/COCO_val2014_000000290734.jpg	2447	85800	121186	62419	119607	0.7080025745548165	-0.18613512532525633	0.2919974254451835	[.5,.75)
3452	public5:3_752_59	official5	3	59	val2014/COCO_val2014_000000192904.jpg	val2014/COCO_val2014_000000327771.jpg	2448	511076	1039021	511776	1041580	0.4918822622449402	-0.000536422271054382	0.5081177377550599	[.25,.5)
3453	public5:3_753_19	official5	3	19	val2014/COCO_val2014_000000581422.jpg	val2014/COCO_val2014_000000520964.jpg	2449	201790	210453	204529	216410	0.9588364147814477	-0.013736835279576254	0.041163585218552345	[.9,1]
3454	public5:3_754_59	official5	3	59	val2014/COCO_val2014_000000269815.jpg	val2014/COCO_val2014_000000510593.jpg	2450	161423	272521	154983	271485	0.5923323340219653	-0.021461015164569885	0.4076676659780347	[.5,.75)
3455	public5:3_755_7	official5	3	7	val2014/COCO_val2014_000000564336.jpg	val2014/COCO_val2014_000000111547.jpg	2451	12401	24751	11659	17999	0.5010302614035796	0.14672794738579753	0.49896973859642035	[.5,.75)
3456	public5:3_756_7	official5	3	7	val2014/COCO_val2014_000000329217.jpg	val2014/COCO_val2014_000000422432.jpg	2452	59753	103501	66044	104875	0.5773180935449899	0.052422073320326	0.42268190645501014	[.5,.75)
3457	public5:3_757_75	official5	3	75	val2014/COCO_val2014_000000360487.jpg	val2014/COCO_val2014_000000322475.jpg	1350	84258	92076	84036	91180	0.9150918806203571	0.006557603915725352	0.08490811937964293	[.9,1]
3458	public5:3_758_71	official5	3	71	val2014/COCO_val2014_000000489344.jpg	val2014/COCO_val2014_000000030213.jpg	1002	75339	136938	74773	148452	0.5501686894799106	-0.04648399678462867	0.4498313105200894	[.5,.75)
3459	public5:3_759_75	official5	3	75	val2014/COCO_val2014_000000022208.jpg	val2014/COCO_val2014_000000426520.jpg	2453	20410	32580	20186	24182	0.6264579496623696	0.20829517249460672	0.37354205033763044	[.5,.75)
3460	public5:3_760_67	official5	3	67	val2014/COCO_val2014_000000086008.jpg	val2014/COCO_val2014_000000390072.jpg	2454	45996	56288	46397	55608	0.8171546333143832	0.017203732388393345	0.1828453666856168	[.75,.9)
3461	public5:3_761_39	official5	3	39	val2014/COCO_val2014_000000106614.jpg	val2014/COCO_val2014_000000280891.jpg	1815	19160	84899	18988	84820	0.22567992555860494	-0.0018176289304512039	0.7743200744413951	[0,.25)
3462	public5:3_762_67	official5	3	67	val2014/COCO_val2014_000000044579.jpg	val2014/COCO_val2014_000000000661.jpg	2455	18438	22386	17452	20844	0.8236397748592871	0.013627544273317027	0.17636022514071292	[.75,.9)
3463	public5:3_763_39	official5	3	39	val2014/COCO_val2014_000000380300.jpg	val2014/COCO_val2014_000000088436.jpg	2456	103319	109540	103780	110901	0.9432079605623517	-0.007418382470179341	0.05679203943764832	[.9,1]
3464	public5:3_764_7	official5	3	7	val2014/COCO_val2014_000000420081.jpg	val2014/COCO_val2014_000000412184.jpg	1750	6100	97530	4138	89361	0.06254485799241259	-0.016238303679009657	0.9374551420075874	[0,.25)
3465	public5:3_765_19	official5	3	19	val2014/COCO_val2014_000000282804.jpg	val2014/COCO_val2014_000000233383.jpg	2457	395627	428493	395084	426535	0.9232986303160144	0.0029653339542096147	0.07670136968398555	[.9,1]
3466	public5:3_766_7	official5	3	7	val2014/COCO_val2014_000000378448.jpg	val2014/COCO_val2014_000000558137.jpg	2458	30745	441217	31024	425103	0.06968226518923795	0.0032976949615960843	0.9303177348107621	[0,.25)
3467	public5:3_767_7	official5	3	7	val2014/COCO_val2014_000000054264.jpg	val2014/COCO_val2014_000000219271.jpg	2459	22505	182058	22711	139943	0.12361445253710356	0.03867305023188096	0.8763855474628964	[0,.25)
3468	public5:3_768_3	official5	3	3	val2014/COCO_val2014_000000315601.jpg	val2014/COCO_val2014_000000512394.jpg	2460	37472	154051	38612	110956	0.24324412045361601	0.10474967889026807	0.756755879546384	[0,.25)
3469	public5:3_769_71	official5	3	71	val2014/COCO_val2014_000000095300.jpg	val2014/COCO_val2014_000000520489.jpg	1745	34029	39505	34385	40282	0.8613846348563473	-0.007777564700942929	0.1386153651436527	[.75,.9)
3470	public5:3_770_11	official5	3	11	val2014/COCO_val2014_000000571008.jpg	val2014/COCO_val2014_000000551811.jpg	2461	326461	370764	360088	372116	0.8805088951462385	0.08716785081469836	0.11949110485376147	[.75,.9)
3471	public5:3_771_19	official5	3	19	val2014/COCO_val2014_000000278437.jpg	val2014/COCO_val2014_000000072514.jpg	1123	269326	340109	277182	340134	0.7918814262486438	0.023038575868169042	0.20811857375135623	[.75,.9)
3472	public5:3_772_71	official5	3	71	val2014/COCO_val2014_000000139971.jpg	val2014/COCO_val2014_000000321866.jpg	2462	45985	122238	48134	110828	0.37619234607896074	0.05812028249865503	0.6238076539210393	[.25,.5)
3473	public5:3_773_67	official5	3	67	val2014/COCO_val2014_000000052413.jpg	val2014/COCO_val2014_000000506803.jpg	1890	37081	80867	18111	80435	0.4585430398061014	-0.23337986457143986	0.5414569601938986	[.25,.5)
3474	public5:3_774_43	official5	3	43	val2014/COCO_val2014_000000221282.jpg	val2014/COCO_val2014_000000427796.jpg	2463	14356	20576	14432	20925	0.6977060653188181	-0.008004751101374774	0.30229393468118193	[.5,.75)
3475	public5:3_775_47	official5	3	47	val2014/COCO_val2014_000000477273.jpg	val2014/COCO_val2014_000000178403.jpg	559	67140	96354	67905	90789	0.6968055296095648	0.051137503136693074	0.30319447039043523	[.5,.75)
3476	public5:3_776_39	official5	3	39	val2014/COCO_val2014_000000258382.jpg	val2014/COCO_val2014_000000451214.jpg	2464	12317	21955	12661	21705	0.5610111591892507	0.022310656060691714	0.4389888408107493	[.5,.75)
3477	public5:3_777_23	official5	3	23	val2014/COCO_val2014_000000238525.jpg	val2014/COCO_val2014_000000402926.jpg	2465	637755	727430	628442	723203	0.8767235335358728	-0.007753133800252332	0.12327646646412715	[.75,.9)
3478	public5:3_778_19	official5	3	19	val2014/COCO_val2014_000000218214.jpg	val2014/COCO_val2014_000000032538.jpg	2466	103930	127432	101944	127432	0.8155722267562308	-0.015584782472220504	0.18442777324376924	[.75,.9)
3479	public5:3_779_51	official5	3	51	val2014/COCO_val2014_000000209755.jpg	val2014/COCO_val2014_000000017152.jpg	2141	129887	264594	130736	249433	0.4908917057831999	0.03324102725533146	0.5091082942168002	[.25,.5)
3480	public5:3_780_15	official5	3	15	val2014/COCO_val2014_000000022129.jpg	val2014/COCO_val2014_000000084650.jpg	2467	24389	31677	24859	28322	0.7699277078006125	0.10779985381226798	0.23007229219938752	[.75,.9)
3481	public5:3_781_23	official5	3	23	val2014/COCO_val2014_000000338532.jpg	val2014/COCO_val2014_000000553081.jpg	2154	74306	95682	80306	96738	0.776593298635062	0.053545840069480155	0.223406701364938	[.75,.9)
3482	public5:3_782_11	official5	3	11	val2014/COCO_val2014_000000016076.jpg	val2014/COCO_val2014_000000015802.jpg	2129	15512	23072	15567	18009	0.6723300970873787	0.19207103567957118	0.3276699029126213	[.5,.75)
3483	public5:3_783_3	official5	3	3	val2014/COCO_val2014_000000371005.jpg	val2014/COCO_val2014_000000308677.jpg	952	285416	448046	259675	447078	0.6370238770126282	-0.05619681775227536	0.3629761229873718	[.5,.75)
3484	public5:3_784_67	official5	3	67	val2014/COCO_val2014_000000475887.jpg	val2014/COCO_val2014_000000133933.jpg	2468	4371	93757	4418	93662	0.046620519001247904	0.0005490908725536356	0.9533794809987521	[0,.25)
3485	public5:3_785_27	official5	3	27	val2014/COCO_val2014_000000324082.jpg	val2014/COCO_val2014_000000122549.jpg	451	0	21750	0	16133	0.0	0.0	1.0	[0,.25)
3486	public5:3_786_79	official5	3	79	val2014/COCO_val2014_000000191691.jpg	val2014/COCO_val2014_000000063478.jpg	58	6625	9361	6810	7886	0.7077235338104904	0.1558321344623983	0.29227646618950964	[.5,.75)
3487	public5:3_787_3	official5	3	3	val2014/COCO_val2014_000000132084.jpg	val2014/COCO_val2014_000000492885.jpg	2136	52389	60390	56243	61877	0.8675111773472429	0.041437220280308495	0.13248882265275708	[.75,.9)
3488	public5:3_788_7	official5	3	7	val2014/COCO_val2014_000000087419.jpg	val2014/COCO_val2014_000000365745.jpg	2469	326789	373991	322817	370000	0.8737884066728878	-0.0013100282945094355	0.12621159332711218	[.75,.9)
3489	public5:3_789_31	official5	3	31	val2014/COCO_val2014_000000247057.jpg	val2014/COCO_val2014_000000439658.jpg	2470	8903	21471	9821	22922	0.41465232173629546	0.013800692834858908	0.5853476782637046	[.25,.5)
3490	public5:3_790_11	official5	3	11	val2014/COCO_val2014_000000470882.jpg	val2014/COCO_val2014_000000487076.jpg	1034	440321	451617	443881	453654	0.9749876554691254	0.003469494693774111	0.02501234453087464	[.9,1]
3491	public5:3_791_43	official5	3	43	val2014/COCO_val2014_000000280607.jpg	val2014/COCO_val2014_000000531092.jpg	1730	20094	28181	20157	28014	0.7130336042014123	0.006499486396146059	0.28696639579858774	[.5,.75)
3492	public5:3_792_71	official5	3	71	val2014/COCO_val2014_000000061782.jpg	val2014/COCO_val2014_000000214727.jpg	2471	65629	101129	65606	99321	0.6489632054109108	0.011581895826491162	0.3510367945890892	[.5,.75)
3493	public5:3_793_55	official5	3	55	val2014/COCO_val2014_000000051289.jpg	val2014/COCO_val2014_000000578210.jpg	70	103307	112499	103407	113506	0.918292607045396	-0.0072658771808954414	0.08170739295460405	[.9,1]
3494	public5:3_794_55	official5	3	55	val2014/COCO_val2014_000000423892.jpg	val2014/COCO_val2014_000000224138.jpg	857	16954	51700	17006	50670	0.32793036750483556	0.007692288899348365	0.6720696324951645	[.25,.5)
3495	public5:3_795_75	official5	3	75	val2014/COCO_val2014_000000571839.jpg	val2014/COCO_val2014_000000077102.jpg	1681	123377	139004	119679	136802	0.8875787747115191	-0.01274507344984166	0.11242122528848086	[.75,.9)
3496	public5:3_796_15	official5	3	15	val2014/COCO_val2014_000000395644.jpg	val2014/COCO_val2014_000000039589.jpg	2472	189626	234450	171724	231829	0.8088121134570271	-0.06807648504125507	0.19118788654297292	[.75,.9)
3497	public5:3_797_31	official5	3	31	val2014/COCO_val2014_000000548878.jpg	val2014/COCO_val2014_000000527718.jpg	2473	75562	80602	77196	80791	0.9374705342299199	0.018031935104535712	0.06252946577008012	[.9,1]
3498	public5:3_798_11	official5	3	11	val2014/COCO_val2014_000000510230.jpg	val2014/COCO_val2014_000000500139.jpg	2474	87438	101558	87926	101322	0.8609661474231474	0.006821697270009142	0.13903385257685263	[.75,.9)
3499	public5:3_799_11	official5	3	11	val2014/COCO_val2014_000000016076.jpg	val2014/COCO_val2014_000000088652.jpg	2129	14304	17168	14113	17397	0.8331780055917987	-0.021946184013365566	0.16682199440820134	[.75,.9)
3500	public5:3_800_19	official5	3	19	val2014/COCO_val2014_000000087470.jpg	val2014/COCO_val2014_000000124636.jpg	2475	295247	385226	295577	387259	0.7664254229984476	-0.003171373383073939	0.23357457700155237	[.75,.9)
3501	public5:3_801_71	official5	3	71	val2014/COCO_val2014_000000397069.jpg	val2014/COCO_val2014_000000525420.jpg	2143	326771	417319	326774	415232	0.7830244968477352	0.003942788910587858	0.21697550315226477	[.75,.9)
3502	public5:3_802_55	official5	3	55	val2014/COCO_val2014_000000349414.jpg	val2014/COCO_val2014_000000180560.jpg	999	58650	63468	59627	64167	0.9240877292493855	0.005159391544792169	0.07591227075061446	[.9,1]
3503	public5:3_803_51	official5	3	51	val2014/COCO_val2014_000000431323.jpg	val2014/COCO_val2014_000000364980.jpg	2476	9424	177274	7062	175524	0.053160643974863774	-0.012926829795606234	0.9468393560251362	[0,.25)
3504	public5:3_804_43	official5	3	43	val2014/COCO_val2014_000000022474.jpg	val2014/COCO_val2014_000000302823.jpg	513	23555	31226	23614	33840	0.7543393326074426	-0.056526093836756997	0.24566066739255743	[.75,.9)
3505	public5:3_805_67	official5	3	67	val2014/COCO_val2014_000000488240.jpg	val2014/COCO_val2014_000000447740.jpg	2477	7395	28973	7035	25828	0.2552376350395196	0.017141178651048805	0.7447623649604804	[.25,.5)
3506	public5:3_806_19	official5	3	19	val2014/COCO_val2014_000000545056.jpg	val2014/COCO_val2014_000000114246.jpg	2478	14866	34636	14180	31031	0.4292066058436309	0.027755786602632504	0.5707933941563691	[.25,.5)
3507	public5:3_807_35	official5	3	35	val2014/COCO_val2014_000000181860.jpg	val2014/COCO_val2014_000000073093.jpg	1372	41074	122546	43878	120586	0.3351720986405105	0.02870098778743302	0.6648279013594895	[.25,.5)
3508	public5:3_808_63	official5	3	63	val2014/COCO_val2014_000000349918.jpg	val2014/COCO_val2014_000000133629.jpg	1656	29933	32399	31132	33395	0.9238865397080157	0.008348824867519533	0.07611346029198429	[.9,1]
3509	public5:3_809_35	official5	3	35	val2014/COCO_val2014_000000086001.jpg	val2014/COCO_val2014_000000516733.jpg	929	12338	14373	12043	14967	0.8584150838377513	-0.05377821606197797	0.14158491616224866	[.75,.9)
3510	public5:3_810_11	official5	3	11	val2014/COCO_val2014_000000457133.jpg	val2014/COCO_val2014_000000175539.jpg	2479	68994	75860	70276	77318	0.9094911679409439	-0.0005695714174952515	0.09050883205905613	[.9,1]
3511	public5:3_811_39	official5	3	39	val2014/COCO_val2014_000000518899.jpg	val2014/COCO_val2014_000000387362.jpg	2480	6865	25284	5587	16928	0.271515582977377	0.05852931305286874	0.728484417022623	[.25,.5)
3512	public5:3_812_63	official5	3	63	val2014/COCO_val2014_000000290750.jpg	val2014/COCO_val2014_000000059540.jpg	2481	1768	204071	2012	146462	0.008663651376236701	0.005073700291772749	0.9913363486237633	[0,.25)
3513	public5:3_813_79	official5	3	79	val2014/COCO_val2014_000000576743.jpg	val2014/COCO_val2014_000000022747.jpg	58	86503	101990	86825	107631	0.8481517795862339	-0.041460398850200586	0.1518482204137661	[.75,.9)
3514	public5:3_814_43	official5	3	43	val2014/COCO_val2014_000000438788.jpg	val2014/COCO_val2014_000000561491.jpg	1730	17825	23736	17776	23383	0.750968992248062	0.009241417023631127	0.24903100775193798	[.75,.9)
3515	public5:3_815_15	official5	3	15	val2014/COCO_val2014_000000258998.jpg	val2014/COCO_val2014_000000036124.jpg	2482	186029	222270	186160	222084	0.8369505556305394	0.001290830511641028	0.16304944436946056	[.75,.9)
3516	public5:3_816_67	official5	3	67	val2014/COCO_val2014_000000288391.jpg	val2014/COCO_val2014_000000366499.jpg	2483	138712	178289	145523	175030	0.7780177128145875	0.05339975847604839	0.22198228718541246	[.75,.9)
3517	public5:3_817_71	official5	3	71	val2014/COCO_val2014_000000322783.jpg	val2014/COCO_val2014_000000418944.jpg	306	123840	134618	124643	134949	0.9199364126639825	0.00369399586071939	0.08006358733601748	[.9,1]
3518	public5:3_818_59	official5	3	59	val2014/COCO_val2014_000000228867.jpg	val2014/COCO_val2014_000000228309.jpg	1499	251421	550883	207830	548879	0.4563963672867015	-0.07775189373242086	0.5436036327132985	[.25,.5)
3519	public5:3_819_59	official5	3	59	val2014/COCO_val2014_000000416330.jpg	val2014/COCO_val2014_000000574184.jpg	2484	261518	1033914	244909	1041747	0.25293979963517277	-0.017845290123746277	0.7470602003648272	[.25,.5)
3520	public5:3_820_51	official5	3	51	val2014/COCO_val2014_000000577160.jpg	val2014/COCO_val2014_000000398563.jpg	378	14798	162532	14993	185933	0.091046686191027	-0.010410112801687826	0.908953313808973	[0,.25)
3521	public5:3_821_51	official5	3	51	val2014/COCO_val2014_000000533688.jpg	val2014/COCO_val2014_000000377427.jpg	423	28101	87896	28155	86395	0.3197073814508055	0.006179533301205575	0.6802926185491944	[.25,.5)
3522	public5:3_822_79	official5	3	79	val2014/COCO_val2014_000000560474.jpg	val2014/COCO_val2014_000000410583.jpg	2485	12484	63240	13688	62904	0.1974067046173308	0.02019471977539461	0.8025932953826692	[0,.25)
3523	public5:3_823_39	official5	3	39	val2014/COCO_val2014_000000125107.jpg	val2014/COCO_val2014_000000397636.jpg	2486	243750	263127	241414	262256	0.9263587545177804	-0.005830720840762527	0.07364124548221962	[.9,1]
3524	public5:3_824_51	official5	3	51	val2014/COCO_val2014_000000167131.jpg	val2014/COCO_val2014_000000391320.jpg	629	66948	109878	67720	109849	0.60929394419265	0.007188681957792875	0.39070605580734996	[.5,.75)
3525	public5:3_825_47	official5	3	47	val2014/COCO_val2014_000000513342.jpg	val2014/COCO_val2014_000000015953.jpg	269	145977	158937	146186	160887	0.9184582570452443	-0.009832948598943458	0.08154174295475569	[.9,1]
3526	public5:3_826_71	official5	3	71	val2014/COCO_val2014_000000147518.jpg	val2014/COCO_val2014_000000374950.jpg	2487	8153	28782	8163	27990	0.2832673198526857	0.008372551529950922	0.7167326801473143	[.25,.5)
3527	public5:3_827_43	official5	3	43	val2014/COCO_val2014_000000438373.jpg	val2014/COCO_val2014_000000345559.jpg	1854	2452	32433	1179	31048	0.07560201029815311	-0.037628549849815056	0.9243979897018468	[0,.25)
3528	public5:3_828_19	official5	3	19	val2014/COCO_val2014_000000412873.jpg	val2014/COCO_val2014_000000173401.jpg	2488	34821	43021	36422	44363	0.8093954115431998	0.011604070006740463	0.19060458845680017	[.75,.9)
3529	public5:3_829_51	official5	3	51	val2014/COCO_val2014_000000406616.jpg	val2014/COCO_val2014_000000397351.jpg	2489	141076	152183	142318	153783	0.9270155010743644	-0.001568605123576594	0.07298449892563563	[.9,1]
3530	public5:3_830_23	official5	3	23	val2014/COCO_val2014_000000334466.jpg	val2014/COCO_val2014_000000254892.jpg	1418	128118	144684	129522	146470	0.88550219789334	-0.001211899538728134	0.11449780210666005	[.75,.9)
3531	public5:3_831_35	official5	3	35	val2014/COCO_val2014_000000297314.jpg	val2014/COCO_val2014_000000044795.jpg	2490	9072	11222	9293	12244	0.8084120477633221	-0.04942805560389707	0.1915879522366779	[.75,.9)
3532	public5:3_832_3	official5	3	3	val2014/COCO_val2014_000000392392.jpg	val2014/COCO_val2014_000000302710.jpg	2491	114694	158380	114401	147259	0.7241697183987877	0.0526996070753768	0.27583028160121226	[.5,.75)
3533	public5:3_833_3	official5	3	3	val2014/COCO_val2014_000000132901.jpg	val2014/COCO_val2014_000000250540.jpg	2492	371740	412303	373973	412809	0.9016184699116911	0.004304123830208839	0.09838153008830886	[.9,1]
3534	public5:3_834_15	official5	3	15	val2014/COCO_val2014_000000574241.jpg	val2014/COCO_val2014_000000465506.jpg	1226	420040	465864	420818	469209	0.9016365291157935	-0.004769674473192875	0.0983634708842065	[.9,1]
3535	public5:3_835_7	official5	3	7	val2014/COCO_val2014_000000150410.jpg	val2014/COCO_val2014_000000539436.jpg	2493	0	313653	0	296440	0.0	0.0	1.0	[0,.25)
3536	public5:3_836_31	official5	3	31	val2014/COCO_val2014_000000542782.jpg	val2014/COCO_val2014_000000142790.jpg	1406	440518	470916	440980	474527	0.9354492096254958	-0.00614487077860193	0.06455079037450417	[.9,1]
3537	public5:3_837_79	official5	3	79	val2014/COCO_val2014_000000549746.jpg	val2014/COCO_val2014_000000033924.jpg	58	7536	12433	8021	13871	0.6061288506394273	-0.027872055887787184	0.39387114936057266	[.5,.75)
3538	public5:3_838_3	official5	3	3	val2014/COCO_val2014_000000578962.jpg	val2014/COCO_val2014_000000525971.jpg	2494	5061	30240	0	24060	0.1673611111111111	-0.1673611111111111	0.8326388888888889	[0,.25)
3539	public5:3_839_79	official5	3	79	val2014/COCO_val2014_000000508872.jpg	val2014/COCO_val2014_000000432619.jpg	940	23050	35936	23076	29140	0.6414180765805877	0.15048309020046924	0.3585819234194123	[.5,.75)
3540	public5:3_840_39	official5	3	39	val2014/COCO_val2014_000000053952.jpg	val2014/COCO_val2014_000000053015.jpg	2495	17650	41205	18454	43181	0.4283460745055212	-0.0009821876108221383	0.5716539254944788	[.25,.5)
3541	public5:3_841_63	official5	3	63	val2014/COCO_val2014_000000579548.jpg	val2014/COCO_val2014_000000575964.jpg	2496	42229	112093	43558	106230	0.37673182089871804	0.03330300918694512	0.623268179101282	[.25,.5)
3542	public5:3_842_7	official5	3	7	val2014/COCO_val2014_000000017927.jpg	val2014/COCO_val2014_000000069827.jpg	2497	51222	56560	52106	57473	0.9056223479490806	0.0009946722169104083	0.09437765205091941	[.9,1]
3543	public5:3_843_55	official5	3	55	val2014/COCO_val2014_000000168175.jpg	val2014/COCO_val2014_000000449279.jpg	1739	23315	175754	22979	168668	0.13265700922880844	0.003581044225314467	0.8673429907711916	[0,.25)
3544	public5:3_844_71	official5	3	71	val2014/COCO_val2014_000000391132.jpg	val2014/COCO_val2014_000000050443.jpg	68	145641	315929	151337	292628	0.46099281800657743	0.05617231998431882	0.5390071819934226	[.25,.5)
3545	public5:3_845_47	official5	3	47	val2014/COCO_val2014_000000203095.jpg	val2014/COCO_val2014_000000122239.jpg	448	16816	18326	17088	18105	0.917603404998363	0.02622426691547297	0.08239659500163699	[.9,1]
3546	public5:3_846_51	official5	3	51	val2014/COCO_val2014_000000097922.jpg	val2014/COCO_val2014_000000271620.jpg	1481	61772	70242	62397	70822	0.8794168730958686	0.0016229167999265437	0.12058312690413142	[.75,.9)
3547	public5:3_847_7	official5	3	7	val2014/COCO_val2014_000000361721.jpg	val2014/COCO_val2014_000000503404.jpg	2498	176317	354821	159887	354609	0.4969181643702036	-0.04603564305799773	0.5030818356297964	[.25,.5)
3548	public5:3_848_27	official5	3	27	val2014/COCO_val2014_000000423506.jpg	val2014/COCO_val2014_000000078843.jpg	281	40471	67861	40833	71039	0.5963808372997745	-0.021583894775245804	0.40361916270022546	[.5,.75)
3549	public5:3_849_31	official5	3	31	val2014/COCO_val2014_000000446473.jpg	val2014/COCO_val2014_000000489850.jpg	480	25664	45513	28641	45788	0.5638828466591963	0.06163038824951339	0.4361171533408037	[.5,.75)
3550	public5:3_850_15	official5	3	15	val2014/COCO_val2014_000000347236.jpg	val2014/COCO_val2014_000000205103.jpg	2499	239642	250671	241278	254873	0.9560020903893949	-0.009342381436308389	0.043997909610605124	[.9,1]
3551	public5:3_851_39	official5	3	39	val2014/COCO_val2014_000000007276.jpg	val2014/COCO_val2014_000000073326.jpg	2500	20828	47286	18279	43480	0.4404686376517362	-0.02006845365909593	0.5595313623482638	[.25,.5)
3552	public5:3_852_39	official5	3	39	val2014/COCO_val2014_000000453731.jpg	val2014/COCO_val2014_000000547079.jpg	2501	37189	49112	38484	47778	0.7572283759569962	0.04824694741359281	0.2427716240430038	[.75,.9)
3553	public5:3_853_67	official5	3	67	val2014/COCO_val2014_000000271068.jpg	val2014/COCO_val2014_000000510861.jpg	530	155919	241040	177991	243453	0.6468594424161965	0.08425087456490454	0.35314055758380347	[.5,.75)
3554	public5:3_854_31	official5	3	31	val2014/COCO_val2014_000000480490.jpg	val2014/COCO_val2014_000000483234.jpg	544	27426	35749	28057	32909	0.767182298805561	0.08538082982186612	0.232817701194439	[.75,.9)
3555	public5:3_855_19	official5	3	19	val2014/COCO_val2014_000000458401.jpg	val2014/COCO_val2014_000000019157.jpg	2502	86150	98697	88062	102164	0.8728735422555903	-0.010906508858307573	0.12712645774440967	[.75,.9)
3556	public5:3_856_43	official5	3	43	val2014/COCO_val2014_000000354527.jpg	val2014/COCO_val2014_000000165675.jpg	2503	17136	42891	17115	41290	0.3995243757431629	0.014982768843904204	0.6004756242568371	[.25,.5)
3557	public5:3_857_59	official5	3	59	val2014/COCO_val2014_000000567755.jpg	val2014/COCO_val2014_000000247788.jpg	1368	88290	98554	86148	99387	0.8958540495565883	-0.029060605746029644	0.10414595044341168	[.75,.9)
3558	public5:3_858_23	official5	3	23	val2014/COCO_val2014_000000072632.jpg	val2014/COCO_val2014_000000076087.jpg	2504	227485	272888	236441	274474	0.8336203863856234	0.02781275482265133	0.1663796136143766	[.75,.9)
3559	public5:3_859_11	official5	3	11	val2014/COCO_val2014_000000002822.jpg	val2014/COCO_val2014_000000233963.jpg	2505	8002	8871	8255	9436	0.9020403562168865	-0.027199321880303162	0.0979596437831135	[.9,1]
3560	public5:3_860_75	official5	3	75	val2014/COCO_val2014_000000057571.jpg	val2014/COCO_val2014_000000530457.jpg	2506	40409	52957	41515	58122	0.7630530430349152	-0.04877961816997589	0.23694695696508483	[.75,.9)
3561	public5:3_861_51	official5	3	51	val2014/COCO_val2014_000000483545.jpg	val2014/COCO_val2014_000000507536.jpg	813	53511	65765	54114	61047	0.8136698851972934	0.07276188049143817	0.18633011480270656	[.75,.9)
3562	public5:3_862_75	official5	3	75	val2014/COCO_val2014_000000379161.jpg	val2014/COCO_val2014_000000526732.jpg	1359	178432	242697	193893	211576	0.7352048026963662	0.18121766488029656	0.26479519730363377	[.5,.75)
3563	public5:3_863_43	official5	3	43	val2014/COCO_val2014_000000196758.jpg	val2014/COCO_val2014_000000558809.jpg	2507	32146	36693	33764	37445	0.8760799062491483	0.025615914287638986	0.12392009375085167	[.75,.9)
3564	public5:3_864_43	official5	3	43	val2014/COCO_val2014_000000395831.jpg	val2014/COCO_val2014_000000536274.jpg	2508	25275	32119	25260	29735	0.786917400915346	0.06258655065687524	0.213082599084654	[.75,.9)
3565	public5:3_865_27	official5	3	27	val2014/COCO_val2014_000000072829.jpg	val2014/COCO_val2014_000000222430.jpg	451	4496	17675	2275	12459	0.2543705799151344	-0.07177165544286535	0.7456294200848657	[.25,.5)
3566	public5:3_866_7	official5	3	7	val2014/COCO_val2014_000000545749.jpg	val2014/COCO_val2014_000000314313.jpg	975	289757	315696	285333	316287	0.9178355126450762	-0.015702323484598546	0.08216448735492377	[.9,1]
3567	public5:3_867_31	official5	3	31	val2014/COCO_val2014_000000495131.jpg	val2014/COCO_val2014_000000484485.jpg	1387	52081	74819	52616	73572	0.6960932383485479	0.019070139023278365	0.30390676165145214	[.5,.75)
3568	public5:3_868_11	official5	3	11	val2014/COCO_val2014_000000336587.jpg	val2014/COCO_val2014_000000469609.jpg	2509	24708	26104	24245	26039	0.9465216058841557	-0.015418260901629455	0.05347839411584432	[.9,1]
3569	public5:3_869_47	official5	3	47	val2014/COCO_val2014_000000477273.jpg	val2014/COCO_val2014_000000381031.jpg	559	68193	122987	68513	117666	0.5544732370087896	0.027793518043646936	0.4455267629912104	[.5,.75)
3570	public5:3_870_43	official5	3	43	val2014/COCO_val2014_000000426172.jpg	val2014/COCO_val2014_000000141163.jpg	2327	10283	47386	10409	44697	0.21700502258050902	0.015874141569210187	0.782994977419491	[0,.25)
3571	public5:3_871_7	official5	3	7	val2014/COCO_val2014_000000527553.jpg	val2014/COCO_val2014_000000102240.jpg	2510	51699	106808	55822	108492	0.4840367762714403	0.030489640422878106	0.5159632237285596	[.25,.5)
3572	public5:3_872_63	official5	3	63	val2014/COCO_val2014_000000026564.jpg	val2014/COCO_val2014_000000169048.jpg	1323	34843	84001	35047	45364	0.41479268103951145	0.35778028430745973	0.5852073189604885	[.25,.5)
3573	public5:3_873_67	official5	3	67	val2014/COCO_val2014_000000473069.jpg	val2014/COCO_val2014_000000579034.jpg	2196	166	80586	0	25759	0.002059911150820242	-0.002059911150820242	0.9979400888491797	[0,.25)
3574	public5:3_874_23	official5	3	23	val2014/COCO_val2014_000000061720.jpg	val2014/COCO_val2014_000000507557.jpg	2511	346403	428300	367284	425145	0.8087858977352324	0.05511700597997071	0.19121410226476765	[.75,.9)
3575	public5:3_875_51	official5	3	51	val2014/COCO_val2014_000000003845.jpg	val2014/COCO_val2014_000000215581.jpg	998	50437	120163	51022	111428	0.419738188959996	0.03815390279432068	0.580261811040004	[.25,.5)
3576	public5:3_876_55	official5	3	55	val2014/COCO_val2014_000000229286.jpg	val2014/COCO_val2014_000000053315.jpg	2512	90001	118789	100203	119613	0.757654328262718	0.08007234024321364	0.24234567173728205	[.75,.9)
3577	public5:3_877_39	official5	3	39	val2014/COCO_val2014_000000552947.jpg	val2014/COCO_val2014_000000299987.jpg	2513	11730	13947	12808	14868	0.8410410841041084	0.02040631971617679	0.15895891589589162	[.75,.9)
3578	public5:3_878_31	official5	3	31	val2014/COCO_val2014_000000149014.jpg	val2014/COCO_val2014_000000227855.jpg	2514	12248	17766	11967	15223	0.6894067319599234	0.0967063863479003	0.3105932680400766	[.5,.75)
3579	public5:3_879_71	official5	3	71	val2014/COCO_val2014_000000009668.jpg	val2014/COCO_val2014_000000176120.jpg	2515	13714	158964	13714	157101	0.08627110540751365	0.0010230556735743163	0.9137288945924864	[0,.25)
3580	public5:3_880_11	official5	3	11	val2014/COCO_val2014_000000234794.jpg	val2014/COCO_val2014_000000322845.jpg	2516	32940	50906	32940	52877	0.6470750009822025	-0.024119840893695232	0.3529249990177975	[.5,.75)
3581	public5:3_881_51	official5	3	51	val2014/COCO_val2014_000000249357.jpg	val2014/COCO_val2014_000000204311.jpg	324	8979	66850	8291	87978	0.13431563201196708	-0.04007616305381846	0.8656843679880329	[0,.25)
3582	public5:3_882_59	official5	3	59	val2014/COCO_val2014_000000208971.jpg	val2014/COCO_val2014_000000083476.jpg	944	143407	283534	156312	250952	0.5057841387628997	0.11709194909453913	0.49421586123710026	[.5,.75)
3583	public5:3_883_51	official5	3	51	val2014/COCO_val2014_000000567898.jpg	val2014/COCO_val2014_000000188534.jpg	2517	61711	75660	66271	83960	0.8156357388316151	-0.026319397716798476	0.1843642611683849	[.75,.9)
3584	public5:3_884_15	official5	3	15	val2014/COCO_val2014_000000277793.jpg	val2014/COCO_val2014_000000176857.jpg	2518	107177	117954	107343	120942	0.9086338742221544	-0.021076201949494777	0.09136612577784564	[.9,1]
3585	public5:3_885_55	official5	3	55	val2014/COCO_val2014_000000334483.jpg	val2014/COCO_val2014_000000390731.jpg	2519	37226	98778	37138	96453	0.3768652938913523	0.008171978147879233	0.6231347061086476	[.25,.5)
3586	public5:3_886_11	official5	3	11	val2014/COCO_val2014_000000475882.jpg	val2014/COCO_val2014_000000153568.jpg	2520	136280	178945	137502	147316	0.7615747855486322	0.17180651722907014	0.23842521445136777	[.75,.9)
3587	public5:3_887_19	official5	3	19	val2014/COCO_val2014_000000318702.jpg	val2014/COCO_val2014_000000440000.jpg	960	110752	135897	111262	138724	0.8149701612250454	-0.012931581022629035	0.1850298387749546	[.75,.9)
3588	public5:3_888_35	official5	3	35	val2014/COCO_val2014_000000169436.jpg	val2014/COCO_val2014_000000229304.jpg	2521	33902	44316	34490	43322	0.7650058669555014	0.03112542892188186	0.23499413304449857	[.75,.9)
3589	public5:3_889_71	official5	3	71	val2014/COCO_val2014_000000545162.jpg	val2014/COCO_val2014_000000185773.jpg	1206	41896	201672	42023	172105	0.20774326629378398	0.0364274434473624	0.7922567337062161	[0,.25)
3590	public5:3_890_27	official5	3	27	val2014/COCO_val2014_000000468541.jpg	val2014/COCO_val2014_000000440106.jpg	505	71115	74639	70856	74856	0.9527860769838824	-0.0062220073034292556	0.0472139230161176	[.9,1]
3591	public5:3_891_31	official5	3	31	val2014/COCO_val2014_000000341719.jpg	val2014/COCO_val2014_000000566518.jpg	2522	8988	17600	9096	19775	0.5106818181818182	-0.05070710263188144	0.48931818181818176	[.5,.75)
3592	public5:3_892_79	official5	3	79	val2014/COCO_val2014_000000303089.jpg	val2014/COCO_val2014_000000482432.jpg	1367	9132	17657	9147	16646	0.5171886503936116	0.032312731319712906	0.4828113496063884	[.5,.75)
3593	public5:3_893_47	official5	3	47	val2014/COCO_val2014_000000132219.jpg	val2014/COCO_val2014_000000254828.jpg	668	38939	41063	38851	41078	0.9482746024401529	-0.0024885369062904727	0.051725397559847064	[.9,1]
3594	public5:3_894_75	official5	3	75	val2014/COCO_val2014_000000415949.jpg	val2014/COCO_val2014_000000480664.jpg	1789	8754	37171	4410	38293	0.2355061741680342	-0.12034152266514857	0.7644938258319658	[0,.25)
3595	public5:3_895_35	official5	3	35	val2014/COCO_val2014_000000027932.jpg	val2014/COCO_val2014_000000254535.jpg	2523	140693	182273	140428	179349	0.7718806405775952	0.011106719262716114	0.2281193594224048	[.75,.9)
3596	public5:3_896_15	official5	3	15	val2014/COCO_val2014_000000449379.jpg	val2014/COCO_val2014_000000046378.jpg	453	276713	302355	198455	300965	0.9151924062773892	-0.2557967954920819	0.08480759372261082	[.9,1]
3597	public5:3_897_71	official5	3	71	val2014/COCO_val2014_000000146730.jpg	val2014/COCO_val2014_000000011727.jpg	2187	265769	384771	328076	384765	0.6907199347144145	0.1619459782454441	0.3092800652855855	[.5,.75)
3598	public5:3_898_51	official5	3	51	val2014/COCO_val2014_000000097922.jpg	val2014/COCO_val2014_000000240323.jpg	1481	61311	69576	62796	70918	0.8812090375991721	0.004264326003862395	0.11879096240082787	[.75,.9)
3599	public5:3_899_35	official5	3	35	val2014/COCO_val2014_000000229304.jpg	val2014/COCO_val2014_000000144252.jpg	2521	6619	7697	6616	7939	0.8599454332856957	-0.02659110654429253	0.14005456671430427	[.75,.9)
3600	public6:0_900_68	official6	0	68	val2014/COCO_val2014_000000498463.jpg	val2014/COCO_val2014_000000519649.jpg	2524	20421	27247	20071	26905	0.7494770066429332	-0.003481838458580855	0.25052299335706685	[.5,.75)
3601	public6:0_901_28	official6	0	28	val2014/COCO_val2014_000000319865.jpg	val2014/COCO_val2014_000000186449.jpg	2525	437539	981948	433874	982381	0.4455826581448305	-0.0039271293835861365	0.5544173418551694	[.25,.5)
3602	public6:0_902_4	official6	0	4	val2014/COCO_val2014_000000128644.jpg	val2014/COCO_val2014_000000497878.jpg	2526	143218	159220	145071	164589	0.899497550558975	-0.018083847334579684	0.10050244944102504	[.75,.9)
3603	public6:0_903_52	official6	0	52	val2014/COCO_val2014_000000559247.jpg	val2014/COCO_val2014_000000575625.jpg	2527	9900	34097	6922	20648	0.2903481244684283	0.04489015526810797	0.7096518755315717	[.25,.5)
3604	public6:0_904_16	official6	0	16	val2014/COCO_val2014_000000145781.jpg	val2014/COCO_val2014_000000093853.jpg	2528	415016	448651	419622	448607	0.925030814597538	0.010358066984782366	0.074969185402462	[.9,1]
3605	public6:0_905_28	official6	0	28	val2014/COCO_val2014_000000026735.jpg	val2014/COCO_val2014_000000438985.jpg	2529	17324	20775	14640	18857	0.8338868832731648	-0.05751736532227125	0.16611311672683515	[.75,.9)
3606	public6:0_906_28	official6	0	28	val2014/COCO_val2014_000000304545.jpg	val2014/COCO_val2014_000000480652.jpg	632	115719	1001088	123411	1001114	0.11559323456079786	0.007680438567337397	0.8844067654392022	[0,.25)
3607	public6:0_907_76	official6	0	76	val2014/COCO_val2014_000000287285.jpg	val2014/COCO_val2014_000000190156.jpg	48	25792	85584	32333	86063	0.3013647410730978	0.07432516051062577	0.6986352589269023	[.25,.5)
3608	public6:0_908_20	official6	0	20	val2014/COCO_val2014_000000247179.jpg	val2014/COCO_val2014_000000399058.jpg	2530	223839	285722	222965	283687	0.7834153477856098	0.00253889051223255	0.21658465221439016	[.75,.9)
3609	public6:0_909_36	official6	0	36	val2014/COCO_val2014_000000334222.jpg	val2014/COCO_val2014_000000343978.jpg	2531	13927	21006	13455	20286	0.6630010473198134	0.0002642588026355863	0.33699895268018665	[.5,.75)
3610	public6:0_910_36	official6	0	36	val2014/COCO_val2014_000000159790.jpg	val2014/COCO_val2014_000000215151.jpg	2532	24443	48412	23430	41512	0.5048954804593903	0.05951962842478786	0.49510451954060974	[.5,.75)
3611	public6:0_911_28	official6	0	28	val2014/COCO_val2014_000000253969.jpg	val2014/COCO_val2014_000000265151.jpg	2533	24118	71012	23248	49164	0.339632738128767	0.1332335868244508	0.6603672618712331	[.25,.5)
3612	public6:0_912_44	official6	0	44	val2014/COCO_val2014_000000505240.jpg	val2014/COCO_val2014_000000210846.jpg	122	6712	17183	7298	17515	0.39061863469708435	0.02605278979620712	0.6093813653029156	[.25,.5)
3613	public6:0_913_48	official6	0	48	val2014/COCO_val2014_000000140963.jpg	val2014/COCO_val2014_000000561517.jpg	1059	4185	57975	0	45751	0.0721862871927555	-0.0721862871927555	0.9278137128072446	[0,.25)
3614	public6:0_914_72	official6	0	72	val2014/COCO_val2014_000000240727.jpg	val2014/COCO_val2014_000000389108.jpg	1073	96293	151797	97210	171468	0.634353775107545	-0.06742583520039025	0.365646224892455	[.5,.75)
3615	public6:0_915_28	official6	0	28	val2014/COCO_val2014_000000137727.jpg	val2014/COCO_val2014_000000177496.jpg	2534	21674	48781	21260	46335	0.4443123347204854	0.014520081379654881	0.5556876652795146	[.25,.5)
3616	public6:0_916_8	official6	0	8	val2014/COCO_val2014_000000156372.jpg	val2014/COCO_val2014_000000230936.jpg	2535	117482	278612	116945	277709	0.42166884412731687	-0.0005625782158771853	0.5783311558726831	[.25,.5)
3617	public6:0_917_12	official6	0	12	val2014/COCO_val2014_000000277048.jpg	val2014/COCO_val2014_000000502397.jpg	79	15636	27261	15685	27125	0.5735666336524705	0.004682214273796781	0.4264333663475295	[.5,.75)
3618	public6:0_918_12	official6	0	12	val2014/COCO_val2014_000000258078.jpg	val2014/COCO_val2014_000000272185.jpg	550	42600	49574	42502	50176	0.8593214184854965	-0.01226306389365972	0.14067858151450352	[.75,.9)
3619	public6:0_919_16	official6	0	16	val2014/COCO_val2014_000000504194.jpg	val2014/COCO_val2014_000000432038.jpg	2536	25304	31373	25508	29905	0.8065534057947917	0.0464143253538456	0.19344659420520827	[.75,.9)
3620	public6:0_920_20	official6	0	20	val2014/COCO_val2014_000000422221.jpg	val2014/COCO_val2014_000000229946.jpg	2537	468863	538815	467987	538475	0.8701743641138424	-0.0010773772527996606	0.1298256358861576	[.75,.9)
3621	public6:0_921_48	official6	0	48	val2014/COCO_val2014_000000510642.jpg	val2014/COCO_val2014_000000321071.jpg	2538	22528	98369	20639	81495	0.22901523854059713	0.02423956236743402	0.7709847614594029	[0,.25)
3622	public6:0_922_24	official6	0	24	val2014/COCO_val2014_000000018893.jpg	val2014/COCO_val2014_000000441543.jpg	2539	215422	340993	214011	333002	0.6317490388365744	0.010922776948315782	0.3682509611634256	[.5,.75)
3623	public6:0_923_76	official6	0	76	val2014/COCO_val2014_000000568846.jpg	val2014/COCO_val2014_000000456223.jpg	1024	10459	22712	10439	16285	0.4605054596688975	0.18051388328474077	0.5394945403311024	[.25,.5)
3624	public6:0_924_40	official6	0	40	val2014/COCO_val2014_000000316503.jpg	val2014/COCO_val2014_000000262658.jpg	1907	19834	136522	20124	138640	0.1452806141134762	-0.0001277000915489157	0.8547193858865239	[0,.25)
3625	public6:0_925_28	official6	0	28	val2014/COCO_val2014_000000036713.jpg	val2014/COCO_val2014_000000233119.jpg	2540	39234	40907	39278	40632	0.9591023541203217	0.007574157003915283	0.04089764587967826	[.9,1]
3626	public6:0_926_56	official6	0	56	val2014/COCO_val2014_000000318361.jpg	val2014/COCO_val2014_000000008665.jpg	2541	16615	118105	12829	118788	0.14067990347572076	-0.03268077898503147	0.8593200965242792	[0,.25)
3627	public6:0_927_44	official6	0	44	val2014/COCO_val2014_000000229191.jpg	val2014/COCO_val2014_000000024223.jpg	602	12396	20218	12502	21256	0.613117024433673	-0.024953682318505477	0.386882975566327	[.5,.75)
3628	public6:0_928_76	official6	0	76	val2014/COCO_val2014_000000532827.jpg	val2014/COCO_val2014_000000154213.jpg	6	47571	62229	47471	64427	0.7644506580533192	-0.02763224341349435	0.23554934194668076	[.75,.9)
3629	public6:0_929_20	official6	0	20	val2014/COCO_val2014_000000513724.jpg	val2014/COCO_val2014_000000061943.jpg	2542	243792	264788	245733	264978	0.9207063764218922	0.006664952518623535	0.07929362357810776	[.9,1]
3630	public6:0_930_12	official6	0	12	val2014/COCO_val2014_000000004620.jpg	val2014/COCO_val2014_000000352652.jpg	2543	214728	330341	214987	331901	0.6500192225609295	-0.00227486505673391	0.3499807774390705	[.5,.75)
3631	public6:0_931_44	official6	0	44	val2014/COCO_val2014_000000069914.jpg	val2014/COCO_val2014_000000515126.jpg	609	1960	9185	0	8572	0.21339139902014154	-0.21339139902014154	0.7866086009798585	[0,.25)
3632	public6:0_932_20	official6	0	20	val2014/COCO_val2014_000000148286.jpg	val2014/COCO_val2014_000000293175.jpg	2544	20054	25527	19735	25231	0.7855995612488738	-0.0034268372189105722	0.21440043875112624	[.75,.9)
3633	public6:0_933_28	official6	0	28	val2014/COCO_val2014_000000322106.jpg	val2014/COCO_val2014_000000026967.jpg	2545	15672	17910	15872	17145	0.8750418760469012	0.05070907175129069	0.1249581239530988	[.75,.9)
3634	public6:0_934_16	official6	0	16	val2014/COCO_val2014_000000197352.jpg	val2014/COCO_val2014_000000044856.jpg	2546	20365	27497	20081	27526	0.7406262501363785	-0.011097804303347947	0.2593737498636215	[.5,.75)
3635	public6:0_935_40	official6	0	40	val2014/COCO_val2014_000000488673.jpg	val2014/COCO_val2014_000000116208.jpg	2547	11437	16724	10976	14730	0.6838674958143984	0.06127846481017729	0.31613250418560157	[.5,.75)
3636	public6:0_936_4	official6	0	4	val2014/COCO_val2014_000000413734.jpg	val2014/COCO_val2014_000000480223.jpg	2221	150337	206275	152146	227618	0.7288183250515089	-0.060391399237205934	0.2711816749484911	[.5,.75)
3637	public6:0_937_72	official6	0	72	val2014/COCO_val2014_000000233376.jpg	val2014/COCO_val2014_000000333998.jpg	2168	328543	404955	340496	404413	0.8113074292205307	0.030643744455884248	0.18869257077946933	[.75,.9)
3638	public6:0_938_76	official6	0	76	val2014/COCO_val2014_000000353130.jpg	val2014/COCO_val2014_000000554037.jpg	48	17238	25350	20262	28169	0.68	0.039301359650679824	0.31999999999999995	[.5,.75)
3639	public6:0_939_0	official6	0	0	val2014/COCO_val2014_000000078843.jpg	val2014/COCO_val2014_000000508288.jpg	281	390727	756561	454710	778833	0.5164514163431634	0.06738362916723484	0.4835485836568366	[.5,.75)
3640	public6:0_940_16	official6	0	16	val2014/COCO_val2014_000000264392.jpg	val2014/COCO_val2014_000000320350.jpg	2548	88652	102604	89283	104977	0.864020895871506	-0.013520310028892868	0.135979104128494	[.75,.9)
3641	public6:0_941_72	official6	0	72	val2014/COCO_val2014_000000554523.jpg	val2014/COCO_val2014_000000318361.jpg	2541	182150	189314	178559	188552	0.9621581076940955	-0.015156749978452067	0.03784189230590451	[.9,1]
3642	public6:0_942_68	official6	0	68	val2014/COCO_val2014_000000466665.jpg	val2014/COCO_val2014_000000064196.jpg	559	155175	204971	156887	200077	0.7570583155665923	0.027074793186537716	0.2429416844334077	[.75,.9)
3643	public6:0_943_48	official6	0	48	val2014/COCO_val2014_000000416885.jpg	val2014/COCO_val2014_000000530630.jpg	69	95204	113425	95338	119977	0.8393564029094115	-0.044720764412032876	0.1606435970905885	[.75,.9)
3644	public6:0_944_16	official6	0	16	val2014/COCO_val2014_000000485489.jpg	val2014/COCO_val2014_000000537604.jpg	1297	240656	303711	265876	306915	0.7923848658757833	0.07390058775144248	0.20761513412421673	[.75,.9)
3645	public6:0_945_20	official6	0	20	val2014/COCO_val2014_000000151970.jpg	val2014/COCO_val2014_000000261186.jpg	2549	416324	463964	421796	463788	0.8973196196256606	0.01213901233549397	0.10268038037433935	[.75,.9)
3646	public6:0_946_72	official6	0	72	val2014/COCO_val2014_000000243442.jpg	val2014/COCO_val2014_000000018461.jpg	2550	92297	229422	58299	236770	0.40230230753807394	-0.1560760119769809	0.5976976924619261	[.25,.5)
3647	public6:0_947_40	official6	0	40	val2014/COCO_val2014_000000143445.jpg	val2014/COCO_val2014_000000075905.jpg	2551	43948	69537	43708	70018	0.6320088585932669	-0.007769377317023651	0.36799114140673306	[.5,.75)
3648	public6:0_948_44	official6	0	44	val2014/COCO_val2014_000000550322.jpg	val2014/COCO_val2014_000000323515.jpg	6	40866	185212	7037	199447	0.22064445068354102	-0.18536189441545978	0.779355549316459	[0,.25)
3649	public6:0_949_60	official6	0	60	val2014/COCO_val2014_000000303672.jpg	val2014/COCO_val2014_000000367442.jpg	2552	187372	481991	111148	601408	0.3887458479515178	-0.20393287572633953	0.6112541520484822	[.25,.5)
3650	public6:0_950_72	official6	0	72	val2014/COCO_val2014_000000138806.jpg	val2014/COCO_val2014_000000452113.jpg	66	111994	130751	113731	129745	0.856544118209421	0.020029160144272806	0.143455881790579	[.75,.9)
3651	public6:0_951_48	official6	0	48	val2014/COCO_val2014_000000007961.jpg	val2014/COCO_val2014_000000037688.jpg	172	118046	306354	127702	306987	0.38532547314544613	0.030659568566417883	0.6146745268545539	[.25,.5)
3652	public6:0_952_40	official6	0	40	val2014/COCO_val2014_000000205811.jpg	val2014/COCO_val2014_000000003779.jpg	123	23115	33004	22869	32736	0.7003696521633741	-0.0017809424859547285	0.2996303478366259	[.5,.75)
3653	public6:0_953_72	official6	0	72	val2014/COCO_val2014_000000126983.jpg	val2014/COCO_val2014_000000203138.jpg	2553	146216	162641	147885	163775	0.8990107045578913	0.003965940229164078	0.10098929544210866	[.75,.9)
3654	public6:0_954_24	official6	0	24	val2014/COCO_val2014_000000500330.jpg	val2014/COCO_val2014_000000522446.jpg	271	10067	20842	9533	28895	0.48301506573265524	-0.15309639468230052	0.5169849342673447	[.25,.5)
3655	public6:0_955_60	official6	0	60	val2014/COCO_val2014_000000169991.jpg	val2014/COCO_val2014_000000405432.jpg	2554	303459	903708	315219	906878	0.33579319868807184	0.011793797578239618	0.6642068013119282	[.25,.5)
3656	public6:0_956_24	official6	0	24	val2014/COCO_val2014_000000297349.jpg	val2014/COCO_val2014_000000060132.jpg	1494	22808	88717	22019	87091	0.2570871422613479	-0.004259639993604958	0.7429128577386521	[.25,.5)
3657	public6:0_957_56	official6	0	56	val2014/COCO_val2014_000000152482.jpg	val2014/COCO_val2014_000000161112.jpg	679	36642	45837	36265	45737	0.79939786635251	-0.006494964981628604	0.20060213364749002	[.75,.9)
3658	public6:0_958_24	official6	0	24	val2014/COCO_val2014_000000378894.jpg	val2014/COCO_val2014_000000488755.jpg	2555	32727	70657	31709	36095	0.46318128423227706	0.4153060408820047	0.5368187157677229	[.25,.5)
3659	public6:0_959_76	official6	0	76	val2014/COCO_val2014_000000223362.jpg	val2014/COCO_val2014_000000324715.jpg	2556	52678	64233	56143	66900	0.82010804415176	0.01909972864345677	0.17989195584824003	[.75,.9)
3660	public6:0_960_60	official6	0	60	val2014/COCO_val2014_000000331475.jpg	val2014/COCO_val2014_000000507081.jpg	0	1922	556363	860	553317	0.0034545791147146737	-0.0019003163684046922	0.9965454208852853	[0,.25)
3661	public6:0_961_72	official6	0	72	val2014/COCO_val2014_000000050981.jpg	val2014/COCO_val2014_000000031606.jpg	1930	236470	329874	244559	331009	0.7168494637346381	0.02197938986148773	0.2831505362653619	[.5,.75)
3662	public6:0_962_28	official6	0	28	val2014/COCO_val2014_000000508470.jpg	val2014/COCO_val2014_000000559656.jpg	2557	15822	49483	15117	29844	0.31974617545419637	0.18678780122453298	0.6802538245458036	[.25,.5)
3663	public6:0_963_12	official6	0	12	val2014/COCO_val2014_000000503183.jpg	val2014/COCO_val2014_000000183348.jpg	549	586506	645122	586800	644480	0.9091396666056963	0.001361822967292703	0.09086033339430366	[.9,1]
3664	public6:0_964_60	official6	0	60	val2014/COCO_val2014_000000539787.jpg	val2014/COCO_val2014_000000228144.jpg	1301	88286	222732	87702	216498	0.39637770953432827	0.008716101955847155	0.6036222904656717	[.25,.5)
3665	public6:0_965_52	official6	0	52	val2014/COCO_val2014_000000324979.jpg	val2014/COCO_val2014_000000141102.jpg	28	105658	253128	103572	236411	0.4174093739135931	0.020692068066686997	0.5825906260864069	[.25,.5)
3666	public6:0_966_32	official6	0	32	val2014/COCO_val2014_000000489023.jpg	val2014/COCO_val2014_000000309104.jpg	1514	9841	10770	10177	11151	0.9137418755803157	-0.0010883019097929214	0.08625812441968428	[.9,1]
3667	public6:0_967_12	official6	0	12	val2014/COCO_val2014_000000089225.jpg	val2014/COCO_val2014_000000451234.jpg	1066	4047	7637	5043	8178	0.5299201257038104	0.08673431303426737	0.4700798742961896	[.5,.75)
3668	public6:0_968_32	official6	0	32	val2014/COCO_val2014_000000498940.jpg	val2014/COCO_val2014_000000268058.jpg	1431	8715	9497	9243	9887	0.9176582078551121	0.017205754924295213	0.0823417921448879	[.9,1]
3669	public6:0_969_4	official6	0	4	val2014/COCO_val2014_000000545407.jpg	val2014/COCO_val2014_000000524850.jpg	1891	21754	36680	23638	37475	0.5930752453653217	0.037691932753424084	0.40692475463467825	[.5,.75)
3670	public6:0_970_44	official6	0	44	val2014/COCO_val2014_000000368679.jpg	val2014/COCO_val2014_000000058425.jpg	2558	9944	20193	10149	18600	0.49244787797751693	0.053197283312805654	0.507552122022483	[.25,.5)
3671	public6:0_971_40	official6	0	40	val2014/COCO_val2014_000000000164.jpg	val2014/COCO_val2014_000000325328.jpg	2559	8313	17086	7556	14187	0.48653868664403604	0.04606158120681331	0.513461313355964	[.25,.5)
3672	public6:0_972_28	official6	0	28	val2014/COCO_val2014_000000118867.jpg	val2014/COCO_val2014_000000289712.jpg	2560	34	200455	1	205165	0.00016961412785912051	-0.0001647400021554186	0.9998303858721409	[0,.25)
3673	public6:0_973_64	official6	0	64	val2014/COCO_val2014_000000104624.jpg	val2014/COCO_val2014_000000286342.jpg	849	11794	18757	11703	16365	0.6287785893266514	0.08634515036170787	0.3712214106733486	[.5,.75)
3674	public6:0_974_0	official6	0	0	val2014/COCO_val2014_000000210149.jpg	val2014/COCO_val2014_000000244197.jpg	2561	12516	22093	12914	22758	0.5665142805413479	0.0009345286686002208	0.4334857194586521	[.5,.75)
3675	public6:0_975_36	official6	0	36	val2014/COCO_val2014_000000016285.jpg	val2014/COCO_val2014_000000245320.jpg	1510	13785	20855	13899	20659	0.6609925677295613	0.01178927069437019	0.3390074322704387	[.5,.75)
3676	public6:0_976_64	official6	0	64	val2014/COCO_val2014_000000286342.jpg	val2014/COCO_val2014_000000097964.jpg	849	82189	89572	82774	92207	0.9175746885187336	-0.019877116750863455	0.08242531148126642	[.9,1]
3677	public6:0_977_76	official6	0	76	val2014/COCO_val2014_000000532403.jpg	val2014/COCO_val2014_000000150986.jpg	2562	85784	152014	63520	150877	0.5643164445380031	-0.1433112548802024	0.4356835554619969	[.5,.75)
3678	public6:0_978_76	official6	0	76	val2014/COCO_val2014_000000498363.jpg	val2014/COCO_val2014_000000456254.jpg	1852	120929	184595	130876	183593	0.6551044177794632	0.05775500496541275	0.34489558222053684	[.5,.75)
3679	public6:0_979_24	official6	0	24	val2014/COCO_val2014_000000150830.jpg	val2014/COCO_val2014_000000211215.jpg	1055	22385	64282	21857	49043	0.3482312311377991	0.09743889507797077	0.6517687688622009	[.25,.5)
3680	public6:0_980_4	official6	0	4	val2014/COCO_val2014_000000134886.jpg	val2014/COCO_val2014_000000159740.jpg	2563	24539	27329	25180	29138	0.897910644370449	-0.03374700925479246	0.10208935562955102	[.75,.9)
3681	public6:0_981_56	official6	0	56	val2014/COCO_val2014_000000029596.jpg	val2014/COCO_val2014_000000498489.jpg	1880	13544	40506	13365	34300	0.33437021675801115	0.05527992901458362	0.6656297832419888	[.25,.5)
3682	public6:0_982_24	official6	0	24	val2014/COCO_val2014_000000190236.jpg	val2014/COCO_val2014_000000511341.jpg	2564	24747	29952	24780	29393	0.8262219551282052	0.01683591579344279	0.17377804487179482	[.75,.9)
3683	public6:0_983_72	official6	0	72	val2014/COCO_val2014_000000103538.jpg	val2014/COCO_val2014_000000476335.jpg	2565	25858	36275	24639	27826	0.7128325292901447	0.17263430029369775	0.28716747070985527	[.5,.75)
3684	public6:0_984_72	official6	0	72	val2014/COCO_val2014_000000126983.jpg	val2014/COCO_val2014_000000534659.jpg	2553	146475	162625	146233	166666	0.9006917755572637	-0.023290265951225186	0.09930822444273635	[.9,1]
3685	public6:0_985_4	official6	0	4	val2014/COCO_val2014_000000184359.jpg	val2014/COCO_val2014_000000351369.jpg	2566	71945	177470	52116	175381	0.40539246069758267	-0.10823370347758732	0.5946075393024173	[.25,.5)
3686	public6:0_986_44	official6	0	44	val2014/COCO_val2014_000000129113.jpg	val2014/COCO_val2014_000000452297.jpg	2567	118390	131729	112697	130444	0.8987390779554996	-0.03478979703801777	0.10126092204450043	[.75,.9)
3687	public6:0_987_52	official6	0	52	val2014/COCO_val2014_000000120509.jpg	val2014/COCO_val2014_000000144863.jpg	2568	32862	38544	33140	39847	0.8525840597758406	-0.020902879260368934	0.14741594022415938	[.75,.9)
3688	public6:0_988_76	official6	0	76	val2014/COCO_val2014_000000201120.jpg	val2014/COCO_val2014_000000299349.jpg	2244	8668	13135	8703	10773	0.6599162542824515	0.14793671146525111	0.3400837457175485	[.5,.75)
3689	public6:0_989_8	official6	0	8	val2014/COCO_val2014_000000435179.jpg	val2014/COCO_val2014_000000455872.jpg	2569	61551	78032	62645	79150	0.7887917777322124	0.0026801110864862476	0.21120822226778757	[.75,.9)
3690	public6:0_990_8	official6	0	8	val2014/COCO_val2014_000000461016.jpg	val2014/COCO_val2014_000000261870.jpg	2570	38538	44998	39028	44496	0.8564380639139517	0.020674485528694775	0.14356193608604828	[.75,.9)
3691	public6:0_991_48	official6	0	48	val2014/COCO_val2014_000000005961.jpg	val2014/COCO_val2014_000000549887.jpg	2571	16924	84008	17845	83497	0.2014570040948481	0.012263249327430559	0.7985429959051519	[0,.25)
3692	public6:0_992_24	official6	0	24	val2014/COCO_val2014_000000416159.jpg	val2014/COCO_val2014_000000280761.jpg	475	57480	109089	49470	107865	0.5269092209113659	-0.06828037930380093	0.47309077908863406	[.5,.75)
3693	public6:0_993_56	official6	0	56	val2014/COCO_val2014_000000037728.jpg	val2014/COCO_val2014_000000291597.jpg	2572	104828	191794	102996	187223	0.5465655859933053	0.003559131589470299	0.4534344140066947	[.5,.75)
3694	public6:0_994_12	official6	0	12	val2014/COCO_val2014_000000529597.jpg	val2014/COCO_val2014_000000548528.jpg	84	656403	717189	657521	719317	0.9152440988358718	-0.001153371103870482	0.08475590116412823	[.9,1]
3695	public6:0_995_44	official6	0	44	val2014/COCO_val2014_000000505240.jpg	val2014/COCO_val2014_000000531327.jpg	122	8671	22161	8452	20521	0.3912729569965254	0.020597809535319977	0.6087270430034746	[.25,.5)
3696	public6:0_996_76	official6	0	76	val2014/COCO_val2014_000000034080.jpg	val2014/COCO_val2014_000000555843.jpg	2573	86372	123346	87200	121434	0.7002415968089764	0.017843947601979382	0.29975840319102365	[.5,.75)
3697	public6:0_997_48	official6	0	48	val2014/COCO_val2014_000000554100.jpg	val2014/COCO_val2014_000000468925.jpg	2574	207468	254926	221778	244049	0.8138361720656191	0.0949075638234852	0.1861638279343809	[.75,.9)
3698	public6:0_998_0	official6	0	0	val2014/COCO_val2014_000000007149.jpg	val2014/COCO_val2014_000000175082.jpg	2575	139190	237330	118120	236024	0.5864829562212952	-0.08602537563627	0.4135170437787048	[.5,.75)
3699	public6:0_999_0	official6	0	0	val2014/COCO_val2014_000000356094.jpg	val2014/COCO_val2014_000000484175.jpg	1444	164425	203934	166687	205750	0.8062657526454637	0.003877625240319982	0.19373424735453626	[.75,.9)
3700	public6:1_900_17	official6	1	17	val2014/COCO_val2014_000000499672.jpg	val2014/COCO_val2014_000000276260.jpg	2576	351931	529652	348682	528611	0.6644570397166442	-0.00483777337523239	0.33554296028335584	[.5,.75)
3701	public6:1_901_1	official6	1	1	val2014/COCO_val2014_000000301746.jpg	val2014/COCO_val2014_000000052282.jpg	2577	54768	77815	54917	76276	0.7038231703399087	0.016154279972116048	0.2961768296600913	[.5,.75)
3702	public6:1_902_57	official6	1	57	val2014/COCO_val2014_000000229427.jpg	val2014/COCO_val2014_000000201646.jpg	2578	134190	175286	134828	175879	0.7655488744109626	0.0010463416182392438	0.23445112558903736	[.75,.9)
3703	public6:1_903_9	official6	1	9	val2014/COCO_val2014_000000000699.jpg	val2014/COCO_val2014_000000435312.jpg	2579	125699	170196	130925	169208	0.7385543726057017	0.03519745945897612	0.26144562739429833	[.5,.75)
3704	public6:1_904_13	official6	1	13	val2014/COCO_val2014_000000060989.jpg	val2014/COCO_val2014_000000309662.jpg	2580	7446	12346	7303	11356	0.6031103191317025	0.03998584148823403	0.39688968086829746	[.5,.75)
3705	public6:1_905_33	official6	1	33	val2014/COCO_val2014_000000365339.jpg	val2014/COCO_val2014_000000533173.jpg	2581	39375	61578	37873	62230	0.6394329143525285	-0.03083577470926957	0.36056708564747153	[.5,.75)
3706	public6:1_906_73	official6	1	73	val2014/COCO_val2014_000000143767.jpg	val2014/COCO_val2014_000000324584.jpg	1793	37821	83890	39289	82580	0.45084038622005007	0.024928565099882116	0.5491596137799499	[.25,.5)
3707	public6:1_907_49	official6	1	49	val2014/COCO_val2014_000000547041.jpg	val2014/COCO_val2014_000000448012.jpg	246	25752	28657	26356	28135	0.8986286073210734	0.03814054142603873	0.10137139267892659	[.75,.9)
3708	public6:1_908_45	official6	1	45	val2014/COCO_val2014_000000501760.jpg	val2014/COCO_val2014_000000429261.jpg	2582	124623	305589	151729	198327	0.4078124539823096	0.35723214408048565	0.5921875460176904	[.25,.5)
3709	public6:1_909_13	official6	1	13	val2014/COCO_val2014_000000132587.jpg	val2014/COCO_val2014_000000026432.jpg	2583	10	272459	0	272476	3.6702769958048737e-05	-3.6702769958048737e-05	0.999963297230042	[0,.25)
3710	public6:1_910_17	official6	1	17	val2014/COCO_val2014_000000056891.jpg	val2014/COCO_val2014_000000080470.jpg	682	48335	59465	53127	61151	0.8128310771041789	0.055952753086660145	0.1871689228958211	[.75,.9)
3711	public6:1_911_69	official6	1	69	val2014/COCO_val2014_000000448555.jpg	val2014/COCO_val2014_000000257336.jpg	2584	85776	129214	87945	130180	0.6638289968579256	0.011735605999656173	0.3361710031420744	[.5,.75)
3712	public6:1_912_65	official6	1	65	val2014/COCO_val2014_000000060569.jpg	val2014/COCO_val2014_000000092332.jpg	1564	1251	16586	0	13371	0.07542505727722175	-0.07542505727722175	0.9245749427227783	[0,.25)
3713	public6:1_913_53	official6	1	53	val2014/COCO_val2014_000000139785.jpg	val2014/COCO_val2014_000000451571.jpg	1990	7556	195451	5640	195062	0.03865930591299098	-0.009745422122196257	0.9613406940870091	[0,.25)
3714	public6:1_914_29	official6	1	29	val2014/COCO_val2014_000000303814.jpg	val2014/COCO_val2014_000000280709.jpg	2585	41317	43098	41850	45380	0.9586755765928814	-0.03646314821033403	0.041324423407118616	[.9,1]
3715	public6:1_915_9	official6	1	9	val2014/COCO_val2014_000000568110.jpg	val2014/COCO_val2014_000000181948.jpg	2586	66768	72230	67346	73567	0.92438045133601	-0.008942823051589	0.07561954866399001	[.9,1]
3716	public6:1_916_57	official6	1	57	val2014/COCO_val2014_000000251572.jpg	val2014/COCO_val2014_000000212525.jpg	1592	127041	241700	128075	276677	0.5256143980140671	-0.06271000046746938	0.47438560198593294	[.5,.75)
3717	public6:1_917_53	official6	1	53	val2014/COCO_val2014_000000081812.jpg	val2014/COCO_val2014_000000118739.jpg	1570	9882	15803	9927	11135	0.6253243055116117	0.2661889410083703	0.37467569448838833	[.5,.75)
3718	public6:1_918_33	official6	1	33	val2014/COCO_val2014_000000285734.jpg	val2014/COCO_val2014_000000398537.jpg	2587	10388	12935	8824	12530	0.8030923850019327	-0.09886253663800615	0.1969076149980673	[.75,.9)
3719	public6:1_919_9	official6	1	9	val2014/COCO_val2014_000000492472.jpg	val2014/COCO_val2014_000000215524.jpg	2588	302967	354732	330698	357014	0.8540729339332228	0.07221567099543547	0.1459270660667772	[.75,.9)
3720	public6:1_920_69	official6	1	69	val2014/COCO_val2014_000000131980.jpg	val2014/COCO_val2014_000000294595.jpg	576	20829	42292	28075	39540	0.492504492575428	0.21753597277611475	0.507495507424572	[.25,.5)
3721	public6:1_921_69	official6	1	69	val2014/COCO_val2014_000000243773.jpg	val2014/COCO_val2014_000000554445.jpg	2589	30642	36260	30718	36035	0.8450634307777165	0.007385577131260868	0.1549365692222835	[.75,.9)
3722	public6:1_922_29	official6	1	29	val2014/COCO_val2014_000000020459.jpg	val2014/COCO_val2014_000000256577.jpg	2590	10318	11034	10649	12032	0.9351096610476708	-0.05005314509022396	0.06489033895232921	[.9,1]
3723	public6:1_923_57	official6	1	57	val2014/COCO_val2014_000000015140.jpg	val2014/COCO_val2014_000000295134.jpg	1720	318015	446111	314582	434074	0.7128607005879702	0.011859047657720612	0.28713929941202976	[.5,.75)
3724	public6:1_924_41	official6	1	41	val2014/COCO_val2014_000000198796.jpg	val2014/COCO_val2014_000000485288.jpg	431	15368	25396	15372	18859	0.6051346668766735	0.20996687615317966	0.3948653331233265	[.5,.75)
3725	public6:1_925_65	official6	1	65	val2014/COCO_val2014_000000566998.jpg	val2014/COCO_val2014_000000520531.jpg	50	35709	38704	35372	38500	0.9226178172798677	-0.003864570526620925	0.07738218272013231	[.9,1]
3726	public6:1_926_17	official6	1	17	val2014/COCO_val2014_000000070636.jpg	val2014/COCO_val2014_000000499143.jpg	2591	183789	232192	182759	237311	0.7915388988423374	-0.02141446297547911	0.2084611011576626	[.75,.9)
3727	public6:1_927_17	official6	1	17	val2014/COCO_val2014_000000505163.jpg	val2014/COCO_val2014_000000226494.jpg	2592	160025	273362	151121	273693	0.5853959218911188	-0.03324076995080605	0.4146040781088812	[.5,.75)
3728	public6:1_928_17	official6	1	17	val2014/COCO_val2014_000000407057.jpg	val2014/COCO_val2014_000000272518.jpg	2593	41092	51851	40864	52477	0.792501591097568	-0.01379854023719107	0.20749840890243199	[.75,.9)
3729	public6:1_929_17	official6	1	17	val2014/COCO_val2014_000000450577.jpg	val2014/COCO_val2014_000000136285.jpg	909	157283	197028	156814	186106	0.7982774021966421	0.044328424590242776	0.20172259780335788	[.75,.9)
3730	public6:1_930_41	official6	1	41	val2014/COCO_val2014_000000078929.jpg	val2014/COCO_val2014_000000105812.jpg	2594	14902	22767	14599	17738	0.6545438573373743	0.16849143412727785	0.3454561426626257	[.5,.75)
3731	public6:1_931_61	official6	1	61	val2014/COCO_val2014_000000523229.jpg	val2014/COCO_val2014_000000300034.jpg	2595	255261	312035	254961	279887	0.8180524620635505	0.09289016835515418	0.18194753793644947	[.75,.9)
3732	public6:1_932_69	official6	1	69	val2014/COCO_val2014_000000062510.jpg	val2014/COCO_val2014_000000191054.jpg	2596	68147	125833	68243	122532	0.5415669975284703	0.015373230330374743	0.45843300247152974	[.5,.75)
3733	public6:1_933_61	official6	1	61	val2014/COCO_val2014_000000185935.jpg	val2014/COCO_val2014_000000304389.jpg	1012	43442	65900	44703	65117	0.6592109256449166	0.027291830931707062	0.34078907435508343	[.5,.75)
3734	public6:1_934_77	official6	1	77	val2014/COCO_val2014_000000323925.jpg	val2014/COCO_val2014_000000056405.jpg	527	23812	53811	24885	53808	0.4425117541023211	0.019965944381175826	0.5574882458976789	[.25,.5)
3735	public6:1_935_21	official6	1	21	val2014/COCO_val2014_000000417455.jpg	val2014/COCO_val2014_000000236123.jpg	1125	96031	110553	96475	111951	0.8686421897189583	-0.006881240732348082	0.13135781028104165	[.75,.9)
3736	public6:1_936_41	official6	1	41	val2014/COCO_val2014_000000043944.jpg	val2014/COCO_val2014_000000331712.jpg	315	19921	101364	16946	98555	0.196529339805059	-0.024584740342829786	0.8034706601949411	[0,.25)
3737	public6:1_937_13	official6	1	13	val2014/COCO_val2014_000000062459.jpg	val2014/COCO_val2014_000000451559.jpg	163	9876	11631	9006	12185	0.8491101367036369	-0.11000467917388723	0.1508898632963631	[.75,.9)
3738	public6:1_938_77	official6	1	77	val2014/COCO_val2014_000000466570.jpg	val2014/COCO_val2014_000000341957.jpg	2597	146848	311601	146953	302135	0.4712693476593464	0.015112567709611169	0.5287306523406536	[.25,.5)
3739	public6:1_939_73	official6	1	73	val2014/COCO_val2014_000000514826.jpg	val2014/COCO_val2014_000000290289.jpg	155	1	84449	0	68685	1.1841466447204821e-05	-1.1841466447204821e-05	0.9999881585335528	[0,.25)
3740	public6:1_940_61	official6	1	61	val2014/COCO_val2014_000000247184.jpg	val2014/COCO_val2014_000000533900.jpg	2598	73446	156507	114498	162407	0.46928252410435317	0.23572403349476506	0.5307174758956468	[.25,.5)
3741	public6:1_941_61	official6	1	61	val2014/COCO_val2014_000000482210.jpg	val2014/COCO_val2014_000000345401.jpg	2599	56356	65622	57012	65665	0.8587973545457316	0.009427727309137879	0.14120264545426842	[.75,.9)
3742	public6:1_942_17	official6	1	17	val2014/COCO_val2014_000000137803.jpg	val2014/COCO_val2014_000000213592.jpg	2600	95448	137443	95412	140311	0.6944551559555597	-0.014451449902577407	0.30554484404444027	[.5,.75)
3743	public6:1_943_65	official6	1	65	val2014/COCO_val2014_000000110951.jpg	val2014/COCO_val2014_000000211107.jpg	2601	85237	97668	81695	97574	0.8727218741041078	-0.0354598985778406	0.12727812589589216	[.75,.9)
3744	public6:1_944_65	official6	1	65	val2014/COCO_val2014_000000566998.jpg	val2014/COCO_val2014_000000236516.jpg	50	35645	38444	35842	39136	0.9271927999167621	-0.011360829352575652	0.07280720008323793	[.9,1]
3745	public6:1_945_69	official6	1	69	val2014/COCO_val2014_000000213086.jpg	val2014/COCO_val2014_000000540209.jpg	2602	84969	363343	86688	363664	0.23385341123951747	0.004520472345330068	0.7661465887604826	[0,.25)
3746	public6:1_946_73	official6	1	73	val2014/COCO_val2014_000000262896.jpg	val2014/COCO_val2014_000000457461.jpg	119	35914	68090	30545	67505	0.5274489646056689	-0.07496396349464013	0.4725510353943311	[.5,.75)
3747	public6:1_947_5	official6	1	5	val2014/COCO_val2014_000000059666.jpg	val2014/COCO_val2014_000000208107.jpg	2603	153605	224510	156456	218563	0.6841788784463944	0.031660490522735785	0.31582112155360564	[.5,.75)
3748	public6:1_948_29	official6	1	29	val2014/COCO_val2014_000000047916.jpg	val2014/COCO_val2014_000000546584.jpg	2604	6578	7214	6696	7690	0.9118380925977266	-0.0410968702310166	0.08816190740227337	[.9,1]
3749	public6:1_949_37	official6	1	37	val2014/COCO_val2014_000000436636.jpg	val2014/COCO_val2014_000000361924.jpg	2605	10232	18323	6137	17365	0.5584238388910113	-0.205011803187009	0.4415761611089887	[.5,.75)
3750	public6:1_950_45	official6	1	45	val2014/COCO_val2014_000000240798.jpg	val2014/COCO_val2014_000000168909.jpg	950	28946	435342	27159	427998	0.06649025363966721	-0.003034349640115813	0.9335097463603328	[0,.25)
3751	public6:1_951_65	official6	1	65	val2014/COCO_val2014_000000102641.jpg	val2014/COCO_val2014_000000031345.jpg	1413	19899	23392	20030	23487	0.8506754445964432	0.002136749383205183	0.14932455540355682	[.75,.9)
3752	public6:1_952_29	official6	1	29	val2014/COCO_val2014_000000190211.jpg	val2014/COCO_val2014_000000149005.jpg	1960	5466	6632	5439	6859	0.8241857659831122	-0.03121302943259463	0.17581423401688778	[.75,.9)
3753	public6:1_953_17	official6	1	17	val2014/COCO_val2014_000000173530.jpg	val2014/COCO_val2014_000000337446.jpg	207	16983	26915	17039	28731	0.6309864387887795	-0.037933638677401516	0.36901356121122053	[.5,.75)
3754	public6:1_954_37	official6	1	37	val2014/COCO_val2014_000000437331.jpg	val2014/COCO_val2014_000000502214.jpg	2606	10724	14678	10746	14316	0.7306172503065813	0.020011416918900626	0.2693827496934187	[.5,.75)
3755	public6:1_955_69	official6	1	69	val2014/COCO_val2014_000000219437.jpg	val2014/COCO_val2014_000000028506.jpg	2016	146522	225548	147491	220180	0.6496266870023232	0.02023887753578202	0.3503733129976768	[.5,.75)
3756	public6:1_956_17	official6	1	17	val2014/COCO_val2014_000000215485.jpg	val2014/COCO_val2014_000000106453.jpg	2607	382583	440649	413130	439565	0.8682261845595928	0.07163481438254315	0.13177381544040723	[.75,.9)
3757	public6:1_957_5	official6	1	5	val2014/COCO_val2014_000000503238.jpg	val2014/COCO_val2014_000000401776.jpg	1746	292826	316436	295796	315799	0.9253877561339418	0.01127132131722175	0.07461224386605825	[.9,1]
3758	public6:1_958_77	official6	1	77	val2014/COCO_val2014_000000429582.jpg	val2014/COCO_val2014_000000371677.jpg	2354	571914	600069	582055	606837	0.9530803957544882	0.006081619745555433	0.04691960424551178	[.9,1]
3759	public6:1_959_49	official6	1	49	val2014/COCO_val2014_000000307480.jpg	val2014/COCO_val2014_000000180800.jpg	2608	64580	129252	64752	115056	0.4996441060873333	0.06314271076706807	0.5003558939126667	[.25,.5)
3760	public6:1_960_41	official6	1	41	val2014/COCO_val2014_000000241396.jpg	val2014/COCO_val2014_000000030361.jpg	1029	20079	40359	19556	42905	0.497509849104289	-0.041712156527666244	0.5024901508957109	[.25,.5)
3761	public6:1_961_69	official6	1	69	val2014/COCO_val2014_000000034582.jpg	val2014/COCO_val2014_000000205409.jpg	2609	81703	248272	84225	248798	0.3290866469033963	0.009440993994038582	0.6709133530966037	[.25,.5)
3762	public6:1_962_13	official6	1	13	val2014/COCO_val2014_000000375881.jpg	val2014/COCO_val2014_000000221666.jpg	2610	21756	191136	33758	168327	0.1138247112004018	0.08672540850707233	0.8861752887995982	[0,.25)
3763	public6:1_963_65	official6	1	65	val2014/COCO_val2014_000000157046.jpg	val2014/COCO_val2014_000000021592.jpg	404	33671	54118	34655	54822	0.622177464060017	0.009959269368168822	0.37782253593998305	[.5,.75)
3764	public6:1_964_5	official6	1	5	val2014/COCO_val2014_000000232900.jpg	val2014/COCO_val2014_000000147725.jpg	2611	84768	128498	96156	128487	0.659683419197186	0.08868801137555682	0.340316580802814	[.5,.75)
3765	public6:1_965_53	official6	1	53	val2014/COCO_val2014_000000428278.jpg	val2014/COCO_val2014_000000173004.jpg	1565	389905	418554	391755	419487	0.9315524400674704	0.0023382406926008015	0.0684475599325296	[.9,1]
3766	public6:1_966_53	official6	1	53	val2014/COCO_val2014_000000505862.jpg	val2014/COCO_val2014_000000456610.jpg	123	72603	133292	83833	132732	0.5446913543198392	0.08690464363091877	0.45530864568016083	[.5,.75)
3767	public6:1_967_21	official6	1	21	val2014/COCO_val2014_000000417455.jpg	val2014/COCO_val2014_000000414819.jpg	1125	95765	110109	96573	110923	0.8697290866323371	0.0009018916138336941	0.13027091336766294	[.75,.9)
3768	public6:1_968_5	official6	1	5	val2014/COCO_val2014_000000551018.jpg	val2014/COCO_val2014_000000394535.jpg	2612	143505	161350	145247	162108	0.889401921289123	0.006587172401502972	0.11059807871087701	[.75,.9)
3769	public6:1_969_73	official6	1	73	val2014/COCO_val2014_000000014038.jpg	val2014/COCO_val2014_000000346207.jpg	2613	8567	58889	7569	47584	0.14547708400550188	0.013588988623953385	0.8545229159944981	[0,.25)
3770	public6:1_970_17	official6	1	17	val2014/COCO_val2014_000000417653.jpg	val2014/COCO_val2014_000000265063.jpg	2614	16868	21331	17705	22315	0.7907739909052552	0.002638511895551421	0.20922600909474476	[.75,.9)
3771	public6:1_971_33	official6	1	33	val2014/COCO_val2014_000000488151.jpg	val2014/COCO_val2014_000000293200.jpg	698	17322	18571	18016	20149	0.932744601798503	-0.0386059348671417	0.06725539820149695	[.9,1]
3772	public6:1_972_45	official6	1	45	val2014/COCO_val2014_000000458549.jpg	val2014/COCO_val2014_000000327807.jpg	155	7226	13550	7290	13601	0.5332841328413284	0.0027058678939116954	0.46671586715867164	[.5,.75)
3773	public6:1_973_9	official6	1	9	val2014/COCO_val2014_000000154830.jpg	val2014/COCO_val2014_000000260922.jpg	2615	8831	46045	7890	40433	0.19179063959170375	0.0033469955083382796	0.8082093604082963	[0,.25)
3774	public6:1_974_25	official6	1	25	val2014/COCO_val2014_000000334077.jpg	val2014/COCO_val2014_000000330736.jpg	2616	516090	605890	520129	608234	0.8517882784003697	0.0033579317753191784	0.14821172159963025	[.75,.9)
3775	public6:1_975_25	official6	1	25	val2014/COCO_val2014_000000468456.jpg	val2014/COCO_val2014_000000140642.jpg	298	76826	80670	78451	82698	0.9523490764844428	-0.0037046110802008148	0.04765092351555722	[.9,1]
3776	public6:1_976_77	official6	1	77	val2014/COCO_val2014_000000094174.jpg	val2014/COCO_val2014_000000082180.jpg	2617	154198	170006	156240	178769	0.9070150465277697	-0.033038014715766506	0.09298495347223035	[.9,1]
3777	public6:1_977_77	official6	1	77	val2014/COCO_val2014_000000021361.jpg	val2014/COCO_val2014_000000468778.jpg	831	162264	172880	164542	175373	0.9385932438685793	-0.0003530358548029522	0.06140675613142066	[.9,1]
3778	public6:1_978_53	official6	1	53	val2014/COCO_val2014_000000279541.jpg	val2014/COCO_val2014_000000393864.jpg	2618	96415	115905	97579	119572	0.8318450455114103	-0.015776066151693913	0.16815495448858975	[.75,.9)
3779	public6:1_979_49	official6	1	49	val2014/COCO_val2014_000000456991.jpg	val2014/COCO_val2014_000000386092.jpg	276	9001	9869	9177	10817	0.9120478265275104	-0.06366102796968476	0.08795217347248963	[.9,1]
3780	public6:1_980_21	official6	1	21	val2014/COCO_val2014_000000055601.jpg	val2014/COCO_val2014_000000580390.jpg	2619	317452	382615	322845	383088	0.8296904198737635	0.01305328392275329	0.17030958012623654	[.75,.9)
3781	public6:1_981_69	official6	1	69	val2014/COCO_val2014_000000570659.jpg	val2014/COCO_val2014_000000199575.jpg	360	70885	97760	65062	97371	0.725092062193126	-0.05690543578485252	0.27490793780687395	[.5,.75)
3782	public6:1_982_25	official6	1	25	val2014/COCO_val2014_000000038645.jpg	val2014/COCO_val2014_000000064961.jpg	2620	86027	112728	89268	114335	0.7631378184656873	0.01762047951830714	0.2368621815343127	[.75,.9)
3783	public6:1_983_53	official6	1	53	val2014/COCO_val2014_000000425361.jpg	val2014/COCO_val2014_000000549224.jpg	2621	7318	292286	7874	208362	0.025037121175834627	0.012752878920152165	0.9749628788241653	[0,.25)
3784	public6:1_984_41	official6	1	41	val2014/COCO_val2014_000000478404.jpg	val2014/COCO_val2014_000000435820.jpg	2622	33005	96290	30188	91758	0.34276664243431304	-0.013770805559054189	0.657233357565687	[.25,.5)
3785	public6:1_985_57	official6	1	57	val2014/COCO_val2014_000000083097.jpg	val2014/COCO_val2014_000000504599.jpg	2623	24735	26725	25336	27726	0.9255378858746492	-0.011738563938560431	0.07446211412535075	[.9,1]
3786	public6:1_986_25	official6	1	25	val2014/COCO_val2014_000000135524.jpg	val2014/COCO_val2014_000000358923.jpg	2303	124403	132179	125398	133346	0.9411706852071812	-0.000775022795110325	0.05882931479281883	[.9,1]
3787	public6:1_987_41	official6	1	41	val2014/COCO_val2014_000000318114.jpg	val2014/COCO_val2014_000000085157.jpg	2624	162449	172850	161773	171710	0.9398264391090541	0.0023027321680992863	0.06017356089094594	[.9,1]
3788	public6:1_988_41	official6	1	41	val2014/COCO_val2014_000000302806.jpg	val2014/COCO_val2014_000000272242.jpg	1717	20083	101357	23300	80651	0.19814122359580494	0.09075786011053472	0.8018587764041951	[0,.25)
3789	public6:1_989_21	official6	1	21	val2014/COCO_val2014_000000008401.jpg	val2014/COCO_val2014_000000024805.jpg	2359	94172	180001	81743	180094	0.5231748712507153	-0.06928412530693034	0.47682512874928473	[.5,.75)
3790	public6:1_990_21	official6	1	21	val2014/COCO_val2014_000000165500.jpg	val2014/COCO_val2014_000000201241.jpg	2625	13970	18436	16382	19444	0.7577565632458234	0.0847655515453718	0.2422434367541766	[.75,.9)
3791	public6:1_991_49	official6	1	49	val2014/COCO_val2014_000000485724.jpg	val2014/COCO_val2014_000000560256.jpg	2626	276031	387432	276696	391600	0.7124630902971361	-0.005884949336972589	0.28753690970286394	[.5,.75)
3792	public6:1_992_49	official6	1	49	val2014/COCO_val2014_000000512206.jpg	val2014/COCO_val2014_000000119452.jpg	2627	37256	42817	37401	43418	0.8701216806408669	-0.008704756784401857	0.12987831935913308	[.75,.9)
3793	public6:1_993_65	official6	1	65	val2014/COCO_val2014_000000354425.jpg	val2014/COCO_val2014_000000100000.jpg	260	8145	14335	8020	14540	0.5681897453784444	-0.016607902187247614	0.43181025462155564	[.5,.75)
3794	public6:1_994_49	official6	1	49	val2014/COCO_val2014_000000462386.jpg	val2014/COCO_val2014_000000338472.jpg	2628	11144	21795	11494	23596	0.5113099334709795	-0.02419347305395969	0.4886900665290205	[.5,.75)
3795	public6:1_995_21	official6	1	21	val2014/COCO_val2014_000000549629.jpg	val2014/COCO_val2014_000000183949.jpg	2311	145941	153717	147729	155262	0.9494135326606686	0.002068478391617168	0.050586467339331365	[.9,1]
3796	public6:1_996_73	official6	1	73	val2014/COCO_val2014_000000420347.jpg	val2014/COCO_val2014_000000409331.jpg	744	17610	28377	7601	23433	0.620572999259964	-0.2962013865769955	0.379427000740036	[.5,.75)
3797	public6:1_997_73	official6	1	73	val2014/COCO_val2014_000000444568.jpg	val2014/COCO_val2014_000000465295.jpg	2629	15185	51494	15211	42036	0.29488872489998835	0.06696777904900775	0.7051112751000117	[.25,.5)
3798	public6:1_998_45	official6	1	45	val2014/COCO_val2014_000000102555.jpg	val2014/COCO_val2014_000000141328.jpg	2630	10	201415	0	83481	4.964873519847082e-05	-4.964873519847082e-05	0.9999503512648016	[0,.25)
3799	public6:1_999_69	official6	1	69	val2014/COCO_val2014_000000551963.jpg	val2014/COCO_val2014_000000468996.jpg	2631	296733	388450	292433	369347	0.7638898185094607	0.02786698471352478	0.2361101814905393	[.75,.9)
3800	public6:2_900_54	official6	2	54	val2014/COCO_val2014_000000321846.jpg	val2014/COCO_val2014_000000050531.jpg	819	105923	119678	100014	119761	0.8850665953642274	-0.049953328106939976	0.11493340463577262	[.75,.9)
3801	public6:2_901_74	official6	2	74	val2014/COCO_val2014_000000080045.jpg	val2014/COCO_val2014_000000166437.jpg	2632	297244	377072	294740	377072	0.7882950736198923	-0.006640641575083817	0.21170492638010774	[.75,.9)
3802	public6:2_902_26	official6	2	26	val2014/COCO_val2014_000000309662.jpg	val2014/COCO_val2014_000000384462.jpg	2580	14170	28565	16209	32398	0.4960616138631192	0.004247047165339302	0.5039383861368808	[.25,.5)
3803	public6:2_903_54	official6	2	54	val2014/COCO_val2014_000000150378.jpg	val2014/COCO_val2014_000000400573.jpg	2633	123680	216955	124801	217155	0.5700721347744924	0.004637174244411235	0.42992786522550763	[.5,.75)
3804	public6:2_904_38	official6	2	38	val2014/COCO_val2014_000000328601.jpg	val2014/COCO_val2014_000000360878.jpg	2634	24789	26897	25302	27974	0.921626947243187	-0.01714421327593163	0.07837305275681306	[.9,1]
3805	public6:2_905_54	official6	2	54	val2014/COCO_val2014_000000075296.jpg	val2014/COCO_val2014_000000445557.jpg	2635	8149	68863	3185	68884	0.11833640706910822	-0.07209925475507303	0.8816635929308918	[0,.25)
3806	public6:2_906_26	official6	2	26	val2014/COCO_val2014_000000198079.jpg	val2014/COCO_val2014_000000456969.jpg	107	21736	27018	20587	25306	0.8045007032348804	0.009021781551336261	0.19549929676511957	[.75,.9)
3807	public6:2_907_42	official6	2	42	val2014/COCO_val2014_000000533206.jpg	val2014/COCO_val2014_000000527828.jpg	110	5648	26488	5663	27057	0.213228631833283	-0.003929744299557891	0.786771368166717	[0,.25)
3808	public6:2_908_38	official6	2	38	val2014/COCO_val2014_000000175864.jpg	val2014/COCO_val2014_000000194414.jpg	2636	25568	29590	25896	29841	0.8640757012504224	0.003723635232939393	0.13592429874957757	[.75,.9)
3809	public6:2_909_62	official6	2	62	val2014/COCO_val2014_000000310059.jpg	val2014/COCO_val2014_000000488201.jpg	282	222403	235041	224243	232590	0.9462306576299454	0.017882158914188095	0.053769342370054596	[.9,1]
3810	public6:2_910_14	official6	2	14	val2014/COCO_val2014_000000082836.jpg	val2014/COCO_val2014_000000153092.jpg	2637	23265	27573	24117	29933	0.8437602001958437	-0.03806080487963759	0.15623979980415625	[.75,.9)
3811	public6:2_911_50	official6	2	50	val2014/COCO_val2014_000000089638.jpg	val2014/COCO_val2014_000000092107.jpg	2638	164636	266260	165944	284614	0.618327950123939	-0.03527862718128694	0.38167204987606096	[.5,.75)
3812	public6:2_912_38	official6	2	38	val2014/COCO_val2014_000000094745.jpg	val2014/COCO_val2014_000000195275.jpg	2639	11337	14725	11576	14901	0.7699151103565365	0.006945503025115762	0.23008488964346352	[.75,.9)
3813	public6:2_913_42	official6	2	42	val2014/COCO_val2014_000000303520.jpg	val2014/COCO_val2014_000000208649.jpg	2640	11050	27172	7928	16404	0.4066686294715148	0.076628127417049	0.5933313705284853	[.25,.5)
3814	public6:2_914_62	official6	2	62	val2014/COCO_val2014_000000236671.jpg	val2014/COCO_val2014_000000127987.jpg	1248	27975	31070	27528	34463	0.9003862246540071	-0.1016165296187519	0.09961377534599292	[.9,1]
3815	public6:2_915_50	official6	2	50	val2014/COCO_val2014_000000025216.jpg	val2014/COCO_val2014_000000562197.jpg	2641	178906	193033	180045	193846	0.926815622199313	0.0019886863755350648	0.07318437780068698	[.9,1]
3816	public6:2_916_10	official6	2	10	val2014/COCO_val2014_000000244019.jpg	val2014/COCO_val2014_000000148392.jpg	2090	44704	51985	45468	52864	0.8599403674136771	0.00015345825218249232	0.14005963258632292	[.75,.9)
3817	public6:2_917_34	official6	2	34	val2014/COCO_val2014_000000243980.jpg	val2014/COCO_val2014_000000514586.jpg	879	6425	8485	7088	9051	0.7572186210960519	0.02589926643018836	0.24278137890394813	[.75,.9)
3818	public6:2_918_78	official6	2	78	val2014/COCO_val2014_000000315219.jpg	val2014/COCO_val2014_000000483476.jpg	319	15101	123431	15318	123933	0.12234365759007057	0.00125538382746955	0.8776563424099294	[0,.25)
3819	public6:2_919_26	official6	2	26	val2014/COCO_val2014_000000250127.jpg	val2014/COCO_val2014_000000324634.jpg	2642	8856	14491	8666	11726	0.6111379476916707	0.1279034986668488	0.38886205230832926	[.5,.75)
3820	public6:2_920_38	official6	2	38	val2014/COCO_val2014_000000310597.jpg	val2014/COCO_val2014_000000251395.jpg	2643	16755	19127	17328	20294	0.8759868249071993	-0.022138396800369664	0.12401317509280074	[.75,.9)
3821	public6:2_921_38	official6	2	38	val2014/COCO_val2014_000000390585.jpg	val2014/COCO_val2014_000000174402.jpg	2644	30963	34461	31344	34730	0.8984939496822495	0.00401108918904336	0.1015060503177505	[.75,.9)
3822	public6:2_922_46	official6	2	46	val2014/COCO_val2014_000000558362.jpg	val2014/COCO_val2014_000000265472.jpg	602	1615	213613	25988	218840	0.007560401286438559	0.1111930258749579	0.9924395987135615	[0,.25)
3823	public6:2_923_30	official6	2	30	val2014/COCO_val2014_000000543782.jpg	val2014/COCO_val2014_000000143103.jpg	2645	39527	70352	39509	72976	0.561846145098931	-0.02044897342605234	0.43815385490106895	[.5,.75)
3824	public6:2_924_38	official6	2	38	val2014/COCO_val2014_000000553985.jpg	val2014/COCO_val2014_000000352257.jpg	2646	65923	72573	63283	72929	0.9083681258870379	-0.04063375410077996	0.09163187411296214	[.9,1]
3825	public6:2_925_66	official6	2	66	val2014/COCO_val2014_000000141828.jpg	val2014/COCO_val2014_000000208028.jpg	2647	139848	192617	141431	194269	0.7260418343136898	0.0019744729715692744	0.27395816568631015	[.5,.75)
3826	public6:2_926_62	official6	2	62	val2014/COCO_val2014_000000053457.jpg	val2014/COCO_val2014_000000553992.jpg	2648	243345	402182	271090	401287	0.6050618874042101	0.07048952592340829	0.3949381125957899	[.5,.75)
3827	public6:2_927_78	official6	2	78	val2014/COCO_val2014_000000043073.jpg	val2014/COCO_val2014_000000194288.jpg	306	28356	35513	28622	36216	0.7984681665868837	-0.008154493072414892	0.2015318334131163	[.75,.9)
3828	public6:2_928_18	official6	2	18	val2014/COCO_val2014_000000474384.jpg	val2014/COCO_val2014_000000483994.jpg	2649	473409	542553	464605	545121	0.872558072667555	-0.020261059710798612	0.12744192733244497	[.75,.9)
3829	public6:2_929_74	official6	2	74	val2014/COCO_val2014_000000312263.jpg	val2014/COCO_val2014_000000285683.jpg	2650	11809	23771	11809	23188	0.4967817929409785	0.012490244319673549	0.5032182070590214	[.25,.5)
3830	public6:2_930_6	official6	2	6	val2014/COCO_val2014_000000186624.jpg	val2014/COCO_val2014_000000134010.jpg	2651	214287	570352	173063	570144	0.3757100878054254	-0.07216747400961243	0.6242899121945746	[.25,.5)
3831	public6:2_931_10	official6	2	10	val2014/COCO_val2014_000000240800.jpg	val2014/COCO_val2014_000000080013.jpg	1654	293488	320538	294374	321601	0.9156106296289364	-0.00027143603190149523	0.08438937037106364	[.9,1]
3832	public6:2_932_34	official6	2	34	val2014/COCO_val2014_000000409439.jpg	val2014/COCO_val2014_000000231747.jpg	879	23699	27288	25260	30385	0.8684769862210495	-0.03714573724951753	0.13152301377895048	[.75,.9)
3833	public6:2_933_22	official6	2	22	val2014/COCO_val2014_000000123599.jpg	val2014/COCO_val2014_000000296858.jpg	2652	410109	457779	412400	457717	0.8958667828799486	0.00512662571094924	0.10413321712005141	[.75,.9)
3834	public6:2_934_58	official6	2	58	val2014/COCO_val2014_000000001626.jpg	val2014/COCO_val2014_000000253749.jpg	782	108402	128042	108398	127631	0.846612830165102	0.0026949398907621935	0.15338716983489797	[.75,.9)
3835	public6:2_935_6	official6	2	6	val2014/COCO_val2014_000000326863.jpg	val2014/COCO_val2014_000000101969.jpg	2653	193039	236426	177641	234605	0.8164880343109472	-0.05929615860497328	0.18351196568905281	[.75,.9)
3836	public6:2_936_46	official6	2	46	val2014/COCO_val2014_000000370388.jpg	val2014/COCO_val2014_000000480122.jpg	1518	200300	213734	201179	215821	0.9371461723450645	-0.004989431342103723	0.06285382765493552	[.9,1]
3837	public6:2_937_58	official6	2	58	val2014/COCO_val2014_000000512403.jpg	val2014/COCO_val2014_000000314264.jpg	2654	126134	252949	129767	253900	0.4986538788451427	0.0124410404144083	0.5013461211548573	[.25,.5)
3838	public6:2_938_46	official6	2	46	val2014/COCO_val2014_000000074963.jpg	val2014/COCO_val2014_000000407717.jpg	431	134597	152584	136399	154486	0.8821173910763908	0.000804038697180931	0.11788260892360924	[.75,.9)
3839	public6:2_939_78	official6	2	78	val2014/COCO_val2014_000000043073.jpg	val2014/COCO_val2014_000000338094.jpg	306	28114	36025	28342	36224	0.7804024982650937	0.002006954031726127	0.21959750173490633	[.75,.9)
3840	public6:2_940_22	official6	2	22	val2014/COCO_val2014_000000493522.jpg	val2014/COCO_val2014_000000489475.jpg	305	331254	349341	335266	351369	0.948225372916434	0.005945313740613134	0.05177462708356595	[.9,1]
3841	public6:2_941_2	official6	2	2	val2014/COCO_val2014_000000133667.jpg	val2014/COCO_val2014_000000304012.jpg	2655	174783	205567	174172	199675	0.8502483375249918	0.022029113332651784	0.14975166247500815	[.75,.9)
3842	public6:2_942_74	official6	2	74	val2014/COCO_val2014_000000369506.jpg	val2014/COCO_val2014_000000305030.jpg	2656	17472	19033	17670	19926	0.9179845531445384	-0.031203463111415863	0.08201544685546158	[.9,1]
3843	public6:2_943_6	official6	2	6	val2014/COCO_val2014_000000410141.jpg	val2014/COCO_val2014_000000290610.jpg	2657	172562	182937	173113	181343	0.9432864866046781	0.01132990333041728	0.056713513395321935	[.9,1]
3844	public6:2_944_34	official6	2	34	val2014/COCO_val2014_000000206596.jpg	val2014/COCO_val2014_000000103815.jpg	824	11545	13389	12277	14027	0.8622750018672044	0.012965605532809898	0.1377249981327956	[.75,.9)
3845	public6:2_945_62	official6	2	62	val2014/COCO_val2014_000000357024.jpg	val2014/COCO_val2014_000000165225.jpg	2658	0	190837	0	175319	0.0	0.0	1.0	[0,.25)
3846	public6:2_946_6	official6	2	6	val2014/COCO_val2014_000000041300.jpg	val2014/COCO_val2014_000000178072.jpg	2659	436726	473493	450748	475832	0.9223494328321643	0.024934482499297195	0.0776505671678357	[.9,1]
3847	public6:2_947_14	official6	2	14	val2014/COCO_val2014_000000109498.jpg	val2014/COCO_val2014_000000058210.jpg	2660	19130	29353	19527	27853	0.6517221408373931	0.0493513521436143	0.3482778591626069	[.5,.75)
3848	public6:2_948_38	official6	2	38	val2014/COCO_val2014_000000563927.jpg	val2014/COCO_val2014_000000133418.jpg	2661	8649	10435	9133	11334	0.8288452323909918	-0.0230396915404536	0.17115476760900816	[.75,.9)
3849	public6:2_949_34	official6	2	34	val2014/COCO_val2014_000000574135.jpg	val2014/COCO_val2014_000000196430.jpg	1321	8843	15832	8853	16625	0.5585522991409803	-0.026041020945491544	0.44144770085901974	[.5,.75)
3850	public6:2_950_10	official6	2	10	val2014/COCO_val2014_000000283054.jpg	val2014/COCO_val2014_000000575012.jpg	2062	98459	105087	98183	105761	0.9369284497606745	-0.008580571053022346	0.06307155023932554	[.9,1]
3851	public6:2_951_74	official6	2	74	val2014/COCO_val2014_000000237844.jpg	val2014/COCO_val2014_000000162561.jpg	2662	17064	18690	16987	19138	0.9130016051364366	-0.025395794706924657	0.08699839486356342	[.9,1]
3852	public6:2_952_62	official6	2	62	val2014/COCO_val2014_000000561903.jpg	val2014/COCO_val2014_000000407386.jpg	1499	90689	152607	88397	152753	0.5942650075029323	-0.015572608662975052	0.4057349924970677	[.5,.75)
3853	public6:2_953_58	official6	2	58	val2014/COCO_val2014_000000314864.jpg	val2014/COCO_val2014_000000513971.jpg	2663	72263	204436	71409	199852	0.35347492613825354	0.0038344828243788154	0.6465250738617465	[.25,.5)
3854	public6:2_954_66	official6	2	66	val2014/COCO_val2014_000000264222.jpg	val2014/COCO_val2014_000000212292.jpg	2664	59117	75187	59116	71621	0.7862662428345326	0.03913412856491727	0.2137337571654674	[.75,.9)
3855	public6:2_955_2	official6	2	2	val2014/COCO_val2014_000000475882.jpg	val2014/COCO_val2014_000000017267.jpg	2520	7769	13280	6738	9635	0.5850150602409638	0.11431031599152186	0.41498493975903616	[.5,.75)
3856	public6:2_956_14	official6	2	14	val2014/COCO_val2014_000000082696.jpg	val2014/COCO_val2014_000000388881.jpg	1294	14244	31805	14546	33142	0.4478541109888382	-0.008954829110858598	0.5521458890111618	[.25,.5)
3857	public6:2_957_38	official6	2	38	val2014/COCO_val2014_000000369323.jpg	val2014/COCO_val2014_000000452060.jpg	2665	23805	27178	24335	30858	0.8758922658032232	-0.08727991244266842	0.12410773419677679	[.75,.9)
3858	public6:2_958_18	official6	2	18	val2014/COCO_val2014_000000043758.jpg	val2014/COCO_val2014_000000098416.jpg	2666	63407	72711	67687	76428	0.8720413692563711	0.013589551348642814	0.1279586307436289	[.75,.9)
3859	public6:2_959_74	official6	2	74	val2014/COCO_val2014_000000166527.jpg	val2014/COCO_val2014_000000314027.jpg	2667	26201	33230	26503	35100	0.788474270237737	-0.033403045166511935	0.21152572976226303	[.75,.9)
3860	public6:2_960_42	official6	2	42	val2014/COCO_val2014_000000292103.jpg	val2014/COCO_val2014_000000019226.jpg	2668	12460	27016	12044	27765	0.4612081729345573	-0.02742463250596011	0.5387918270654427	[.25,.5)
3861	public6:2_961_34	official6	2	34	val2014/COCO_val2014_000000332407.jpg	val2014/COCO_val2014_000000136915.jpg	879	8950	14938	7798	15276	0.5991431249163208	-0.08866917885714298	0.4008568750836792	[.5,.75)
3862	public6:2_962_42	official6	2	42	val2014/COCO_val2014_000000448600.jpg	val2014/COCO_val2014_000000320832.jpg	1307	18349	26342	18795	26359	0.6965682180548174	0.016470971595776374	0.3034317819451826	[.5,.75)
3863	public6:2_963_38	official6	2	38	val2014/COCO_val2014_000000198768.jpg	val2014/COCO_val2014_000000039630.jpg	2669	10101	11784	10068	12401	0.8571792260692465	-0.04530921558622092	0.14282077393075354	[.75,.9)
3864	public6:2_964_26	official6	2	26	val2014/COCO_val2014_000000199783.jpg	val2014/COCO_val2014_000000018783.jpg	35	26774	56856	26560	57802	0.470908962994231	-0.011409291702580204	0.529091037005769	[.25,.5)
3865	public6:2_965_54	official6	2	54	val2014/COCO_val2014_000000502414.jpg	val2014/COCO_val2014_000000066926.jpg	2670	29434	44103	29526	41942	0.6673922408906423	0.03657991112881309	0.3326077591093577	[.5,.75)
3866	public6:2_966_30	official6	2	30	val2014/COCO_val2014_000000187302.jpg	val2014/COCO_val2014_000000226588.jpg	2671	17525	43238	18111	42642	0.40531476941579164	0.01940733555114238	0.5946852305842083	[.25,.5)
3867	public6:2_967_70	official6	2	70	val2014/COCO_val2014_000000533003.jpg	val2014/COCO_val2014_000000085803.jpg	48	26254	60576	26916	58425	0.43340596936080295	0.02728722704484532	0.566594030639197	[.25,.5)
3868	public6:2_968_50	official6	2	50	val2014/COCO_val2014_000000434297.jpg	val2014/COCO_val2014_000000116182.jpg	629	20412	104659	20412	106757	0.1950333941658147	-0.003832817154471174	0.8049666058341853	[0,.25)
3869	public6:2_969_18	official6	2	18	val2014/COCO_val2014_000000000772.jpg	val2014/COCO_val2014_000000391825.jpg	2672	310055	346355	310388	346610	0.8951942371266475	0.00030214208918588614	0.10480576287335253	[.75,.9)
3870	public6:2_970_14	official6	2	14	val2014/COCO_val2014_000000176847.jpg	val2014/COCO_val2014_000000509719.jpg	2673	45018	55438	45486	54888	0.8120422814675854	0.016663446560398865	0.1879577185324146	[.75,.9)
3871	public6:2_971_34	official6	2	34	val2014/COCO_val2014_000000307703.jpg	val2014/COCO_val2014_000000415727.jpg	323	15581	18877	15910	18598	0.8253959845314404	0.030072345396508826	0.17460401546855964	[.75,.9)
3872	public6:2_972_34	official6	2	34	val2014/COCO_val2014_000000130865.jpg	val2014/COCO_val2014_000000542792.jpg	325	8171	9928	8736	10590	0.8230257856567285	0.0019033928135264722	0.17697421434327154	[.75,.9)
3873	public6:2_973_74	official6	2	74	val2014/COCO_val2014_000000490012.jpg	val2014/COCO_val2014_000000515820.jpg	1653	8552	16000	8772	10742	0.5345	0.2821077080618135	0.4655	[.5,.75)
3874	public6:2_974_42	official6	2	42	val2014/COCO_val2014_000000386164.jpg	val2014/COCO_val2014_000000328838.jpg	2674	39688	331810	41440	327100	0.11961062053584882	0.007078465370601791	0.8803893794641512	[0,.25)
3875	public6:2_975_2	official6	2	2	val2014/COCO_val2014_000000041633.jpg	val2014/COCO_val2014_000000086439.jpg	2675	9915	182103	9821	99020	0.05444720844796626	0.0447347749897231	0.9455527915520338	[0,.25)
3876	public6:2_976_78	official6	2	78	val2014/COCO_val2014_000000116466.jpg	val2014/COCO_val2014_000000123125.jpg	306	30356	35088	28677	35991	0.8651390788873689	-0.06835654992179407	0.13486092111263115	[.75,.9)
3877	public6:2_977_34	official6	2	34	val2014/COCO_val2014_000000131089.jpg	val2014/COCO_val2014_000000508787.jpg	2676	12694	14174	13440	15738	0.895583462678143	-0.041599474877914266	0.10441653732185696	[.75,.9)
3878	public6:2_978_38	official6	2	38	val2014/COCO_val2014_000000224702.jpg	val2014/COCO_val2014_000000063595.jpg	2677	76030	83709	75788	84382	0.9082655389504115	-0.01011190428899078	0.09173446104958849	[.9,1]
3879	public6:2_979_74	official6	2	74	val2014/COCO_val2014_000000256407.jpg	val2014/COCO_val2014_000000032812.jpg	1704	79546	183826	79095	183799	0.43272442418373896	-0.0023902003849152753	0.5672755758162611	[.25,.5)
3880	public6:2_980_14	official6	2	14	val2014/COCO_val2014_000000438221.jpg	val2014/COCO_val2014_000000363812.jpg	2678	185279	206467	192928	208410	0.8973782735255513	0.02833546381910579	0.10262172647444867	[.75,.9)
3881	public6:2_981_62	official6	2	62	val2014/COCO_val2014_000000349918.jpg	val2014/COCO_val2014_000000472080.jpg	1656	74014	130521	54630	131080	0.5670658361489722	-0.1502974504303271	0.4329341638510278	[.5,.75)
3882	public6:2_982_22	official6	2	22	val2014/COCO_val2014_000000134167.jpg	val2014/COCO_val2014_000000528011.jpg	2679	34394	42514	36450	43665	0.8090040927694406	0.02576059290558519	0.19099590723055937	[.75,.9)
3883	public6:2_983_30	official6	2	30	val2014/COCO_val2014_000000110156.jpg	val2014/COCO_val2014_000000335041.jpg	2063	13196	60821	13900	48454	0.21696453527564494	0.06990548577524872	0.783035464724355	[0,.25)
3884	public6:2_984_30	official6	2	30	val2014/COCO_val2014_000000466602.jpg	val2014/COCO_val2014_000000245182.jpg	1325	22333	38541	22859	37325	0.5794608339171272	0.03297051236552517	0.4205391660828728	[.5,.75)
3885	public6:2_985_10	official6	2	10	val2014/COCO_val2014_000000386958.jpg	val2014/COCO_val2014_000000088848.jpg	2680	144025	165510	144814	166420	0.8701891124403359	-1.725809590613636e-05	0.12981088755966408	[.75,.9)
3886	public6:2_986_2	official6	2	2	val2014/COCO_val2014_000000078537.jpg	val2014/COCO_val2014_000000527846.jpg	2681	14374	53960	14736	61332	0.26638250555967385	-0.026116412818527307	0.7336174944403262	[.25,.5)
3887	public6:2_987_34	official6	2	34	val2014/COCO_val2014_000000334083.jpg	val2014/COCO_val2014_000000196007.jpg	809	26950	31053	28402	33261	0.8678710591569253	-0.013958067966041043	0.1321289408430747	[.75,.9)
3888	public6:2_988_14	official6	2	14	val2014/COCO_val2014_000000111590.jpg	val2014/COCO_val2014_000000170849.jpg	2682	34270	40260	35306	40738	0.851217088922007	0.01544303184975404	0.14878291107799302	[.75,.9)
3889	public6:2_989_46	official6	2	46	val2014/COCO_val2014_000000575916.jpg	val2014/COCO_val2014_000000466787.jpg	469	40368	44908	42977	47494	0.8989044268281821	0.005988822845460984	0.10109557317181794	[.75,.9)
3890	public6:2_990_66	official6	2	66	val2014/COCO_val2014_000000217269.jpg	val2014/COCO_val2014_000000211260.jpg	2683	42898	83125	41685	56361	0.5160661654135338	0.22354100976078883	0.4839338345864662	[.5,.75)
3891	public6:2_991_70	official6	2	70	val2014/COCO_val2014_000000337354.jpg	val2014/COCO_val2014_000000173008.jpg	48	11419	26521	0	24534	0.4305644583537574	-0.4305644583537574	0.5694355416462427	[.25,.5)
3892	public6:2_992_30	official6	2	30	val2014/COCO_val2014_000000334185.jpg	val2014/COCO_val2014_000000540807.jpg	2684	19251	40459	21366	38236	0.4758150226154873	0.08297773813354498	0.5241849773845126	[.25,.5)
3893	public6:2_993_18	official6	2	18	val2014/COCO_val2014_000000579885.jpg	val2014/COCO_val2014_000000395388.jpg	2685	177345	205493	172717	205906	0.8630220980763335	-0.024207299090388434	0.13697790192366655	[.75,.9)
3894	public6:2_994_74	official6	2	74	val2014/COCO_val2014_000000524577.jpg	val2014/COCO_val2014_000000155051.jpg	1681	13314	18593	13417	18671	0.7160759425590276	0.0025250964854799385	0.2839240574409724	[.5,.75)
3895	public6:2_995_66	official6	2	66	val2014/COCO_val2014_000000544451.jpg	val2014/COCO_val2014_000000113556.jpg	2686	69778	86138	70223	80965	0.8100722097100003	0.05725317780312267	0.18992779028999973	[.75,.9)
3896	public6:2_996_62	official6	2	62	val2014/COCO_val2014_000000550713.jpg	val2014/COCO_val2014_000000471816.jpg	2687	35167	44534	35169	39085	0.7896663223604437	0.110141788167892	0.21033367763955635	[.75,.9)
3897	public6:2_997_78	official6	2	78	val2014/COCO_val2014_000000454543.jpg	val2014/COCO_val2014_000000293133.jpg	306	6941	15767	6916	14183	0.4402232510940572	0.047402780070012474	0.5597767489059429	[.25,.5)
3898	public6:2_998_50	official6	2	50	val2014/COCO_val2014_000000294605.jpg	val2014/COCO_val2014_000000200627.jpg	2688	112905	123241	112985	122425	0.9161318067850797	0.006759759479980532	0.08386819321492034	[.9,1]
3899	public6:2_999_70	official6	2	70	val2014/COCO_val2014_000000564283.jpg	val2014/COCO_val2014_000000325505.jpg	48	13630	18379	13072	18716	0.7416072691658958	-0.043167431593765015	0.2583927308341042	[.5,.75)
3900	public6:3_900_55	official6	3	55	val2014/COCO_val2014_000000446359.jpg	val2014/COCO_val2014_000000443512.jpg	2689	29200	34036	29449	32769	0.8579151486661182	0.04076958385547236	0.14208485133388182	[.75,.9)
3901	public6:3_901_59	official6	3	59	val2014/COCO_val2014_000000327413.jpg	val2014/COCO_val2014_000000385997.jpg	2690	0	163043	0	160051	0.0	0.0	1.0	[0,.25)
3902	public6:3_902_27	official6	3	27	val2014/COCO_val2014_000000354507.jpg	val2014/COCO_val2014_000000119876.jpg	2691	7853	432536	7887	437894	0.018155714206447557	-0.00014450601451069384	0.9818442857935524	[0,.25)
3903	public6:3_903_27	official6	3	27	val2014/COCO_val2014_000000189504.jpg	val2014/COCO_val2014_000000466392.jpg	2692	136828	404698	138185	379765	0.3380990269287222	0.0257707346343497	0.6619009730712778	[.25,.5)
3904	public6:3_904_71	official6	3	71	val2014/COCO_val2014_000000513064.jpg	val2014/COCO_val2014_000000255401.jpg	2693	70674	117200	70696	97425	0.6030204778156997	0.12262489041627367	0.3969795221843003	[.5,.75)
3905	public6:3_905_47	official6	3	47	val2014/COCO_val2014_000000322175.jpg	val2014/COCO_val2014_000000429281.jpg	942	184063	587515	184675	638527	0.3132907244921406	-0.02407037828908265	0.6867092755078594	[.25,.5)
3906	public6:3_906_51	official6	3	51	val2014/COCO_val2014_000000385036.jpg	val2014/COCO_val2014_000000066632.jpg	915	19460	60677	19264	57089	0.3207146035565371	0.01672343179177871	0.6792853964434629	[.25,.5)
3907	public6:3_907_23	official6	3	23	val2014/COCO_val2014_000000170250.jpg	val2014/COCO_val2014_000000508291.jpg	2694	189486	237499	192193	243125	0.7978391487964159	-0.007328094811840047	0.20216085120358407	[.75,.9)
3908	public6:3_908_59	official6	3	59	val2014/COCO_val2014_000000057812.jpg	val2014/COCO_val2014_000000190637.jpg	968	273316	524522	279991	546720	0.5210763323559355	-0.008947637594448832	0.47892366764406447	[.5,.75)
3909	public6:3_909_3	official6	3	3	val2014/COCO_val2014_000000565635.jpg	val2014/COCO_val2014_000000262161.jpg	2695	14149	44887	13919	45163	0.3152137589948092	-0.0070189977964831285	0.6847862410051908	[.25,.5)
3910	public6:3_910_3	official6	3	3	val2014/COCO_val2014_000000008211.jpg	val2014/COCO_val2014_000000090738.jpg	2696	7986	44366	4640	36868	0.180002704773926	-0.054148305294702825	0.819997295226074	[0,.25)
3911	public6:3_911_31	official6	3	31	val2014/COCO_val2014_000000338291.jpg	val2014/COCO_val2014_000000216050.jpg	951	12144	72766	12720	76636	0.16689113047302312	-0.0009116952206613127	0.8331088695269768	[0,.25)
3912	public6:3_912_63	official6	3	63	val2014/COCO_val2014_000000302643.jpg	val2014/COCO_val2014_000000534081.jpg	2697	152796	166639	150083	165091	0.9169282100828737	-0.007835649010495493	0.08307178991712627	[.9,1]
3913	public6:3_913_51	official6	3	51	val2014/COCO_val2014_000000139490.jpg	val2014/COCO_val2014_000000075319.jpg	2698	10168	63544	11074	61501	0.16001510764194887	0.02004700516922492	0.8399848923580511	[0,.25)
3914	public6:3_914_23	official6	3	23	val2014/COCO_val2014_000000178796.jpg	val2014/COCO_val2014_000000451940.jpg	2699	62746	84414	61883	84659	0.7433127206387566	-0.012344955841156913	0.25668727936124336	[.5,.75)
3915	public6:3_915_67	official6	3	67	val2014/COCO_val2014_000000133933.jpg	val2014/COCO_val2014_000000412407.jpg	2468	3221	55701	3241	60854	0.05782660993518968	-0.004567990945476594	0.9421733900648104	[0,.25)
3916	public6:3_916_23	official6	3	23	val2014/COCO_val2014_000000451940.jpg	val2014/COCO_val2014_000000108088.jpg	2699	76969	88032	78212	89783	0.8743297891675754	-0.0032071935759823145	0.12567021083242458	[.75,.9)
3917	public6:3_917_11	official6	3	11	val2014/COCO_val2014_000000016076.jpg	val2014/COCO_val2014_000000202329.jpg	2129	15792	27812	15946	18777	0.5678124550553718	0.28141798644220506	0.4321875449446282	[.5,.75)
3918	public6:3_918_67	official6	3	67	val2014/COCO_val2014_000000290734.jpg	val2014/COCO_val2014_000000572210.jpg	2447	31582	36142	31446	35617	0.8738309999446627	0.009062000588790364	0.12616900005533727	[.75,.9)
3919	public6:3_919_31	official6	3	31	val2014/COCO_val2014_000000194754.jpg	val2014/COCO_val2014_000000433554.jpg	2367	22128	31712	22331	33042	0.6977800201816348	-0.021943206429440587	0.30221997981836524	[.5,.75)
3920	public6:3_920_39	official6	3	39	val2014/COCO_val2014_000000255912.jpg	val2014/COCO_val2014_000000294035.jpg	1906	33581	42880	32557	43193	0.7831389925373134	-0.029382596825045293	0.21686100746268655	[.75,.9)
3921	public6:3_921_27	official6	3	27	val2014/COCO_val2014_000000262460.jpg	val2014/COCO_val2014_000000067315.jpg	2700	127454	132193	128568	132255	0.9641509005771863	0.007971136396841105	0.03584909942281367	[.9,1]
3922	public6:3_922_75	official6	3	75	val2014/COCO_val2014_000000456145.jpg	val2014/COCO_val2014_000000210520.jpg	2701	138809	241216	137432	240947	0.5754551936853277	-0.005072495415583744	0.4245448063146723	[.5,.75)
3923	public6:3_923_27	official6	3	27	val2014/COCO_val2014_000000337180.jpg	val2014/COCO_val2014_000000457631.jpg	2134	85221	96674	84579	96819	0.8815296770589818	-0.00795114391982521	0.11847032294101822	[.75,.9)
3924	public6:3_924_67	official6	3	67	val2014/COCO_val2014_000000234341.jpg	val2014/COCO_val2014_000000476731.jpg	530	6999	36535	6928	33254	0.19156972765840974	0.01676611163911837	0.8084302723415903	[0,.25)
3925	public6:3_925_75	official6	3	75	val2014/COCO_val2014_000000267231.jpg	val2014/COCO_val2014_000000323507.jpg	2702	86975	284390	98790	268651	0.3058300221526777	0.06189613557612289	0.6941699778473223	[.25,.5)
3926	public6:3_926_79	official6	3	79	val2014/COCO_val2014_000000217561.jpg	val2014/COCO_val2014_000000336431.jpg	58	16241	26620	16819	28902	0.6101051840721262	-0.028173137846951524	0.3898948159278738	[.5,.75)
3927	public6:3_927_35	official6	3	35	val2014/COCO_val2014_000000520528.jpg	val2014/COCO_val2014_000000337233.jpg	1779	16721	20816	18330	22966	0.8032763259031515	-0.005139950391525594	0.19672367409684854	[.75,.9)
3928	public6:3_928_79	official6	3	79	val2014/COCO_val2014_000000328091.jpg	val2014/COCO_val2014_000000397069.jpg	2143	7447	17551	8378	18109	0.4243063073329155	0.03833657742052199	0.5756936926670845	[.25,.5)
3929	public6:3_929_39	official6	3	39	val2014/COCO_val2014_000000032645.jpg	val2014/COCO_val2014_000000051054.jpg	2066	7874	36327	8053	34463	0.21675337902937208	0.016917514392558675	0.7832466209706279	[0,.25)
3930	public6:3_930_51	official6	3	51	val2014/COCO_val2014_000000543330.jpg	val2014/COCO_val2014_000000271888.jpg	2703	71925	160030	72517	121290	0.44944697869149536	0.14843413269443922	0.5505530213085046	[.25,.5)
3931	public6:3_931_51	official6	3	51	val2014/COCO_val2014_000000368291.jpg	val2014/COCO_val2014_000000123321.jpg	407	300747	411003	302876	421056	0.7317391843855154	-0.012414438983478604	0.26826081561448456	[.5,.75)
3932	public6:3_932_39	official6	3	39	val2014/COCO_val2014_000000525202.jpg	val2014/COCO_val2014_000000108904.jpg	506	0	37920	0	35062	0.0	0.0	1.0	[0,.25)
3933	public6:3_933_39	official6	3	39	val2014/COCO_val2014_000000483401.jpg	val2014/COCO_val2014_000000144438.jpg	977	14445	54639	12576	32549	0.26437160270136717	0.12199971438978768	0.7356283972986328	[.25,.5)
3934	public6:3_934_3	official6	3	3	val2014/COCO_val2014_000000498460.jpg	val2014/COCO_val2014_000000213687.jpg	2704	34407	54247	46352	54921	0.6342654893358158	0.20971040330998447	0.36573451066418416	[.5,.75)
3935	public6:3_935_55	official6	3	55	val2014/COCO_val2014_000000013605.jpg	val2014/COCO_val2014_000000376295.jpg	921	286892	711817	294118	711811	0.40304179304512255	0.010154968454769986	0.5969582069548774	[.25,.5)
3936	public6:3_936_55	official6	3	55	val2014/COCO_val2014_000000173383.jpg	val2014/COCO_val2014_000000347936.jpg	2705	66916	226296	63663	228172	0.29570120550076007	-0.01668800493276751	0.7042987944992399	[.25,.5)
3937	public6:3_937_7	official6	3	7	val2014/COCO_val2014_000000217383.jpg	val2014/COCO_val2014_000000033759.jpg	2706	105068	309510	56762	308688	0.3394656069270783	-0.15558414733033335	0.6605343930729217	[.25,.5)
3938	public6:3_938_43	official6	3	43	val2014/COCO_val2014_000000301718.jpg	val2014/COCO_val2014_000000510117.jpg	2707	16578	24355	14438	23614	0.6806815848901663	-0.06926462884714091	0.3193184151098337	[.5,.75)
3939	public6:3_939_79	official6	3	79	val2014/COCO_val2014_000000361815.jpg	val2014/COCO_val2014_000000226542.jpg	940	53477	62557	51326	61768	0.8548523746343335	-0.023904310912017723	0.1451476253656665	[.75,.9)
3940	public6:3_940_51	official6	3	51	val2014/COCO_val2014_000000500110.jpg	val2014/COCO_val2014_000000528875.jpg	2437	54411	79169	55608	80074	0.6872765855322159	0.007181041163090929	0.31272341446778407	[.5,.75)
3941	public6:3_941_27	official6	3	27	val2014/COCO_val2014_000000189436.jpg	val2014/COCO_val2014_000000522194.jpg	671	28811	33762	29591	34807	0.8533558438481132	-0.003210758089501442	0.14664415615188675	[.75,.9)
3942	public6:3_942_11	official6	3	11	val2014/COCO_val2014_000000553678.jpg	val2014/COCO_val2014_000000025550.jpg	248	12711	14512	12907	14936	0.8758958103638368	-0.01174208781429209	0.12410418963616321	[.75,.9)
3943	public6:3_943_55	official6	3	55	val2014/COCO_val2014_000000339413.jpg	val2014/COCO_val2014_000000499779.jpg	2708	11178	186108	11256	162830	0.0600618995422013	0.009065411149931604	0.9399381004577987	[0,.25)
3944	public6:3_944_23	official6	3	23	val2014/COCO_val2014_000000490741.jpg	val2014/COCO_val2014_000000561208.jpg	517	69777	95279	66537	94324	0.732343958269923	-0.02693494253691764	0.26765604173007695	[.5,.75)
3945	public6:3_945_35	official6	3	35	val2014/COCO_val2014_000000358019.jpg	val2014/COCO_val2014_000000361763.jpg	514	17690	20131	18056	21066	0.878744225324127	-0.021628493813636185	0.12125577467587301	[.75,.9)
3946	public6:3_946_31	official6	3	31	val2014/COCO_val2014_000000118564.jpg	val2014/COCO_val2014_000000184358.jpg	515	29066	34654	29555	32409	0.8387487735903503	0.07318926831159056	0.16125122640964973	[.75,.9)
3947	public6:3_947_55	official6	3	55	val2014/COCO_val2014_000000093601.jpg	val2014/COCO_val2014_000000563261.jpg	242	75618	98218	77510	102423	0.7698996110692541	-0.013135993522414013	0.2301003889307459	[.75,.9)
3948	public6:3_948_3	official6	3	3	val2014/COCO_val2014_000000291634.jpg	val2014/COCO_val2014_000000361382.jpg	2166	182658	288825	184283	307558	0.6324175538821085	-0.03323626124787371	0.3675824461178915	[.5,.75)
3949	public6:3_949_75	official6	3	75	val2014/COCO_val2014_000000491098.jpg	val2014/COCO_val2014_000000098514.jpg	2709	5754	8027	6053	8030	0.7168306963996511	0.03696756013833147	0.28316930360034887	[.5,.75)
3950	public6:3_950_7	official6	3	7	val2014/COCO_val2014_000000505967.jpg	val2014/COCO_val2014_000000004093.jpg	2710	4963	29392	2406	28465	0.16885547087642896	-0.08433061579123663	0.8311445291235711	[0,.25)
3951	public6:3_951_67	official6	3	67	val2014/COCO_val2014_000000275585.jpg	val2014/COCO_val2014_000000075696.jpg	1759	15583	27002	13143	18117	0.5771053996000296	0.14834583404792534	0.4228946003999704	[.5,.75)
3952	public6:3_952_3	official6	3	3	val2014/COCO_val2014_000000335670.jpg	val2014/COCO_val2014_000000268259.jpg	2711	78	120829	14	111828	0.0006455403917933609	-0.0005203481322519222	0.9993544596082067	[0,.25)
3953	public6:3_953_3	official6	3	3	val2014/COCO_val2014_000000242870.jpg	val2014/COCO_val2014_000000085187.jpg	2712	60756	68923	61216	68544	0.8815054481087591	0.011585121452398761	0.11849455189124092	[.75,.9)
3954	public6:3_954_51	official6	3	51	val2014/COCO_val2014_000000236607.jpg	val2014/COCO_val2014_000000373577.jpg	711	10936	41741	10414	36535	0.26199659806904485	0.023045142727451673	0.7380034019309551	[.25,.5)
3955	public6:3_955_51	official6	3	51	val2014/COCO_val2014_000000313562.jpg	val2014/COCO_val2014_000000180202.jpg	599	51621	56235	51770	58380	0.9179514537209923	-0.031175160469878893	0.0820485462790077	[.9,1]
3956	public6:3_956_7	official6	3	7	val2014/COCO_val2014_000000295403.jpg	val2014/COCO_val2014_000000528951.jpg	2713	4	217321	0	203718	1.840595248503366e-05	-1.840595248503366e-05	0.999981594047515	[0,.25)
3957	public6:3_957_55	official6	3	55	val2014/COCO_val2014_000000051289.jpg	val2014/COCO_val2014_000000297396.jpg	70	104028	113382	104233	114434	0.9175001322961317	-0.0066432191409505625	0.0824998677038683	[.9,1]
3958	public6:3_958_15	official6	3	15	val2014/COCO_val2014_000000450247.jpg	val2014/COCO_val2014_000000446409.jpg	2714	13645	254862	13364	255604	0.05353877784840423	-0.0012547760330961777	0.9464612221515958	[0,.25)
3959	public6:3_959_35	official6	3	35	val2014/COCO_val2014_000000558242.jpg	val2014/COCO_val2014_000000483587.jpg	1310	9942	30333	8148	30776	0.32776184353674215	-0.06301008892275722	0.6722381564632578	[.25,.5)
3960	public6:3_960_35	official6	3	35	val2014/COCO_val2014_000000305195.jpg	val2014/COCO_val2014_000000461334.jpg	502	14478	18456	14820	19398	0.7844603381014305	-0.02046404982428851	0.21553966189856955	[.75,.9)
3961	public6:3_961_63	official6	3	63	val2014/COCO_val2014_000000367569.jpg	val2014/COCO_val2014_000000539694.jpg	2715	119	39440	0	36989	0.003017241379310345	-0.003017241379310345	0.9969827586206896	[0,.25)
3962	public6:3_962_39	official6	3	39	val2014/COCO_val2014_000000064152.jpg	val2014/COCO_val2014_000000112269.jpg	1074	5768	20710	3277	19963	0.278512795750845	-0.11435911143486041	0.721487204249155	[.25,.5)
3963	public6:3_963_11	official6	3	11	val2014/COCO_val2014_000000532159.jpg	val2014/COCO_val2014_000000114327.jpg	2716	43448	45276	44317	46320	0.9596254086050005	-0.0028680683632043014	0.04037459139499955	[.9,1]
3964	public6:3_964_23	official6	3	23	val2014/COCO_val2014_000000012319.jpg	val2014/COCO_val2014_000000204930.jpg	2717	106448	135830	114051	138969	0.7836854892144592	0.03700833458797148	0.21631451078554076	[.75,.9)
3965	public6:3_965_51	official6	3	51	val2014/COCO_val2014_000000384523.jpg	val2014/COCO_val2014_000000225751.jpg	2718	146139	318360	147763	298263	0.45903693931398415	0.03637482815298293	0.5409630606860159	[.25,.5)
3966	public6:3_966_31	official6	3	31	val2014/COCO_val2014_000000573750.jpg	val2014/COCO_val2014_000000355513.jpg	2719	88521	102023	86960	101938	0.8676572929633514	-0.014589742099100578	0.13234270703664863	[.75,.9)
3967	public6:3_967_71	official6	3	71	val2014/COCO_val2014_000000441225.jpg	val2014/COCO_val2014_000000014282.jpg	2720	88142	148378	89799	151378	0.5940368518243945	-0.0008264777938219448	0.4059631481756055	[.5,.75)
3968	public6:3_968_23	official6	3	23	val2014/COCO_val2014_000000229753.jpg	val2014/COCO_val2014_000000094531.jpg	2721	111443	139524	114264	140329	0.7987371348298501	0.015520787623812371	0.2012628651701499	[.75,.9)
3969	public6:3_969_7	official6	3	7	val2014/COCO_val2014_000000309114.jpg	val2014/COCO_val2014_000000335241.jpg	2722	95714	181018	84646	180524	0.5287540465589058	-0.05986348353127513	0.4712459534410942	[.5,.75)
3970	public6:3_970_35	official6	3	35	val2014/COCO_val2014_000000491921.jpg	val2014/COCO_val2014_000000219690.jpg	514	7344	9470	7603	9765	0.7755015839493136	0.0030954462606198607	0.22449841605068643	[.75,.9)
3971	public6:3_971_7	official6	3	7	val2014/COCO_val2014_000000343481.jpg	val2014/COCO_val2014_000000391689.jpg	2723	310931	625391	260568	628721	0.4971785650896799	-0.08273718330030111	0.5028214349103202	[.25,.5)
3972	public6:3_972_55	official6	3	55	val2014/COCO_val2014_000000468203.jpg	val2014/COCO_val2014_000000111434.jpg	2724	92004	142494	93193	128104	0.6456692913385826	0.08180994428247523	0.35433070866141736	[.5,.75)
3973	public6:3_973_59	official6	3	59	val2014/COCO_val2014_000000367535.jpg	val2014/COCO_val2014_000000515850.jpg	2725	224807	595867	209063	595091	0.37727714406067125	-0.02596448767702575	0.6227228559393287	[.25,.5)
3974	public6:3_974_11	official6	3	11	val2014/COCO_val2014_000000529777.jpg	val2014/COCO_val2014_000000350214.jpg	2726	147081	171439	146773	173682	0.8579203098478176	-0.0128528877775973	0.14207969015218236	[.75,.9)
3975	public6:3_975_39	official6	3	39	val2014/COCO_val2014_000000533449.jpg	val2014/COCO_val2014_000000437180.jpg	2168	49491	60301	49529	60113	0.8207326578332035	0.003198937661947343	0.17926734216679652	[.75,.9)
3976	public6:3_976_55	official6	3	55	val2014/COCO_val2014_000000362331.jpg	val2014/COCO_val2014_000000295837.jpg	2727	63770	68308	64799	68638	0.9335656145693038	0.010503268556661505	0.06643438543069624	[.9,1]
3977	public6:3_977_23	official6	3	23	val2014/COCO_val2014_000000150726.jpg	val2014/COCO_val2014_000000263477.jpg	2728	109574	133642	111540	135793	0.8199069154906392	0.0014903583010879018	0.1800930845093608	[.75,.9)
3978	public6:3_978_47	official6	3	47	val2014/COCO_val2014_000000404758.jpg	val2014/COCO_val2014_000000558362.jpg	602	1447	74759	2670	69742	0.01935552910017523	0.018928431784227286	0.9806444708998248	[0,.25)
3979	public6:3_979_3	official6	3	3	val2014/COCO_val2014_000000205002.jpg	val2014/COCO_val2014_000000462756.jpg	2729	192258	260508	199283	257424	0.738011884471878	0.03613116357337032	0.26198811552812196	[.5,.75)
3980	public6:3_980_75	official6	3	75	val2014/COCO_val2014_000000294689.jpg	val2014/COCO_val2014_000000343445.jpg	487	5142	24850	4915	20272	0.2069215291750503	0.03553111486599153	0.7930784708249496	[0,.25)
3981	public6:3_981_35	official6	3	35	val2014/COCO_val2014_000000109118.jpg	val2014/COCO_val2014_000000126226.jpg	903	16441	18210	16449	18016	0.9028555738605162	0.010166184576428705	0.09714442613948382	[.9,1]
3982	public6:3_982_23	official6	3	23	val2014/COCO_val2014_000000008128.jpg	val2014/COCO_val2014_000000130619.jpg	2730	203738	223424	215106	224877	0.9118895015754798	0.04466007886182599	0.08811049842452023	[.9,1]
3983	public6:3_983_67	official6	3	67	val2014/COCO_val2014_000000042528.jpg	val2014/COCO_val2014_000000562848.jpg	2731	52381	56586	53015	56938	0.9256883328031669	0.005412162472396065	0.07431166719683313	[.9,1]
3984	public6:3_984_15	official6	3	15	val2014/COCO_val2014_000000419008.jpg	val2014/COCO_val2014_000000116825.jpg	920	183621	237067	184795	242201	0.7745531853864097	-0.01157119935001849	0.22544681461359029	[.75,.9)
3985	public6:3_985_63	official6	3	63	val2014/COCO_val2014_000000517967.jpg	val2014/COCO_val2014_000000356528.jpg	2732	55491	65563	61879	66679	0.8463767673840429	0.08163655015221294	0.15362323261595712	[.75,.9)
3986	public6:3_986_59	official6	3	59	val2014/COCO_val2014_000000222146.jpg	val2014/COCO_val2014_000000319935.jpg	965	54149	105087	48736	103560	0.5152778174274648	-0.044671405685479504	0.4847221825725352	[.5,.75)
3987	public6:3_987_7	official6	3	7	val2014/COCO_val2014_000000242570.jpg	val2014/COCO_val2014_000000110784.jpg	2733	100280	320192	106810	312523	0.3131870877473516	0.028579758212785744	0.6868129122526484	[.25,.5)
3988	public6:3_988_27	official6	3	27	val2014/COCO_val2014_000000460683.jpg	val2014/COCO_val2014_000000222430.jpg	451	82984	113305	81259	114274	0.7323948634217378	-0.02130572678523257	0.26760513657826224	[.5,.75)
3989	public6:3_989_19	official6	3	19	val2014/COCO_val2014_000000298830.jpg	val2014/COCO_val2014_000000229221.jpg	2734	250370	279668	247118	280811	0.895240070369152	-0.015224686356417494	0.10475992963084801	[.75,.9)
3990	public6:3_990_27	official6	3	27	val2014/COCO_val2014_000000077997.jpg	val2014/COCO_val2014_000000056129.jpg	2735	75	60934	0	67122	0.0012308399251649326	-0.0012308399251649326	0.9987691600748351	[0,.25)
3991	public6:3_991_35	official6	3	35	val2014/COCO_val2014_000000428881.jpg	val2014/COCO_val2014_000000270815.jpg	2736	62187	67843	62220	67618	0.9166310452073169	0.003538140512461929	0.08336895479268314	[.9,1]
3992	public6:3_992_23	official6	3	23	val2014/COCO_val2014_000000208494.jpg	val2014/COCO_val2014_000000571925.jpg	2737	567488	614679	568393	622431	0.9232265946941411	-0.010044249984446418	0.07677340530585886	[.9,1]
3993	public6:3_993_35	official6	3	35	val2014/COCO_val2014_000000427518.jpg	val2014/COCO_val2014_000000259037.jpg	2738	21964	23182	22143	23850	0.9474592356138383	-0.019031562657863432	0.05254076438616173	[.9,1]
3994	public6:3_994_67	official6	3	67	val2014/COCO_val2014_000000303672.jpg	val2014/COCO_val2014_000000536602.jpg	2552	174322	199773	170035	199854	0.8726004014556522	-0.021804320316420545	0.1273995985443478	[.75,.9)
3995	public6:3_995_79	official6	3	79	val2014/COCO_val2014_000000063478.jpg	val2014/COCO_val2014_000000241319.jpg	58	14398	20585	14623	21249	0.6994413407821229	-0.011267779673364897	0.30055865921787706	[.5,.75)
3996	public6:3_996_75	official6	3	75	val2014/COCO_val2014_000000056443.jpg	val2014/COCO_val2014_000000086800.jpg	2739	71278	76816	71622	77707	0.927905644657363	-0.00621261828908215	0.07209435534263697	[.9,1]
3997	public6:3_997_51	official6	3	51	val2014/COCO_val2014_000000245242.jpg	val2014/COCO_val2014_000000505911.jpg	25	68489	76515	70446	81007	0.8951055348624453	-0.025476984243362977	0.10489446513755474	[.75,.9)
3998	public6:3_998_3	official6	3	3	val2014/COCO_val2014_000000409970.jpg	val2014/COCO_val2014_000000566278.jpg	2740	249522	309751	254434	309301	0.805556721366517	0.017052969517120653	0.19444327863348299	[.75,.9)
3999	public6:3_999_15	official6	3	15	val2014/COCO_val2014_000000385139.jpg	val2014/COCO_val2014_000000346112.jpg	2741	247700	271151	248815	283671	0.9135131347477974	-0.03638787344156591	0.08648686525220262	[.9,1]
